{"type":"FeatureCollection","osm":{"attribution":"© OpenStreetMap contributors","license":"ODbL-1.0","license_url":"https://opendatacommons.org/licenses/odbl/1-0/","source":"https://overpass-api.de/api/interpreter","query":"[out:json][timeout:90];\n(\n  way[\"landuse\"~\"^(farmland|meadow|orchard|forest|residential|commercial|industrial|retail|reservoir|basin)$\"](51.972,5.397,52.038,5.503);\n  relation[\"landuse\"~\"^(farmland|meadow|orchard|forest|residential|commercial|industrial|retail|reservoir|basin)$\"][\"type\"=\"multipolygon\"](51.972,5.397,52.038,5.503);\n  way[\"natural\"~\"^(water|wood)$\"](51.972,5.397,52.038,5.503);\n  relation[\"natural\"~\"^(water|wood)$\"][\"type\"=\"multipolygon\"](51.972,5.397,52.038,5.503);\n);\nout geom;","timestamp_osm_base":"2026-10-04T10:53:06Z"},"features":[{"type":"Feature","properties":{"class":"built_up"},"geometry":{"type":"Polygon","coordinates":[[[5.42782,52.00415],[5.42793,52.00524],[5.42747,52.00543],[5.42717,52.00528],[5.4263,52.00579],[5.42532,52.00515],[5.42387,52.00582],[5.42358,52.00614],[5.42533,52.00721],[5.42344,52.00785],[5.4227,52.00702],[5.42063,52.00763],[5.42012,52.00843],[5.42029,52.00907],[5.41914,52.00951],[5.4167,52.00822],[5.41482,52.00934],[5.41658,52.01042],[5.41478,52.01116],[5.41393,52.01174],[5.41458,52.01213],[5.41528,52.01453],[5.41535,52.01605],[5.41958,52.01491],[5.42265,52.01785],[5.42813,52.01741],[5.42878,52.01813],[5.43008,52.01803],[5.4302,52.01821],[5.43014,52.01979],[5.43182,52.01977],[5.43168,52.01816],[5.43238,52.01817],[5.43238,52.01789],[5.43299,52.01793],[5.433,52.01814],[5.43367,52.01812],[5.43706,52.01772],[5.44111,52.01668],[5.43933,52.01519],[5.43814,52.0158],[5.43632,52.01393],[5.43713,52.01366],[5.43688,52.01343],[5.43968,52.01223],[5.43838,52.01103],[5.44003,52.01038],[5.43805,52.00884],[5.43818,52.00873],[5.43808,52.00863],[5.43918,52.00793],[5.43948,52.00793],[5.4404,52.00859],[5.44098,52.00833],[5.44046,52.00791],[5.44079,52.00775],[5.44142,52.00824],[5.44183,52.00806],[5.44117,52.00758],[5.44146,52.00744],[5.44043,52.00658],[5.4401,52.00677],[5.43927,52.00622],[5.4383,52.00727],[5.43797,52.00739],[5.43715,52.00662],[5.43633,52.007],[5.43706,52.00767],[5.43644,52.00782],[5.43593,52.00714],[5.43482,52.0073],[5.43425,52.00722],[5.43385,52.00782],[5.43419,52.00802],[5.43278,52.00833],[5.43211,52.0083],[5.43108,52.00733],[5.43284,52.00687],[5.43129,52.00479],[5.43176,52.00443],[5.43043,52.00381],[5.42924,52.00434],[5.42831,52.00383],[5.42782,52.00415]]]}},{"type":"Feature","properties":{"class":"built_up"},"geometry":{"type":"Polygon","coordinates":[[[5.45143,51.99879],[5.45117,51.99858],[5.45088,51.99864],[5.45107,51.99854],[5.4506,51.99803],[5.44993,51.99826],[5.45111,51.99911],[5.44946,51.99939],[5.45025,52.00004],[5.44946,52.00051],[5.45597,52.00571],[5.4553,52.00586],[5.45542,52.00603],[5.45567,52.00597],[5.45604,52.00661],[5.45645,52.00657],[5.45607,52.00588],[5.4562,52.00568],[5.45662,52.00633],[5.4572,52.0063],[5.4576,52.007],[5.45793,52.00702],[5.45841,52.00781],[5.45901,52.00832],[5.46134,52.00807],[5.46175,52.00816],[5.46354,52.00765],[5.4651,52.00745],[5.46643,52.00643],[5.46643,52.0063],[5.46692,52.00656],[5.46831,52.00614],[5.46788,52.0057],[5.46864,52.00535],[5.46965,52.00421],[5.46964,52.00399],[5.46874,52.00274],[5.46684,52.00349],[5.4657,52.00238],[5.46842,52.0015],[5.46873,52.00165],[5.46984,52.00129],[5.46807,51.99943],[5.4672,51.9995],[5.46698,51.99935],[5.46657,51.99822],[5.46553,51.99821],[5.46544,51.99838],[5.46377,51.9982],[5.46308,51.9977],[5.4621,51.9974],[5.45993,51.99703],[5.45978,51.99738],[5.45597,51.99656],[5.45535,51.99661],[5.45536,51.99716],[5.45385,51.99775],[5.45297,51.99711],[5.4532,51.99698],[5.45355,51.99714],[5.45366,51.99686],[5.45247,51.99624],[5.45201,51.99647],[5.45274,51.99701],[5.45268,51.99716],[5.4531,51.99747],[5.45292,51.99763],[5.45331,51.99793],[5.45268,51.99835],[5.45284,51.99847],[5.45237,51.99873],[5.45218,51.99857],[5.45143,51.99879]]]}},{"type":"Feature","properties":{"class":"built_up"},"geometry":{"type":"Polygon","coordinates":[[[5.503,51.98301],[5.50144,51.98343],[5.50117,51.98313],[5.49672,51.98393],[5.4965,51.98376],[5.49379,51.98412],[5.4916,51.9846],[5.48998,51.98467],[5.49026,51.98518],[5.48717,51.98567],[5.48382,51.98688],[5.48152,51.98791],[5.48071,51.98867],[5.48008,51.98789],[5.47963,51.98803],[5.47979,51.98819],[5.47943,51.98833],[5.48064,51.98885],[5.48009,51.98915],[5.48032,51.98933],[5.47906,51.99011],[5.48032,51.99109],[5.48338,51.98831],[5.48421,51.98778],[5.48456,51.98764],[5.4849,51.98824],[5.4883,51.9878],[5.4883,51.9882],[5.48933,51.98803],[5.49083,51.9899],[5.49028,51.98994],[5.49045,51.99022],[5.49087,51.99016],[5.49104,51.99062],[5.49068,51.99066],[5.49078,51.99175],[5.49054,51.9918],[5.49093,51.99234],[5.49539,51.99137],[5.49503,51.99061],[5.49785,51.99017],[5.49992,51.98955],[5.50197,51.99267],[5.503,51.99244],[5.503,51.98301]]]}},{"type":"Feature","properties":{"class":"built_up"},"geometry":{"type":"Polygon","coordinates":[[[5.41629,52.02518],[5.4164,52.02578],[5.41755,52.02576],[5.41887,52.02242],[5.41653,52.02257],[5.41697,52.02517],[5.41629,52.02518]]]}},{"type":"Feature","properties":{"class":"built_up"},"geometry":{"type":"Polygon","coordinates":[[[5.47097,51.972],[5.46607,51.972],[5.4693,51.9739],[5.47097,51.972]]]}},{"type":"Feature","properties":{"class":"built_up"},"geometry":{"type":"Polygon","coordinates":[[[5.41486,52.03253],[5.41598,52.02958],[5.41487,52.02943],[5.41417,52.03129],[5.41456,52.03249],[5.41486,52.03253]]]}},{"type":"Feature","properties":{"class":"built_up"},"geometry":{"type":"Polygon","coordinates":[[[5.41793,52.02105],[5.41845,52.02187],[5.41914,52.02172],[5.41936,52.02069],[5.41914,52.01986],[5.41667,52.02059],[5.41693,52.02088],[5.41726,52.02079],[5.41793,52.02105]]]}},{"type":"Feature","properties":{"class":"built_up"},"geometry":{"type":"Polygon","coordinates":[[[5.50295,52.03704],[5.5021,52.0373],[5.49979,52.038],[5.503,52.038],[5.50295,52.03704]]]}},{"type":"Feature","properties":{"class":"built_up"},"geometry":{"type":"Polygon","coordinates":[[[5.47321,51.9984],[5.47234,51.99798],[5.47089,51.99878],[5.47177,51.9992],[5.47239,51.99863],[5.47279,51.99878],[5.47321,51.9984]]]}},{"type":"Feature","properties":{"class":"built_up"},"geometry":{"type":"Polygon","coordinates":[[[5.44608,51.97883],[5.44743,51.97904],[5.44818,51.9787],[5.4478,51.97841],[5.44653,51.97825],[5.44614,51.97846],[5.44604,51.97841],[5.44614,51.97829],[5.44595,51.97824],[5.44572,51.97856],[5.4461,51.97864],[5.44608,51.97883]]]}},{"type":"Feature","properties":{"class":"built_up"},"geometry":{"type":"Polygon","coordinates":[[[5.45443,51.97386],[5.45417,51.97326],[5.45267,51.97351],[5.45291,51.97411],[5.45443,51.97386]]]}},{"type":"Feature","properties":{"class":"built_up"},"geometry":{"type":"Polygon","coordinates":[[[5.45482,51.97247],[5.45623,51.97226],[5.45652,51.97256],[5.4569,51.97238],[5.45715,51.972],[5.45465,51.972],[5.45482,51.97247]]]}},{"type":"Feature","properties":{"class":"built_up"},"geometry":{"type":"Polygon","coordinates":[[[5.49774,51.97322],[5.4974,51.97334],[5.49823,51.97417],[5.49864,51.97436],[5.49894,51.97419],[5.49827,51.97338],[5.49801,51.97345],[5.49774,51.97322]]]}},{"type":"Feature","properties":{"class":"built_up"},"geometry":{"type":"Polygon","coordinates":[[[5.50231,52.0182],[5.503,52.01853],[5.503,52.01718],[5.50219,52.01772],[5.50259,52.018],[5.50231,52.0182]]]}},{"type":"Feature","properties":{"class":"built_up"},"geometry":{"type":"Polygon","coordinates":[[[5.43533,51.99216],[5.43451,51.99307],[5.43491,51.99319],[5.43544,51.99259],[5.43567,51.99267],[5.43594,51.9924],[5.43533,51.99216]]]}},{"type":"Feature","properties":{"class":"built_up"},"geometry":{"type":"Polygon","coordinates":[[[5.40998,51.99776],[5.40961,51.99794],[5.41036,51.99852],[5.4108,51.99835],[5.40998,51.99776]]]}},{"type":"Feature","properties":{"class":"built_up"},"geometry":{"type":"Polygon","coordinates":[[[5.4971,52.038],[5.49779,52.038],[5.49751,52.03741],[5.49689,52.0375],[5.4971,52.038]]]}},{"type":"Feature","properties":{"class":"built_up"},"geometry":{"type":"Polygon","coordinates":[[[5.4488,51.97594],[5.4482,51.97623],[5.44875,51.97654],[5.44936,51.97623],[5.4488,51.97594]]]}},{"type":"Feature","properties":{"class":"farmland"},"geometry":{"type":"Polygon","coordinates":[[[5.40085,51.97745],[5.40173,51.97637],[5.3997,51.9759],[5.397,51.97587],[5.397,51.98772],[5.39786,51.98779],[5.39929,51.98628],[5.39995,51.98653],[5.39869,51.98785],[5.39948,51.98792],[5.40313,51.98986],[5.40341,51.98957],[5.40366,51.9896],[5.40352,51.98955],[5.40618,51.9867],[5.40483,51.98618],[5.40719,51.98368],[5.40762,51.98322],[5.40899,51.98373],[5.40817,51.9846],[5.41119,51.98571],[5.40685,51.99038],[5.40752,51.99067],[5.40699,51.99133],[5.40662,51.99133],[5.40634,51.9917],[5.40676,51.99192],[5.40702,51.99157],[5.40758,51.99184],[5.40701,51.99207],[5.40763,51.99243],[5.40815,51.99189],[5.40861,51.99205],[5.40907,51.99181],[5.41079,51.99255],[5.4098,51.99361],[5.41157,51.9946],[5.41198,51.99418],[5.4123,51.99428],[5.41218,51.99443],[5.41252,51.99455],[5.41216,51.99493],[5.41336,51.99559],[5.4143,51.99462],[5.41493,51.99471],[5.41434,51.99531],[5.41482,51.9955],[5.41428,51.9961],[5.41456,51.99625],[5.41493,51.99588],[5.41531,51.99595],[5.41641,51.99634],[5.41648,51.99652],[5.41595,51.99706],[5.41635,51.99727],[5.42057,51.99278],[5.42127,51.99301],[5.42504,51.989],[5.42572,51.98925],[5.42607,51.98889],[5.42675,51.98911],[5.42663,51.98923],[5.42701,51.98939],[5.42683,51.98958],[5.42709,51.98969],[5.42684,51.99],[5.42751,51.99025],[5.42822,51.9895],[5.42956,51.99005],[5.42691,51.99287],[5.42856,51.99335],[5.43017,51.99163],[5.43085,51.9918],[5.43162,51.99101],[5.43254,51.99136],[5.43229,51.99167],[5.43243,51.9917],[5.43297,51.99112],[5.42878,51.98931],[5.42433,51.98797],[5.42385,51.98758],[5.423,51.98635],[5.42247,51.98494],[5.4214,51.98592],[5.42161,51.98606],[5.42127,51.98642],[5.42105,51.98635],[5.4209,51.98652],[5.42051,51.98638],[5.42147,51.98528],[5.42161,51.98534],[5.42121,51.98576],[5.42141,51.98582],[5.42243,51.9848],[5.42201,51.98369],[5.42027,51.98256],[5.41852,51.98215],[5.41771,51.98158],[5.41701,51.98141],[5.41411,51.97991],[5.41257,51.97858],[5.41099,51.97812],[5.40949,51.97963],[5.40989,51.97978],[5.40946,51.98026],[5.40956,51.9803],[5.40878,51.98084],[5.4084,51.98077],[5.40563,51.98369],[5.40833,51.98074],[5.40835,51.9805],[5.40804,51.98018],[5.40835,51.97984],[5.40883,51.97997],[5.40925,51.97954],[5.40943,51.97961],[5.41084,51.97809],[5.4101,51.9782],[5.40896,51.97796],[5.40785,51.97809],[5.40728,51.97781],[5.40729,51.97733],[5.40673,51.97762],[5.40656,51.97756],[5.40684,51.97724],[5.40182,51.97639],[5.40092,51.97741],[5.40114,51.97753],[5.40085,51.97745]],[[5.42034,51.9901],[5.42299,51.98725],[5.42312,51.98729],[5.42325,51.98753],[5.42075,51.99017],[5.42034,51.9901]],[[5.40182,51.97778],[5.40192,51.97766],[5.40168,51.97751],[5.40161,51.97717],[5.4018,51.97696],[5.40248,51.97739],[5.40205,51.97786],[5.40182,51.97778]],[[5.39819,51.97899],[5.39796,51.97934],[5.39773,51.97931],[5.39778,51.97943],[5.39735,51.97998],[5.39705,51.97986],[5.3979,51.97896],[5.39819,51.97899]],[[5.39955,51.97621],[5.39892,51.97696],[5.3977,51.97675],[5.39728,51.97725],[5.39707,51.97717],[5.39727,51.97692],[5.39711,51.97686],[5.39736,51.97659],[5.3973,51.97643],[5.39795,51.97603],[5.3984,51.97613],[5.39868,51.97596],[5.39955,51.97621]],[[5.40441,51.97719],[5.40485,51.97697],[5.40522,51.97708],[5.40478,51.97753],[5.40494,51.97781],[5.40525,51.97794],[5.40496,51.97828],[5.4047,51.97825],[5.40453,51.97847],[5.40438,51.97844],[5.40444,51.97821],[5.40419,51.97814],[5.40451,51.9778],[5.40307,51.97743],[5.40342,51.97705],[5.40441,51.97719]],[[5.40692,51.97848],[5.40738,51.97865],[5.407,51.97905],[5.4065,51.97898],[5.40673,51.97873],[5.40653,51.97865],[5.40692,51.97848]],[[5.40445,51.9815],[5.4046,51.98157],[5.40426,51.98157],[5.40456,51.98124],[5.40462,51.98124],[5.40445,51.9815]],[[5.40803,51.99126],[5.40804,51.99137],[5.40777,51.9916],[5.40775,51.99136],[5.40803,51.99126]],[[5.41473,51.9854],[5.41603,51.9859],[5.41629,51.98563],[5.41698,51.98588],[5.41946,51.98325],[5.41879,51.98305],[5.41888,51.98257],[5.4205,51.98308],[5.41486,51.98914],[5.41213,51.98817],[5.41473,51.9854]],[[5.41585,51.9818],[5.41693,51.98173],[5.41668,51.98203],[5.41691,51.98215],[5.41621,51.98284],[5.41443,51.98229],[5.41484,51.98187],[5.41558,51.98208],[5.41585,51.9818]],[[5.42228,51.98619],[5.42258,51.98672],[5.42179,51.98754],[5.42077,51.98719],[5.42166,51.98624],[5.42203,51.98635],[5.42228,51.98619]],[[5.42281,51.9884],[5.42264,51.98833],[5.42306,51.98787],[5.42351,51.98802],[5.42328,51.9883],[5.42337,51.98843],[5.42256,51.98921],[5.42216,51.98907],[5.42281,51.9884]],[[5.42442,51.9886],[5.42426,51.9889],[5.42446,51.98898],[5.42431,51.98916],[5.42311,51.98908],[5.42388,51.98827],[5.42442,51.9886]]]}},{"type":"Feature","properties":{"class":"farmland"},"geometry":{"type":"Polygon","coordinates":[[[5.40512,52.00065],[5.40173,52.00196],[5.40299,52.00269],[5.40232,52.00306],[5.402,52.00287],[5.4015,52.00319],[5.40027,52.00251],[5.40042,52.00282],[5.40139,52.00338],[5.40103,52.00359],[5.40121,52.00369],[5.40051,52.00413],[5.40186,52.00493],[5.40091,52.00522],[5.40201,52.007],[5.40244,52.00689],[5.40266,52.00718],[5.40449,52.00669],[5.40587,52.00733],[5.40793,52.01028],[5.40911,52.01091],[5.40864,52.01119],[5.40884,52.01131],[5.40967,52.01113],[5.40986,52.01064],[5.40919,52.01025],[5.41009,52.00968],[5.41084,52.01023],[5.41115,52.01005],[5.4108,52.01058],[5.41137,52.01091],[5.41115,52.01124],[5.41247,52.0116],[5.41234,52.01128],[5.41157,52.01106],[5.41192,52.01081],[5.41156,52.0106],[5.41181,52.01044],[5.413,52.01082],[5.41249,52.01129],[5.41266,52.01164],[5.41409,52.01173],[5.41471,52.01124],[5.41227,52.00976],[5.41268,52.0095],[5.41223,52.00908],[5.41122,52.00846],[5.41073,52.00855],[5.41104,52.0084],[5.41127,52.00842],[5.41181,52.00874],[5.41274,52.00946],[5.41305,52.00928],[5.4151,52.01055],[5.41475,52.01079],[5.41511,52.01104],[5.41683,52.01043],[5.41531,52.00967],[5.41594,52.00928],[5.41544,52.00899],[5.41591,52.0087],[5.41583,52.00842],[5.41648,52.00813],[5.41915,52.00954],[5.42051,52.00905],[5.41959,52.00847],[5.42016,52.0082],[5.41589,52.00583],[5.41522,52.00535],[5.41882,52.00738],[5.41976,52.00675],[5.42179,52.00788],[5.42293,52.00734],[5.41939,52.00539],[5.4195,52.00538],[5.42308,52.00735],[5.42388,52.00683],[5.41645,52.00267],[5.42336,52.00649],[5.424,52.00618],[5.42377,52.00605],[5.42411,52.00582],[5.42424,52.0059],[5.42429,52.00572],[5.42525,52.00528],[5.42644,52.00593],[5.42666,52.00579],[5.42655,52.0057],[5.42719,52.00533],[5.42745,52.00548],[5.42809,52.00525],[5.42868,52.00558],[5.42964,52.00518],[5.42825,52.00452],[5.42838,52.00444],[5.42779,52.00406],[5.42821,52.0039],[5.42712,52.00327],[5.42645,52.00366],[5.42599,52.00335],[5.42673,52.00309],[5.42209,52.00059],[5.42156,52.0009],[5.42143,52.00083],[5.4216,52.00068],[5.42143,52.00059],[5.42173,52.00039],[5.42146,52.00023],[5.41936,52.00101],[5.41879,52.00064],[5.42008,51.99976],[5.42038,51.99993],[5.42061,51.99976],[5.41753,51.99805],[5.41705,51.99839],[5.41671,51.9982],[5.41719,51.99786],[5.41695,51.99773],[5.41675,51.99787],[5.41652,51.99775],[5.41612,51.99788],[5.41473,51.99699],[5.41363,51.99741],[5.41404,51.99763],[5.41369,51.99783],[5.41325,51.99755],[5.41216,51.99797],[5.41305,51.99849],[5.41279,51.99866],[5.4115,51.99818],[5.40752,51.99972],[5.40969,52.00095],[5.40864,52.00157],[5.40906,52.00181],[5.40949,52.00205],[5.41061,52.00147],[5.41116,52.00178],[5.41067,52.00212],[5.41079,52.0022],[5.41052,52.0024],[5.41112,52.00277],[5.41077,52.00288],[5.40669,52.00055],[5.40585,52.00107],[5.40512,52.00065]]]}},{"type":"Feature","properties":{"class":"farmland"},"geometry":{"type":"Polygon","coordinates":[[[5.42819,51.99725],[5.42872,51.99673],[5.4306,51.99734],[5.42873,51.99926],[5.42857,51.99921],[5.43036,51.99736],[5.42931,51.99701],[5.42716,51.99928],[5.42725,51.99939],[5.42652,51.99904],[5.42815,51.9973],[5.42763,51.9971],[5.42369,52.00136],[5.42596,52.00261],[5.42793,52.00067],[5.42863,52.00096],[5.42655,52.0029],[5.4293,52.00445],[5.43044,52.00387],[5.43167,52.00445],[5.43096,52.00494],[5.43046,52.00469],[5.4301,52.00493],[5.42971,52.00473],[5.43006,52.00551],[5.43095,52.00602],[5.4315,52.0056],[5.43188,52.00579],[5.43182,52.00592],[5.43221,52.00613],[5.43177,52.0063],[5.43281,52.0069],[5.43378,52.00705],[5.43341,52.00684],[5.43412,52.00625],[5.4341,52.00605],[5.43506,52.0053],[5.4325,52.00397],[5.43513,52.00525],[5.43623,52.00432],[5.4354,52.00391],[5.43636,52.00427],[5.43415,52.0061],[5.43452,52.00641],[5.4349,52.00628],[5.43529,52.00659],[5.43413,52.00723],[5.43475,52.00757],[5.43515,52.00728],[5.43556,52.00726],[5.43591,52.00796],[5.4375,52.00756],[5.43704,52.00734],[5.43739,52.00704],[5.43624,52.00602],[5.43635,52.00597],[5.43798,52.0074],[5.43839,52.00721],[5.43932,52.00631],[5.44037,52.00479],[5.44038,52.00434],[5.43916,52.00356],[5.43873,52.00382],[5.43807,52.00324],[5.43823,52.00312],[5.438,52.00297],[5.43831,52.0028],[5.43969,52.00382],[5.44069,52.003],[5.43908,52.00205],[5.43958,52.00154],[5.43936,52.00124],[5.43169,51.99929],[5.42768,52.00307],[5.42733,52.00309],[5.4314,51.9993],[5.43187,51.9991],[5.43136,51.9989],[5.43151,51.99875],[5.43112,51.9986],[5.43233,51.99745],[5.43158,51.99715],[5.43597,51.99284],[5.43777,51.99336],[5.4382,51.99296],[5.43673,51.99266],[5.43303,51.99114],[5.4327,51.99149],[5.43283,51.99156],[5.43056,51.99399],[5.43238,51.99458],[5.43115,51.99425],[5.43084,51.99453],[5.4305,51.99442],[5.42997,51.99499],[5.42969,51.9949],[5.429,51.99547],[5.42905,51.99558],[5.42767,51.99704],[5.42819,51.99725]],[[5.43491,51.99319],[5.43451,51.99307],[5.43533,51.99216],[5.43594,51.9924],[5.43567,51.99267],[5.43544,51.99259],[5.43491,51.99319]],[[5.43054,51.99745],[5.43067,51.99752],[5.4305,51.99753],[5.43054,51.99745]]]}},{"type":"Feature","properties":{"class":"farmland"},"geometry":{"type":"Polygon","coordinates":[[[5.44359,51.97961],[5.44026,51.97681],[5.43934,51.97644],[5.43746,51.97508],[5.43364,51.97651],[5.43448,51.97719],[5.43328,51.97772],[5.4342,51.97842],[5.43458,51.97897],[5.43513,51.97919],[5.43601,51.9792],[5.43804,51.98017],[5.43811,51.98016],[5.43942,51.98064],[5.43812,51.98018],[5.43439,51.98214],[5.43015,51.98215],[5.43193,51.98316],[5.43398,51.98402],[5.43689,51.9848],[5.44006,51.98521],[5.44228,51.98528],[5.44486,51.9851],[5.44499,51.98505],[5.44487,51.98485],[5.44618,51.98444],[5.44713,51.98439],[5.44845,51.98383],[5.44885,51.9838],[5.44899,51.98401],[5.44989,51.98336],[5.4507,51.9833],[5.4504,51.98296],[5.45026,51.98309],[5.44968,51.98306],[5.4496,51.98246],[5.45015,51.98239],[5.45012,51.98225],[5.44806,51.98238],[5.44823,51.98139],[5.44585,51.98162],[5.446,51.97938],[5.44449,51.97964],[5.44424,51.9794],[5.44359,51.97961]],[[5.44119,51.98242],[5.44032,51.98215],[5.44042,51.98183],[5.43887,51.98152],[5.44241,51.98193],[5.4416,51.98203],[5.44119,51.98242]],[[5.44219,51.97982],[5.44252,51.9799],[5.44267,51.98007],[5.4422,51.98016],[5.442,51.98],[5.44219,51.97982]]]}},{"type":"Feature","properties":{"class":"farmland"},"geometry":{"type":"Polygon","coordinates":[[[5.4604,51.98089],[5.46306,51.98084],[5.46284,51.98114],[5.46498,51.9812],[5.46579,51.98134],[5.46496,51.98124],[5.46473,51.98145],[5.46214,51.98146],[5.46142,51.98176],[5.46105,51.98169],[5.46092,51.98157],[5.46097,51.98134],[5.4608,51.98132],[5.45982,51.98169],[5.45879,51.98186],[5.45724,51.98159],[5.45683,51.98241],[5.45634,51.98279],[5.45738,51.98244],[5.45805,51.98249],[5.45805,51.98261],[5.46092,51.98238],[5.46501,51.98246],[5.46761,51.9821],[5.46997,51.98218],[5.47108,51.982],[5.47164,51.98209],[5.47165,51.98222],[5.47269,51.98198],[5.47315,51.98212],[5.47328,51.98199],[5.47325,51.98235],[5.47398,51.9821],[5.47495,51.98213],[5.4749,51.98259],[5.4758,51.9823],[5.47675,51.98229],[5.47687,51.98215],[5.47643,51.98156],[5.47605,51.98136],[5.47504,51.97963],[5.47584,51.98063],[5.47611,51.98121],[5.4766,51.98111],[5.47651,51.98075],[5.47597,51.98013],[5.4759,51.97995],[5.47604,51.97977],[5.47888,51.97928],[5.4789,51.97937],[5.47715,51.97969],[5.47732,51.97973],[5.47902,51.97943],[5.47906,51.9792],[5.48152,51.97887],[5.48066,51.97915],[5.47931,51.97932],[5.48085,51.97926],[5.48321,51.97859],[5.48463,51.97837],[5.48378,51.97824],[5.48475,51.97819],[5.48568,51.97843],[5.48644,51.97814],[5.4874,51.97803],[5.48652,51.97828],[5.48672,51.97831],[5.4893,51.97791],[5.48933,51.9778],[5.48828,51.9779],[5.49054,51.9774],[5.49061,51.97753],[5.48993,51.97766],[5.49167,51.97749],[5.49259,51.97767],[5.49325,51.97754],[5.49407,51.97853],[5.4942,51.97887],[5.49401,51.97925],[5.49098,51.98017],[5.48632,51.98211],[5.48456,51.9824],[5.48152,51.98243],[5.4808,51.98269],[5.48133,51.98296],[5.48429,51.98291],[5.48809,51.982],[5.48934,51.98141],[5.48981,51.9816],[5.49023,51.98112],[5.49067,51.98102],[5.49131,51.98111],[5.49242,51.98044],[5.49288,51.98064],[5.49396,51.97978],[5.49431,51.98007],[5.49522,51.9795],[5.49565,51.97942],[5.49408,51.97683],[5.49426,51.9768],[5.49405,51.97641],[5.49385,51.97634],[5.49245,51.97655],[5.49135,51.97653],[5.48644,51.97736],[5.48492,51.97746],[5.48561,51.97829],[5.48551,51.97832],[5.48505,51.97774],[5.48459,51.97781],[5.48446,51.97754],[5.48479,51.97746],[5.48414,51.97747],[5.48035,51.9783],[5.47902,51.9783],[5.47813,51.97861],[5.47532,51.97914],[5.47212,51.98013],[5.47279,51.98112],[5.47234,51.98187],[5.47271,51.98103],[5.47201,51.98017],[5.47083,51.9805],[5.46645,51.98055],[5.46401,51.98013],[5.46119,51.97998],[5.45752,51.9808],[5.45767,51.98109],[5.45735,51.98137],[5.45795,51.98114],[5.4604,51.98089]],[[5.46794,51.98091],[5.46569,51.9808],[5.46482,51.98103],[5.46462,51.98082],[5.46313,51.98086],[5.46401,51.98079],[5.46409,51.98051],[5.4641,51.98078],[5.46438,51.98078],[5.46452,51.98048],[5.46451,51.98077],[5.4647,51.98076],[5.46478,51.98051],[5.4648,51.98076],[5.46511,51.98074],[5.46526,51.98055],[5.46526,51.98074],[5.46791,51.98069],[5.46794,51.98091]],[[5.47488,51.97945],[5.47499,51.97956],[5.47484,51.97949],[5.47245,51.98034],[5.47305,51.98104],[5.47288,51.98103],[5.47241,51.98036],[5.47271,51.98014],[5.47488,51.97945]],[[5.468,51.98109],[5.46785,51.98116],[5.46759,51.98109],[5.46769,51.98103],[5.468,51.98109]],[[5.47132,51.98154],[5.47052,51.98164],[5.4703,51.98154],[5.47093,51.98139],[5.47132,51.98154]]]}},{"type":"Feature","properties":{"class":"farmland"},"geometry":{"type":"Polygon","coordinates":[[[5.442,52.0062],[5.44082,52.00694],[5.44141,52.00736],[5.4411,52.00759],[5.44327,52.00926],[5.4431,52.00936],[5.44417,52.01032],[5.44773,52.00834],[5.44798,52.00773],[5.44691,52.00689],[5.44652,52.00709],[5.44432,52.00555],[5.44378,52.00587],[5.44303,52.00542],[5.4419,52.00612],[5.442,52.0062]]]}},{"type":"Feature","properties":{"class":"farmland"},"geometry":{"type":"Polygon","coordinates":[[[5.40618,51.9867],[5.40656,51.98683],[5.4042,51.98932],[5.40451,51.98945],[5.40419,51.98979],[5.40441,51.98987],[5.40459,51.98966],[5.40473,51.98971],[5.40455,51.98992],[5.40471,51.98998],[5.40421,51.99052],[5.40495,51.99094],[5.40525,51.99062],[5.40556,51.99074],[5.4057,51.99059],[5.40633,51.99081],[5.41086,51.98594],[5.40995,51.98561],[5.41016,51.98539],[5.40813,51.98464],[5.40618,51.9867]]]}},{"type":"Feature","properties":{"class":"farmland"},"geometry":{"type":"Polygon","coordinates":[[[5.48464,51.98806],[5.48455,51.98778],[5.48401,51.98805],[5.48116,51.99057],[5.48266,51.99158],[5.4836,51.99314],[5.4867,51.99235],[5.48525,51.99087],[5.48594,51.99074],[5.48548,51.98981],[5.48561,51.98978],[5.48546,51.98976],[5.48503,51.98886],[5.48515,51.98883],[5.48499,51.98879],[5.48464,51.98806]]]}},{"type":"Feature","properties":{"class":"farmland"},"geometry":{"type":"Polygon","coordinates":[[[5.42367,51.99242],[5.42615,51.98976],[5.42546,51.98951],[5.42206,51.99317],[5.42241,51.9933],[5.42157,51.99419],[5.42446,51.99529],[5.42413,51.99571],[5.42555,51.99624],[5.42736,51.99432],[5.42599,51.99383],[5.42678,51.99298],[5.42632,51.99315],[5.42581,51.99313],[5.42367,51.99242]]]}},{"type":"Feature","properties":{"class":"farmland"},"geometry":{"type":"Polygon","coordinates":[[[5.4346,51.99654],[5.44356,51.99886],[5.44551,51.99787],[5.43587,51.99533],[5.4346,51.99654]]]}},{"type":"Feature","properties":{"class":"farmland"},"geometry":{"type":"Polygon","coordinates":[[[5.46401,51.98795],[5.461,51.98714],[5.46078,51.98639],[5.45972,51.98608],[5.4585,51.98609],[5.45688,51.98647],[5.45747,51.98816],[5.45851,51.98909],[5.46377,51.98852],[5.46401,51.98795]]]}},{"type":"Feature","properties":{"class":"farmland"},"geometry":{"type":"Polygon","coordinates":[[[5.45074,52.00595],[5.45134,52.00656],[5.45215,52.00785],[5.45358,52.00749],[5.45326,52.00684],[5.45315,52.00621],[5.45365,52.00611],[5.45465,52.00794],[5.45405,52.00799],[5.45463,52.0092],[5.45741,52.00886],[5.45714,52.00831],[5.45577,52.00842],[5.45545,52.00789],[5.45582,52.00835],[5.45711,52.00823],[5.45686,52.00771],[5.45588,52.00791],[5.45475,52.006],[5.4553,52.00586],[5.45373,52.00412],[5.45289,52.00486],[5.45246,52.00506],[5.45249,52.00538],[5.45074,52.00595]]]}},{"type":"Feature","properties":{"class":"farmland"},"geometry":{"type":"Polygon","coordinates":[[[5.40928,52.0127],[5.41204,52.01377],[5.41527,52.01474],[5.4146,52.01199],[5.41415,52.01185],[5.41284,52.01189],[5.4111,52.01138],[5.41015,52.01133],[5.40894,52.01147],[5.40817,52.0118],[5.40928,52.0127]]]}},{"type":"Feature","properties":{"class":"farmland"},"geometry":{"type":"Polygon","coordinates":[[[5.44924,52.00474],[5.45145,52.00378],[5.44975,52.00468],[5.45056,52.00587],[5.45073,52.00591],[5.45243,52.00534],[5.45235,52.00505],[5.45291,52.00478],[5.45368,52.00407],[5.45121,52.00213],[5.44917,52.00326],[5.44814,52.00234],[5.44715,52.00289],[5.4489,52.00475],[5.44924,52.00474]]]}},{"type":"Feature","properties":{"class":"farmland"},"geometry":{"type":"Polygon","coordinates":[[[5.49426,51.97248],[5.49378,51.972],[5.49301,51.9721],[5.49463,51.9738],[5.49687,51.97442],[5.49726,51.97418],[5.49808,51.97405],[5.4974,51.97334],[5.49767,51.97324],[5.49804,51.97345],[5.50126,51.97233],[5.50179,51.97279],[5.503,51.97243],[5.50254,51.972],[5.4949,51.972],[5.49499,51.97213],[5.49426,51.97248]]]}},{"type":"Feature","properties":{"class":"farmland"},"geometry":{"type":"Polygon","coordinates":[[[5.42483,51.99605],[5.42286,51.99815],[5.42118,51.99996],[5.42294,52.00094],[5.42409,52.00002],[5.42437,52.00011],[5.42566,51.99875],[5.42469,51.99846],[5.42639,51.99663],[5.42483,51.99605]]]}},{"type":"Feature","properties":{"class":"farmland"},"geometry":{"type":"Polygon","coordinates":[[[5.40744,52.00981],[5.4057,52.00734],[5.40452,52.00682],[5.40273,52.00728],[5.40482,52.01045],[5.40685,52.01161],[5.40734,52.01106],[5.40659,52.01064],[5.4062,52.01006],[5.40744,52.00981]]]}},{"type":"Feature","properties":{"class":"farmland"},"geometry":{"type":"Polygon","coordinates":[[[5.49852,52.02606],[5.49969,52.02592],[5.50003,52.02659],[5.49902,52.02662],[5.49946,52.02777],[5.49981,52.02772],[5.49998,52.02797],[5.50031,52.0279],[5.50114,52.02934],[5.50233,52.02942],[5.50201,52.02881],[5.50256,52.0287],[5.5009,52.02573],[5.50044,52.02569],[5.49979,52.02504],[5.49949,52.02509],[5.49848,52.02389],[5.49829,52.02394],[5.49862,52.02439],[5.49737,52.02455],[5.49742,52.02483],[5.49698,52.02488],[5.49742,52.02584],[5.49852,52.02606]],[[5.49855,52.02465],[5.49846,52.02463],[5.49851,52.0246],[5.49855,52.02465]]]}},{"type":"Feature","properties":{"class":"farmland"},"geometry":{"type":"Polygon","coordinates":[[[5.46189,52.03482],[5.46155,52.03627],[5.46143,52.03626],[5.4611,52.038],[5.46358,52.038],[5.46403,52.03646],[5.46478,52.03668],[5.46598,52.03488],[5.46497,52.03441],[5.464,52.03516],[5.46293,52.03477],[5.46178,52.03473],[5.46189,52.03482]]]}},{"type":"Feature","properties":{"class":"farmland"},"geometry":{"type":"Polygon","coordinates":[[[5.40137,52.01058],[5.39966,52.01066],[5.39927,52.01112],[5.39911,52.01182],[5.39944,52.01215],[5.40206,52.01337],[5.40131,52.01384],[5.40179,52.01414],[5.40454,52.01248],[5.40381,52.012],[5.40386,52.01194],[5.40384,52.01189],[5.40372,52.01195],[5.40137,52.01058]]]}},{"type":"Feature","properties":{"class":"farmland"},"geometry":{"type":"Polygon","coordinates":[[[5.42253,51.99463],[5.4188,51.99863],[5.41937,51.99895],[5.42079,51.99745],[5.42274,51.99811],[5.42472,51.99601],[5.42403,51.99573],[5.42431,51.9953],[5.42253,51.99463]]]}},{"type":"Feature","properties":{"class":"farmland"},"geometry":{"type":"Polygon","coordinates":[[[5.47129,51.99914],[5.47079,51.99897],[5.46987,51.99913],[5.47025,51.99944],[5.47,51.99957],[5.4708,52.00042],[5.47066,52.00045],[5.47027,52.00009],[5.46984,52.00018],[5.47142,52.00212],[5.47306,52.0017],[5.47493,52.0007],[5.47377,52.00006],[5.47168,51.99929],[5.4714,51.99958],[5.47102,51.99944],[5.47129,51.99914]]]}},{"type":"Feature","properties":{"class":"farmland"},"geometry":{"type":"Polygon","coordinates":[[[5.503,51.97886],[5.50204,51.97906],[5.50176,51.97935],[5.5005,51.97967],[5.5009,51.98006],[5.50071,51.98022],[5.49935,51.98046],[5.49969,51.98068],[5.50037,51.98072],[5.5028,51.98009],[5.50298,51.98038],[5.50029,51.98108],[5.49782,51.98132],[5.49879,51.98277],[5.5005,51.98201],[5.50224,51.98157],[5.503,51.98113],[5.503,51.97886]]]}},{"type":"Feature","properties":{"class":"farmland"},"geometry":{"type":"Polygon","coordinates":[[[5.44027,52.00026],[5.43302,51.99835],[5.43206,51.99926],[5.43902,52.00104],[5.44027,52.00026]]]}},{"type":"Feature","properties":{"class":"farmland"},"geometry":{"type":"Polygon","coordinates":[[[5.46102,52.03776],[5.45243,52.03709],[5.45248,52.03692],[5.44996,52.03672],[5.44978,52.038],[5.461,52.038],[5.46102,52.03776]]]}},{"type":"Feature","properties":{"class":"farmland"},"geometry":{"type":"Polygon","coordinates":[[[5.47061,51.97754],[5.46775,51.97846],[5.46995,51.98021],[5.47179,51.97927],[5.47247,51.97981],[5.47356,51.97949],[5.47347,51.97927],[5.47061,51.97754]]]}},{"type":"Feature","properties":{"class":"farmland"},"geometry":{"type":"Polygon","coordinates":[[[5.40229,51.99285],[5.40443,51.9921],[5.40009,51.98929],[5.39969,51.98942],[5.40023,51.98987],[5.40009,51.98993],[5.39974,51.99005],[5.39919,51.98961],[5.39853,51.98982],[5.40229,51.99285]]]}},{"type":"Feature","properties":{"class":"farmland"},"geometry":{"type":"Polygon","coordinates":[[[5.47094,51.97274],[5.47096,51.97378],[5.4733,51.97459],[5.47396,51.97465],[5.47485,51.9743],[5.47374,51.972],[5.47182,51.972],[5.47184,51.9725],[5.47094,51.97274]]]}},{"type":"Feature","properties":{"class":"farmland"},"geometry":{"type":"Polygon","coordinates":[[[5.43046,52.03144],[5.43226,52.03137],[5.43191,52.02774],[5.42978,52.02776],[5.43046,52.03144]]]}},{"type":"Feature","properties":{"class":"farmland"},"geometry":{"type":"Polygon","coordinates":[[[5.49888,51.99064],[5.49659,51.9911],[5.49791,51.99368],[5.50058,51.99308],[5.49888,51.99064]]]}},{"type":"Feature","properties":{"class":"farmland"},"geometry":{"type":"Polygon","coordinates":[[[5.49685,52.0304],[5.49855,52.03379],[5.49847,52.03392],[5.50015,52.03368],[5.49832,52.0299],[5.49685,52.0304]]]}},{"type":"Feature","properties":{"class":"farmland"},"geometry":{"type":"Polygon","coordinates":[[[5.47628,52.00089],[5.47604,52.0016],[5.47671,52.00244],[5.47821,52.00211],[5.47827,51.99936],[5.47725,51.99923],[5.47612,51.99977],[5.47623,51.99984],[5.47565,52.00017],[5.47607,52.00048],[5.47596,52.00076],[5.47628,52.00089]]]}},{"type":"Feature","properties":{"class":"farmland"},"geometry":{"type":"Polygon","coordinates":[[[5.41507,51.97313],[5.41498,51.97425],[5.41524,51.9747],[5.41511,51.97493],[5.41742,51.97551],[5.41734,51.97497],[5.41685,51.97509],[5.41662,51.97458],[5.4182,51.97417],[5.41791,51.97371],[5.41883,51.97347],[5.41806,51.97281],[5.41507,51.97313]]]}},{"type":"Feature","properties":{"class":"farmland"},"geometry":{"type":"Polygon","coordinates":[[[5.42189,52.03678],[5.4222,52.03619],[5.41961,52.03489],[5.41903,52.03533],[5.41912,52.0354],[5.41754,52.03581],[5.41884,52.03664],[5.41905,52.03651],[5.42078,52.03755],[5.42189,52.03678]]]}},{"type":"Feature","properties":{"class":"farmland"},"geometry":{"type":"Polygon","coordinates":[[[5.49226,52.03172],[5.49189,52.03194],[5.49335,52.03547],[5.49504,52.03521],[5.49373,52.03236],[5.49297,52.03244],[5.49249,52.03148],[5.49234,52.03165],[5.49345,52.03434],[5.49226,52.03172]]]}},{"type":"Feature","properties":{"class":"farmland"},"geometry":{"type":"Polygon","coordinates":[[[5.41281,52.01544],[5.41424,52.01627],[5.41533,52.01599],[5.4153,52.01503],[5.41339,52.01458],[5.41165,52.01373],[5.40903,52.01309],[5.4108,52.01413],[5.41059,52.01428],[5.41091,52.01418],[5.41259,52.01517],[5.41272,52.01539],[5.41259,52.01548],[5.41281,52.01544]]]}},{"type":"Feature","properties":{"class":"farmland"},"geometry":{"type":"Polygon","coordinates":[[[5.39926,52.0178],[5.40169,52.01738],[5.40118,52.01579],[5.40023,52.01547],[5.39904,52.01532],[5.39926,52.0178]]]}},{"type":"Feature","properties":{"class":"farmland"},"geometry":{"type":"Polygon","coordinates":[[[5.40265,51.972],[5.40334,51.97306],[5.40395,51.97313],[5.40683,51.97301],[5.40806,51.97266],[5.40668,51.972],[5.40265,51.972]]]}},{"type":"Feature","properties":{"class":"farmland"},"geometry":{"type":"Polygon","coordinates":[[[5.4306,52.00774],[5.43107,52.00743],[5.43222,52.00853],[5.43271,52.00832],[5.4331,52.00857],[5.43376,52.00827],[5.43416,52.00841],[5.43462,52.00819],[5.4349,52.0084],[5.43552,52.00808],[5.43501,52.00781],[5.43437,52.00824],[5.4339,52.00782],[5.43413,52.00744],[5.43323,52.00707],[5.43296,52.00712],[5.4331,52.00725],[5.43299,52.0073],[5.43279,52.00699],[5.43029,52.00665],[5.4306,52.00774]],[[5.43215,52.00755],[5.43238,52.0076],[5.43234,52.00765],[5.43215,52.00755]]]}},{"type":"Feature","properties":{"class":"farmland"},"geometry":{"type":"Polygon","coordinates":[[[5.50295,52.03063],[5.50283,52.03042],[5.50252,52.03049],[5.50242,52.03034],[5.50225,52.03038],[5.50235,52.03054],[5.50219,52.03057],[5.50207,52.03034],[5.50072,52.03061],[5.50212,52.03328],[5.503,52.03304],[5.50295,52.03063]]]}},{"type":"Feature","properties":{"class":"farmland"},"geometry":{"type":"Polygon","coordinates":[[[5.49365,51.97293],[5.49282,51.9732],[5.49276,51.97312],[5.49358,51.97284],[5.4928,51.972],[5.49094,51.972],[5.4914,51.97248],[5.49232,51.97216],[5.49249,51.97238],[5.4923,51.97244],[5.49238,51.97265],[5.49274,51.97306],[5.4924,51.97283],[5.49191,51.97298],[5.49221,51.97335],[5.4921,51.97339],[5.49224,51.97339],[5.49335,51.97468],[5.4946,51.9743],[5.4943,51.97365],[5.49365,51.97293]]]}},{"type":"Feature","properties":{"class":"farmland"},"geometry":{"type":"Polygon","coordinates":[[[5.44675,51.97502],[5.44423,51.976],[5.44521,51.97655],[5.44455,51.9768],[5.44573,51.97723],[5.44671,51.97681],[5.44599,51.97624],[5.44738,51.97572],[5.44769,51.97597],[5.4482,51.97571],[5.44675,51.97502]]]}},{"type":"Feature","properties":{"class":"farmland"},"geometry":{"type":"Polygon","coordinates":[[[5.40021,52.00512],[5.40122,52.00501],[5.4009,52.0045],[5.39842,52.00304],[5.397,52.00298],[5.397,52.00329],[5.40021,52.00512]]]}},{"type":"Feature","properties":{"class":"farmland"},"geometry":{"type":"Polygon","coordinates":[[[5.43672,51.99453],[5.44407,51.9964],[5.44426,51.99618],[5.43948,51.99496],[5.43989,51.99432],[5.43811,51.99386],[5.43747,51.99445],[5.43698,51.99432],[5.43672,51.99453]]]}},{"type":"Feature","properties":{"class":"farmland"},"geometry":{"type":"Polygon","coordinates":[[[5.49165,51.97498],[5.49117,51.97636],[5.49275,51.97635],[5.4942,51.97609],[5.49288,51.97464],[5.49209,51.97475],[5.49165,51.97498]]]}},{"type":"Feature","properties":{"class":"farmland"},"geometry":{"type":"Polygon","coordinates":[[[5.46939,52.01214],[5.46988,52.01297],[5.47071,52.01288],[5.47062,52.01267],[5.47119,52.01261],[5.47077,52.01167],[5.46967,52.01192],[5.46935,52.01182],[5.46896,52.01102],[5.46746,52.01123],[5.46785,52.01235],[5.46939,52.01214]]]}},{"type":"Feature","properties":{"class":"farmland"},"geometry":{"type":"Polygon","coordinates":[[[5.49117,51.97327],[5.48952,51.97364],[5.49067,51.97576],[5.49121,51.97573],[5.49141,51.97501],[5.49182,51.97475],[5.49119,51.97387],[5.49182,51.97369],[5.4917,51.97354],[5.49187,51.97349],[5.49177,51.97334],[5.49117,51.97327]]]}},{"type":"Feature","properties":{"class":"farmland"},"geometry":{"type":"Polygon","coordinates":[[[5.43024,51.99167],[5.42865,51.99338],[5.43023,51.99388],[5.43175,51.99224],[5.43084,51.99206],[5.43081,51.99187],[5.43024,51.99167]]]}},{"type":"Feature","properties":{"class":"farmland"},"geometry":{"type":"Polygon","coordinates":[[[5.43823,52.01102],[5.4393,52.01208],[5.44014,52.01254],[5.44086,52.01198],[5.44015,52.01125],[5.44078,52.01098],[5.43991,52.01033],[5.43823,52.01102]]]}},{"type":"Feature","properties":{"class":"farmland"},"geometry":{"type":"Polygon","coordinates":[[[5.45767,51.99032],[5.45603,51.99235],[5.45616,51.99241],[5.45786,51.99219],[5.45901,51.98986],[5.45767,51.99032]]]}},{"type":"Feature","properties":{"class":"farmland"},"geometry":{"type":"Polygon","coordinates":[[[5.42059,51.99474],[5.41988,51.99449],[5.41698,51.99762],[5.41753,51.99793],[5.41768,51.99783],[5.42059,51.99474]]]}},{"type":"Feature","properties":{"class":"farmland"},"geometry":{"type":"Polygon","coordinates":[[[5.43804,51.97339],[5.43825,51.97396],[5.44315,51.97351],[5.44207,51.97297],[5.43804,51.97339]]]}},{"type":"Feature","properties":{"class":"farmland"},"geometry":{"type":"Polygon","coordinates":[[[5.48683,52.038],[5.48689,52.03713],[5.48638,52.03711],[5.48643,52.03683],[5.48615,52.03685],[5.48616,52.03664],[5.48578,52.0366],[5.48578,52.03648],[5.48498,52.03645],[5.4847,52.038],[5.48683,52.038]]]}},{"type":"Feature","properties":{"class":"farmland"},"geometry":{"type":"Polygon","coordinates":[[[5.46665,51.97767],[5.46689,51.97763],[5.46686,51.97709],[5.46661,51.97709],[5.46634,51.97675],[5.46665,51.97666],[5.46445,51.97447],[5.46371,51.97473],[5.46665,51.97767]]]}},{"type":"Feature","properties":{"class":"farmland"},"geometry":{"type":"Polygon","coordinates":[[[5.3972,51.99678],[5.39883,51.99804],[5.3997,51.9977],[5.397,51.99543],[5.397,51.99686],[5.3972,51.99678]]]}},{"type":"Feature","properties":{"class":"farmland"},"geometry":{"type":"Polygon","coordinates":[[[5.47496,52.00027],[5.47528,52.00012],[5.47503,52.00001],[5.47524,51.99981],[5.47496,51.99971],[5.47548,51.99923],[5.47366,51.99858],[5.47321,51.99927],[5.47285,51.99957],[5.47435,52.00023],[5.47496,52.00027]]]}},{"type":"Feature","properties":{"class":"farmland"},"geometry":{"type":"Polygon","coordinates":[[[5.46815,52.00739],[5.46699,52.00797],[5.46823,52.00926],[5.46945,52.00885],[5.46903,52.00808],[5.46815,52.00739]]]}},{"type":"Feature","properties":{"class":"farmland"},"geometry":{"type":"Polygon","coordinates":[[[5.48867,52.03665],[5.487,52.03654],[5.48692,52.038],[5.48876,52.038],[5.48867,52.03665]]]}},{"type":"Feature","properties":{"class":"farmland"},"geometry":{"type":"Polygon","coordinates":[[[5.46562,52.02633],[5.46573,52.02509],[5.46352,52.02534],[5.46359,52.0264],[5.46562,52.02633]]]}},{"type":"Feature","properties":{"class":"farmland"},"geometry":{"type":"Polygon","coordinates":[[[5.44217,52.00878],[5.44121,52.00924],[5.44316,52.01082],[5.44411,52.01037],[5.44217,52.00878]]]}},{"type":"Feature","properties":{"class":"farmland"},"geometry":{"type":"Polygon","coordinates":[[[5.49077,51.99177],[5.49015,51.99078],[5.48832,51.99099],[5.48893,51.9923],[5.49077,51.99177]]]}},{"type":"Feature","properties":{"class":"farmland"},"geometry":{"type":"Polygon","coordinates":[[[5.47019,52.03554],[5.46983,52.03559],[5.46931,52.03598],[5.47032,52.03639],[5.47085,52.03638],[5.4707,52.03661],[5.471,52.03642],[5.47212,52.03688],[5.47196,52.03734],[5.47207,52.03736],[5.47249,52.03608],[5.47019,52.03554]]]}},{"type":"Feature","properties":{"class":"farmland"},"geometry":{"type":"Polygon","coordinates":[[[5.4082,51.99354],[5.41115,51.9953],[5.41179,51.9949],[5.40877,51.99321],[5.4082,51.99354]]]}},{"type":"Feature","properties":{"class":"farmland"},"geometry":{"type":"Polygon","coordinates":[[[5.397,52.00416],[5.39886,52.00521],[5.40018,52.00511],[5.39719,52.0035],[5.397,52.00362],[5.397,52.00416]]]}},{"type":"Feature","properties":{"class":"farmland"},"geometry":{"type":"Polygon","coordinates":[[[5.47531,51.97613],[5.47451,51.97491],[5.47318,51.97523],[5.47412,51.97655],[5.47531,51.97613]]]}},{"type":"Feature","properties":{"class":"farmland"},"geometry":{"type":"Polygon","coordinates":[[[5.39766,51.99853],[5.39902,51.99966],[5.40016,51.99914],[5.39876,51.99807],[5.39766,51.99853]]]}},{"type":"Feature","properties":{"class":"farmland"},"geometry":{"type":"Polygon","coordinates":[[[5.39742,52.01247],[5.3975,52.01272],[5.39851,52.01326],[5.39973,52.01245],[5.3985,52.01177],[5.39742,52.01247]]]}},{"type":"Feature","properties":{"class":"farmland"},"geometry":{"type":"Polygon","coordinates":[[[5.44129,51.97389],[5.43832,51.97415],[5.43855,51.97454],[5.44339,51.97419],[5.44334,51.9739],[5.44134,51.97412],[5.44129,51.97389]]]}},{"type":"Feature","properties":{"class":"farmland"},"geometry":{"type":"Polygon","coordinates":[[[5.48996,51.9938],[5.49096,51.99498],[5.49205,51.99456],[5.49128,51.99345],[5.48996,51.9938]]]}},{"type":"Feature","properties":{"class":"farmland"},"geometry":{"type":"Polygon","coordinates":[[[5.41661,52.03739],[5.41489,52.03695],[5.41449,52.03776],[5.41586,52.038],[5.41709,52.038],[5.41661,52.03739]]]}},{"type":"Feature","properties":{"class":"farmland"},"geometry":{"type":"Polygon","coordinates":[[[5.4018,52.01528],[5.40168,52.01549],[5.40176,52.01593],[5.40247,52.01716],[5.40355,52.01668],[5.40281,52.01589],[5.4018,52.01528]]]}},{"type":"Feature","properties":{"class":"farmland"},"geometry":{"type":"Polygon","coordinates":[[[5.49092,52.03163],[5.48891,52.0321],[5.48923,52.03284],[5.49116,52.03215],[5.49092,52.03163]]]}},{"type":"Feature","properties":{"class":"farmland"},"geometry":{"type":"Polygon","coordinates":[[[5.43041,52.00655],[5.43089,52.00628],[5.4307,52.00617],[5.43084,52.00608],[5.42999,52.0056],[5.42878,52.00606],[5.42945,52.00649],[5.43041,52.00655]]]}},{"type":"Feature","properties":{"class":"farmland"},"geometry":{"type":"Polygon","coordinates":[[[5.44145,52.03707],[5.44033,52.03683],[5.44026,52.038],[5.44143,52.038],[5.44145,52.03707]]]}},{"type":"Feature","properties":{"class":"farmland"},"geometry":{"type":"Polygon","coordinates":[[[5.47513,51.97722],[5.47412,51.97655],[5.47295,51.97686],[5.47437,51.97769],[5.47513,51.97722]]]}},{"type":"Feature","properties":{"class":"farmland"},"geometry":{"type":"Polygon","coordinates":[[[5.4789,51.98851],[5.47994,51.98908],[5.48045,51.98878],[5.47893,51.98799],[5.47769,51.98783],[5.47829,51.98834],[5.47865,51.98837],[5.47853,51.98852],[5.4789,51.98851]]]}},{"type":"Feature","properties":{"class":"farmland"},"geometry":{"type":"Polygon","coordinates":[[[5.46192,51.97813],[5.46089,51.97845],[5.46138,51.97918],[5.46283,51.97871],[5.46251,51.97865],[5.46192,51.97813]]]}},{"type":"Feature","properties":{"class":"farmland"},"geometry":{"type":"Polygon","coordinates":[[[5.47316,51.99925],[5.47361,51.99856],[5.47321,51.9984],[5.47279,51.99878],[5.47239,51.99863],[5.47177,51.9992],[5.47262,51.99954],[5.47302,51.99919],[5.47316,51.99925]]]}},{"type":"Feature","properties":{"class":"farmland"},"geometry":{"type":"Polygon","coordinates":[[[5.46714,51.97441],[5.46627,51.97353],[5.46569,51.9738],[5.46649,51.9747],[5.46673,51.97462],[5.46699,51.97493],[5.46714,51.97441]]]}},{"type":"Feature","properties":{"class":"farmland"},"geometry":{"type":"Polygon","coordinates":[[[5.47363,51.97947],[5.47509,51.97902],[5.47592,51.97879],[5.4754,51.97835],[5.47353,51.9793],[5.47363,51.97947]]]}},{"type":"Feature","properties":{"class":"farmland"},"geometry":{"type":"Polygon","coordinates":[[[5.503,51.98169],[5.50111,51.98225],[5.49978,51.98269],[5.5001,51.98276],[5.503,51.98206],[5.503,51.98169]]]}},{"type":"Feature","properties":{"class":"farmland"},"geometry":{"type":"Polygon","coordinates":[[[5.49737,52.03569],[5.49685,52.03581],[5.49748,52.03721],[5.49802,52.03711],[5.49737,52.03569]]]}},{"type":"Feature","properties":{"class":"farmland"},"geometry":{"type":"Polygon","coordinates":[[[5.41815,51.99826],[5.41939,51.99698],[5.41998,51.99636],[5.41965,51.99624],[5.41788,51.99812],[5.41815,51.99826]]]}},{"type":"Feature","properties":{"class":"farmland"},"geometry":{"type":"Polygon","coordinates":[[[5.49822,52.03753],[5.4987,52.03745],[5.49897,52.038],[5.49931,52.03789],[5.49937,52.03768],[5.49895,52.03717],[5.4976,52.03747],[5.49784,52.038],[5.49844,52.038],[5.49822,52.03753]]]}},{"type":"Feature","properties":{"class":"farmland"},"geometry":{"type":"Polygon","coordinates":[[[5.40166,52.01508],[5.40172,52.01441],[5.40114,52.0139],[5.40042,52.01436],[5.40166,52.01508]]]}},{"type":"Feature","properties":{"class":"farmland"},"geometry":{"type":"Polygon","coordinates":[[[5.49223,52.038],[5.49212,52.03746],[5.49061,52.03759],[5.49079,52.038],[5.49223,52.038]]]}},{"type":"Feature","properties":{"class":"farmland"},"geometry":{"type":"Polygon","coordinates":[[[5.45635,51.98105],[5.45593,51.98118],[5.45594,51.98158],[5.4571,51.98157],[5.4572,51.98134],[5.45689,51.98122],[5.4569,51.98089],[5.45631,51.98091],[5.45635,51.98105]]]}},{"type":"Feature","properties":{"class":"farmland"},"geometry":{"type":"Polygon","coordinates":[[[5.46771,51.97203],[5.46849,51.97278],[5.46887,51.9725],[5.4691,51.972],[5.46771,51.97203]]]}},{"type":"Feature","properties":{"class":"farmland"},"geometry":{"type":"Polygon","coordinates":[[[5.503,51.98268],[5.50114,51.98313],[5.50143,51.98343],[5.503,51.98297],[5.503,51.98268]]]}},{"type":"Feature","properties":{"class":"farmland"},"geometry":{"type":"Polygon","coordinates":[[[5.44056,52.00476],[5.44032,52.00501],[5.44169,52.00584],[5.44199,52.00565],[5.44056,52.00476]]]}},{"type":"Feature","properties":{"class":"farmland"},"geometry":{"type":"Polygon","coordinates":[[[5.41486,51.99642],[5.41549,51.99677],[5.41599,51.99624],[5.41528,51.99598],[5.41486,51.99642]]]}},{"type":"Feature","properties":{"class":"farmland"},"geometry":{"type":"Polygon","coordinates":[[[5.44595,51.97728],[5.44675,51.97756],[5.44735,51.97725],[5.44687,51.97689],[5.44595,51.97728]]]}},{"type":"Feature","properties":{"class":"farmland"},"geometry":{"type":"Polygon","coordinates":[[[5.4671,51.9726],[5.46778,51.97225],[5.46713,51.972],[5.46636,51.972],[5.4671,51.9726]]]}},{"type":"Feature","properties":{"class":"farmland"},"geometry":{"type":"Polygon","coordinates":[[[5.39702,52.00481],[5.39766,52.00517],[5.39803,52.00492],[5.397,52.00426],[5.39702,52.00481]]]}},{"type":"Feature","properties":{"class":"farmland"},"geometry":{"type":"Polygon","coordinates":[[[5.4686,51.97302],[5.46828,51.97298],[5.46757,51.97328],[5.46863,51.97358],[5.46875,51.97326],[5.46856,51.97317],[5.4686,51.97302]]]}},{"type":"Feature","properties":{"class":"farmland"},"geometry":{"type":"Polygon","coordinates":[[[5.44344,52.03761],[5.44247,52.03762],[5.44251,52.038],[5.44348,52.038],[5.44344,52.03761]]]}},{"type":"Feature","properties":{"class":"farmland"},"geometry":{"type":"Polygon","coordinates":[[[5.46607,51.97486],[5.46682,51.97569],[5.46684,51.97571],[5.46692,51.97524],[5.46643,51.97473],[5.46607,51.97486]]]}},{"type":"Feature","properties":{"class":"farmland"},"geometry":{"type":"Polygon","coordinates":[[[5.44141,51.97587],[5.44254,51.9755],[5.44231,51.97528],[5.44117,51.97565],[5.44141,51.97587]]]}},{"type":"Feature","properties":{"class":"farmland"},"geometry":{"type":"Polygon","coordinates":[[[5.49406,51.97568],[5.49432,51.97598],[5.49516,51.97569],[5.49484,51.9754],[5.49406,51.97568]]]}},{"type":"Feature","properties":{"class":"farmland"},"geometry":{"type":"Polygon","coordinates":[[[5.43293,52.00956],[5.43351,52.00951],[5.43305,52.00979],[5.43375,52.00975],[5.43375,52.0095],[5.43397,52.00972],[5.43424,52.0096],[5.43381,52.00927],[5.43293,52.00956]]]}},{"type":"Feature","properties":{"class":"forest"},"geometry":{"type":"Polygon","coordinates":[[[5.47001,52.00124],[5.46873,52.00165],[5.46845,52.0015],[5.46664,52.00224],[5.46585,52.00238],[5.46596,52.00264],[5.4663,52.00276],[5.46612,52.0026],[5.4684,52.00171],[5.46913,52.00237],[5.46695,52.00334],[5.46672,52.00314],[5.46682,52.00348],[5.46874,52.00274],[5.46966,52.00407],[5.46953,52.00446],[5.46864,52.00535],[5.46911,52.00591],[5.46692,52.00656],[5.46814,52.00729],[5.4684,52.0072],[5.46805,52.00714],[5.46812,52.00668],[5.46881,52.00651],[5.47,52.00752],[5.4698,52.00759],[5.47005,52.00783],[5.46962,52.00797],[5.46932,52.00768],[5.46895,52.00781],[5.46873,52.0077],[5.46939,52.00851],[5.46951,52.00848],[5.46943,52.00822],[5.46977,52.00813],[5.47007,52.00848],[5.46989,52.00873],[5.47024,52.00861],[5.47052,52.00896],[5.47012,52.00928],[5.47094,52.00911],[5.47082,52.00922],[5.47126,52.00971],[5.4716,52.00945],[5.472,52.00981],[5.47053,52.01042],[5.46988,52.00955],[5.47064,52.0112],[5.47189,52.0109],[5.47242,52.01159],[5.47109,52.01219],[5.47255,52.01512],[5.47435,52.01788],[5.47569,52.01951],[5.47653,52.02043],[5.47876,52.02186],[5.47928,52.02239],[5.48003,52.0234],[5.4825,52.02473],[5.48336,52.02536],[5.48536,52.02791],[5.48632,52.02933],[5.48745,52.03011],[5.48818,52.03092],[5.48862,52.03097],[5.48834,52.02951],[5.48852,52.0295],[5.48906,52.02865],[5.48923,52.02867],[5.48962,52.02808],[5.48992,52.02782],[5.49015,52.02779],[5.49091,52.02946],[5.4913,52.02955],[5.49039,52.02731],[5.49081,52.02696],[5.49114,52.02721],[5.49071,52.02729],[5.49089,52.02757],[5.49138,52.02736],[5.49116,52.0271],[5.49118,52.02665],[5.49158,52.02637],[5.49254,52.02612],[5.49246,52.02604],[5.49244,52.02597],[5.49272,52.02595],[5.49335,52.02511],[5.4933,52.02489],[5.49348,52.02462],[5.49319,52.02448],[5.49344,52.02435],[5.49388,52.02442],[5.49375,52.02455],[5.49522,52.02513],[5.49641,52.02582],[5.49681,52.02635],[5.49813,52.02876],[5.49852,52.02817],[5.49699,52.02501],[5.4968,52.02439],[5.49642,52.0246],[5.49618,52.02454],[5.4962,52.02418],[5.49604,52.02432],[5.49539,52.0243],[5.49542,52.02414],[5.49589,52.02409],[5.49553,52.02401],[5.49538,52.02307],[5.49555,52.0227],[5.49704,52.02264],[5.49761,52.02316],[5.49732,52.02268],[5.49683,52.02251],[5.49693,52.02229],[5.49631,52.02226],[5.49639,52.02192],[5.49896,52.02059],[5.503,52.02685],[5.503,52.02263],[5.50105,52.01953],[5.50117,52.01965],[5.50227,52.0191],[5.503,52.01925],[5.503,52.01853],[5.50231,52.0182],[5.50259,52.018],[5.50219,52.01772],[5.503,52.01718],[5.503,52.01599],[5.49979,52.01742],[5.49942,52.01716],[5.49957,52.01552],[5.50008,52.01434],[5.50035,52.01406],[5.50061,52.01401],[5.49988,52.0171],[5.50063,52.0169],[5.50243,52.01603],[5.5028,52.01571],[5.50297,52.01567],[5.503,52.0158],[5.503,52.01256],[5.50258,52.01236],[5.503,52.01208],[5.503,51.99667],[5.50236,51.99693],[5.50102,51.99677],[5.50054,51.99657],[5.50077,51.99643],[5.50201,51.99652],[5.503,51.99628],[5.503,51.99257],[5.4952,51.99449],[5.49378,51.9952],[5.49303,51.99606],[5.49093,51.99665],[5.4867,51.99235],[5.4836,51.99314],[5.48266,51.99158],[5.48116,51.99057],[5.47507,51.99617],[5.47378,51.9971],[5.47455,51.99713],[5.47438,51.99697],[5.47532,51.99607],[5.47559,51.99603],[5.4762,51.99525],[5.4782,51.99558],[5.4782,51.99779],[5.4768,51.99767],[5.47628,51.99845],[5.47695,51.9983],[5.47798,51.99844],[5.4782,51.99854],[5.4782,51.99899],[5.47709,51.99898],[5.47672,51.99918],[5.47599,51.99902],[5.47677,51.99929],[5.47631,51.99966],[5.47641,51.99971],[5.47725,51.99923],[5.47827,51.99936],[5.47821,52.00211],[5.47671,52.00244],[5.47604,52.0016],[5.47628,52.00089],[5.47596,52.00076],[5.47607,52.00048],[5.47569,52.00024],[5.47516,52.00055],[5.47504,52.00083],[5.47566,52.00178],[5.47534,52.00192],[5.47542,52.00201],[5.47398,52.00248],[5.47344,52.00171],[5.47501,52.00083],[5.4732,52.00171],[5.47142,52.00212],[5.46986,52.00022],[5.47023,52.00008],[5.4708,52.00042],[5.47,51.99957],[5.47025,51.99944],[5.46981,51.99908],[5.46854,51.99938],[5.47001,52.00124]],[[5.48189,52.00278],[5.48212,52.00165],[5.48197,52.00139],[5.48373,52.00096],[5.48619,52.00267],[5.48249,52.00351],[5.48189,52.00278]],[[5.48092,51.99344],[5.4807,51.99343],[5.48063,51.99329],[5.48089,51.99324],[5.48092,51.99344]],[[5.48662,51.99726],[5.48476,51.99765],[5.48432,51.99766],[5.48415,51.9975],[5.48422,51.99651],[5.4839,51.99503],[5.48397,51.99484],[5.48579,51.99475],[5.48607,51.99503],[5.48629,51.99685],[5.48644,51.99701],[5.49032,51.99672],[5.49073,51.99697],[5.4906,51.99718],[5.49017,51.99723],[5.48941,51.9971],[5.48903,51.99724],[5.48805,51.99716],[5.48662,51.99726]],[[5.4768,51.99778],[5.47816,51.99783],[5.47817,51.99837],[5.47655,51.9982],[5.4768,51.99778]],[[5.47904,52.0037],[5.47868,52.00385],[5.47843,52.00368],[5.47823,52.00338],[5.47847,52.00327],[5.47794,52.00248],[5.47836,52.00239],[5.47918,52.00359],[5.47891,52.00364],[5.47904,52.0037]],[[5.48567,52.00564],[5.48575,52.00523],[5.4862,52.00473],[5.48687,52.00443],[5.48776,52.0043],[5.48867,52.00442],[5.48929,52.0047],[5.48976,52.00517],[5.48988,52.00553],[5.48972,52.00609],[5.48928,52.0065],[5.48797,52.00689],[5.48712,52.00683],[5.4864,52.00658],[5.48586,52.00614],[5.48567,52.00564]],[[5.47183,52.00646],[5.47331,52.00661],[5.47399,52.00709],[5.47308,52.00683],[5.472,52.00704],[5.47183,52.00646]],[[5.47288,52.01123],[5.47256,52.01133],[5.47258,52.01152],[5.47236,52.01114],[5.4721,52.01105],[5.47256,52.01089],[5.47288,52.01123]],[[5.47341,52.01593],[5.47403,52.01583],[5.47481,52.01642],[5.47468,52.01666],[5.4744,52.01656],[5.47381,52.01633],[5.47341,52.01593]],[[5.47458,52.01709],[5.47494,52.01691],[5.47533,52.01744],[5.4749,52.01754],[5.47458,52.01709]],[[5.47547,52.01845],[5.47581,52.01811],[5.47622,52.0187],[5.47595,52.01912],[5.47547,52.01845]],[[5.47842,52.00397],[5.47834,52.0039],[5.47847,52.00395],[5.47842,52.00397]],[[5.47841,52.00405],[5.47827,52.00399],[5.47849,52.00397],[5.47841,52.00405]],[[5.48094,52.01152],[5.48237,52.01204],[5.48082,52.01373],[5.47968,52.01248],[5.48041,52.01168],[5.48094,52.01152]],[[5.48062,52.01385],[5.4784,52.01442],[5.47778,52.01347],[5.47963,52.0125],[5.48062,52.01385]],[[5.4776,52.01459],[5.47507,52.0151],[5.47493,52.01476],[5.47552,52.01461],[5.4769,52.0139],[5.47697,52.01421],[5.47726,52.01422],[5.4776,52.01459]],[[5.47677,52.01538],[5.47892,52.01444],[5.47957,52.01485],[5.47875,52.01551],[5.47865,52.01607],[5.47801,52.01624],[5.47664,52.01616],[5.47558,52.01645],[5.47539,52.01577],[5.47677,52.01538]],[[5.49959,52.01826],[5.49905,52.02044],[5.49975,52.01759],[5.49959,52.01826]],[[5.50261,52.01879],[5.50299,52.0186],[5.50284,52.01868],[5.50261,52.01879]],[[5.49594,52.006],[5.49544,52.00599],[5.49501,52.00534],[5.49593,52.0056],[5.49604,52.00579],[5.49594,52.006]],[[5.48539,52.01031],[5.48497,52.01035],[5.48501,52.01005],[5.48563,52.00995],[5.48539,52.01031]],[[5.49561,52.0118],[5.49516,52.01229],[5.49416,52.01226],[5.49328,52.01198],[5.4928,52.01156],[5.49253,52.01082],[5.49277,52.01074],[5.49305,52.01087],[5.49328,52.01126],[5.4939,52.01162],[5.49561,52.0118]],[[5.49164,52.0118],[5.49123,52.01265],[5.49059,52.01261],[5.48954,52.01201],[5.48917,52.01155],[5.48922,52.0111],[5.49054,52.01057],[5.49145,52.01077],[5.49164,52.0118]],[[5.49603,52.01443],[5.49526,52.01463],[5.49488,52.01452],[5.49478,52.01431],[5.49513,52.01392],[5.4954,52.01389],[5.49587,52.0141],[5.49603,52.01443]],[[5.48907,52.01443],[5.48889,52.01517],[5.48847,52.01538],[5.48733,52.01508],[5.4869,52.01528],[5.48661,52.01519],[5.48595,52.01434],[5.48607,52.01397],[5.48653,52.01368],[5.48692,52.01368],[5.48869,52.01409],[5.48907,52.01443]],[[5.49478,52.01575],[5.49426,52.01564],[5.49417,52.01541],[5.49431,52.01511],[5.4949,52.01513],[5.49514,52.01532],[5.49507,52.01564],[5.49478,52.01575]],[[5.49778,52.00574],[5.49652,52.00616],[5.49635,52.00607],[5.49631,52.00574],[5.49735,52.00532],[5.49778,52.00574]],[[5.49717,52.0061],[5.49726,52.00594],[5.49821,52.00625],[5.49814,52.00638],[5.49717,52.0061]],[[5.49684,52.0077],[5.49626,52.00785],[5.49566,52.00771],[5.49575,52.00723],[5.49614,52.00677],[5.49683,52.00685],[5.49731,52.00732],[5.49684,52.0077]],[[5.50124,52.00957],[5.50088,52.01014],[5.5001,52.00982],[5.49972,52.00921],[5.50014,52.00898],[5.50066,52.00894],[5.50109,52.00915],[5.50124,52.00957]],[[5.49869,52.01068],[5.49901,52.01027],[5.49961,52.01028],[5.50056,52.01093],[5.49994,52.01138],[5.49922,52.01119],[5.49869,52.01068]],[[5.49893,52.0157],[5.49755,52.01595],[5.49692,52.01588],[5.49564,52.01525],[5.49584,52.0149],[5.4976,52.01466],[5.4983,52.01489],[5.49892,52.01547],[5.49893,52.0157]]]}},{"type":"Feature","properties":{"class":"forest"},"geometry":{"type":"Polygon","coordinates":[[[5.41633,52.03276],[5.41612,52.03303],[5.41631,52.03322],[5.4222,52.03619],[5.42182,52.03691],[5.42078,52.03755],[5.41905,52.03651],[5.41761,52.03739],[5.41888,52.03669],[5.42101,52.038],[5.42487,52.038],[5.42297,52.03703],[5.42264,52.03661],[5.42389,52.03609],[5.42433,52.03615],[5.42446,52.03639],[5.42547,52.03539],[5.42439,52.03501],[5.42315,52.03504],[5.42294,52.03476],[5.42387,52.03386],[5.42531,52.0339],[5.42506,52.03345],[5.42454,52.0332],[5.42443,52.03296],[5.42399,52.03278],[5.42388,52.03248],[5.42361,52.03238],[5.42201,52.03241],[5.421,52.03309],[5.42062,52.03265],[5.42016,52.03246],[5.41867,52.03271],[5.41841,52.03261],[5.41812,52.03221],[5.41949,52.03135],[5.42093,52.03084],[5.42028,52.03046],[5.42122,52.03055],[5.42202,52.03004],[5.4218,52.02993],[5.42223,52.02979],[5.4223,52.0299],[5.42318,52.0295],[5.42398,52.02882],[5.42399,52.02858],[5.42346,52.02815],[5.4232,52.02824],[5.42255,52.02793],[5.42294,52.02762],[5.42434,52.0282],[5.42618,52.02713],[5.42656,52.03001],[5.42632,52.03026],[5.42613,52.03099],[5.42556,52.03145],[5.42602,52.03167],[5.42621,52.03199],[5.42624,52.03228],[5.42592,52.03251],[5.42579,52.03286],[5.42661,52.03349],[5.42642,52.03402],[5.42723,52.03424],[5.42707,52.03353],[5.42791,52.03345],[5.42777,52.03322],[5.42846,52.0328],[5.42947,52.03343],[5.43005,52.03356],[5.43059,52.03347],[5.43132,52.0337],[5.43104,52.03307],[5.43021,52.03299],[5.429,52.03241],[5.42815,52.03246],[5.427,52.03212],[5.42694,52.03154],[5.42872,52.03154],[5.42878,52.032],[5.4291,52.0318],[5.43074,52.03205],[5.43126,52.03202],[5.43152,52.03185],[5.43484,52.03327],[5.43463,52.03375],[5.43468,52.03414],[5.43377,52.03433],[5.43182,52.0343],[5.43269,52.03477],[5.43467,52.03469],[5.43505,52.038],[5.43482,52.03585],[5.43531,52.03576],[5.43575,52.03534],[5.43612,52.03537],[5.43616,52.03503],[5.43592,52.03474],[5.43606,52.03465],[5.43654,52.0345],[5.43726,52.03479],[5.43765,52.03474],[5.43741,52.03459],[5.4376,52.03426],[5.43813,52.03399],[5.43814,52.03362],[5.43889,52.03281],[5.44135,52.03284],[5.44147,52.03301],[5.44168,52.03284],[5.44353,52.03281],[5.44397,52.03251],[5.44372,52.03194],[5.44344,52.03184],[5.44273,52.0311],[5.44279,52.03091],[5.44253,52.03067],[5.44229,52.02965],[5.44255,52.02859],[5.44261,52.02905],[5.44397,52.02942],[5.44358,52.02925],[5.44447,52.02872],[5.44437,52.02863],[5.44406,52.02891],[5.44388,52.02888],[5.44423,52.02847],[5.44328,52.02748],[5.44227,52.02749],[5.44184,52.02703],[5.44008,52.02621],[5.44135,52.02601],[5.44229,52.02704],[5.44216,52.02501],[5.44265,52.02526],[5.44358,52.02719],[5.44508,52.02821],[5.44489,52.0278],[5.4458,52.02774],[5.44575,52.02755],[5.44599,52.02751],[5.44579,52.02717],[5.44631,52.02753],[5.44611,52.02718],[5.4463,52.02708],[5.44622,52.02625],[5.44592,52.02475],[5.4452,52.0247],[5.4447,52.02489],[5.44408,52.02458],[5.44407,52.02443],[5.44381,52.02441],[5.44373,52.02456],[5.44357,52.0244],[5.4435,52.02453],[5.44328,52.02442],[5.44311,52.02453],[5.44308,52.02436],[5.44287,52.02445],[5.44279,52.02434],[5.44296,52.02419],[5.44248,52.02411],[5.44311,52.02416],[5.44323,52.02388],[5.44355,52.02392],[5.44329,52.0237],[5.44303,52.02386],[5.44273,52.02379],[5.44259,52.02358],[5.44359,52.0236],[5.44342,52.02367],[5.44393,52.02377],[5.44379,52.02408],[5.44456,52.02422],[5.44474,52.02412],[5.44519,52.02461],[5.44587,52.02462],[5.44609,52.02448],[5.44642,52.02709],[5.44631,52.02737],[5.44654,52.02756],[5.44663,52.02792],[5.44681,52.02786],[5.44704,52.02807],[5.44687,52.02823],[5.44716,52.02808],[5.44771,52.02817],[5.44815,52.0279],[5.44859,52.02798],[5.44885,52.0283],[5.44845,52.02945],[5.44916,52.03138],[5.45053,52.0315],[5.45149,52.02902],[5.45199,52.02866],[5.45121,52.02809],[5.45065,52.02813],[5.45048,52.02791],[5.45056,52.02772],[5.45014,52.02781],[5.45026,52.02732],[5.45015,52.02692],[5.45041,52.02714],[5.45107,52.0271],[5.45144,52.02673],[5.45143,52.02654],[5.45119,52.02662],[5.45117,52.02566],[5.4509,52.02559],[5.45052,52.02516],[5.45011,52.02506],[5.44987,52.02559],[5.44936,52.02567],[5.44961,52.02533],[5.44944,52.02516],[5.44972,52.02514],[5.44977,52.025],[5.44861,52.02477],[5.44833,52.02419],[5.44983,52.02463],[5.45162,52.02469],[5.45219,52.02491],[5.45221,52.02506],[5.45241,52.02496],[5.4526,52.02512],[5.45327,52.0252],[5.45494,52.02611],[5.45581,52.02621],[5.45602,52.02605],[5.45045,52.02345],[5.45025,52.02382],[5.45035,52.0234],[5.44279,52.01986],[5.44062,52.01856],[5.44038,52.01867],[5.4399,52.01948],[5.441,52.02134],[5.4412,52.02312],[5.44103,52.0231],[5.44095,52.02146],[5.44054,52.0206],[5.44027,52.02084],[5.43838,52.02197],[5.43797,52.02205],[5.43701,52.02199],[5.43666,52.02234],[5.43673,52.02282],[5.4366,52.02287],[5.43652,52.02242],[5.4369,52.02198],[5.43697,52.02143],[5.43741,52.02131],[5.43708,52.02088],[5.43719,52.02053],[5.43755,52.02022],[5.43704,52.02006],[5.43669,52.01968],[5.43648,52.01965],[5.43652,52.02009],[5.43598,52.0201],[5.43593,52.01968],[5.43643,52.01962],[5.4359,52.01965],[5.43567,52.0178],[5.43378,52.0181],[5.43424,52.01862],[5.43526,52.01819],[5.43539,52.01834],[5.4343,52.01869],[5.43463,52.01933],[5.43465,52.02006],[5.43383,52.021],[5.43379,52.02136],[5.43463,52.0212],[5.43527,52.02151],[5.43569,52.02142],[5.43588,52.02101],[5.43615,52.02116],[5.43616,52.02144],[5.43578,52.02165],[5.43511,52.02152],[5.43462,52.02125],[5.4338,52.02142],[5.43397,52.02273],[5.43386,52.02273],[5.43367,52.02178],[5.43328,52.02194],[5.43331,52.02243],[5.43315,52.02196],[5.43254,52.02219],[5.43253,52.02254],[5.43266,52.02259],[5.4325,52.02259],[5.43247,52.02215],[5.4327,52.02186],[5.43225,52.02155],[5.43261,52.0214],[5.43233,52.02156],[5.43276,52.02185],[5.43255,52.02213],[5.43319,52.02191],[5.43312,52.0214],[5.43328,52.02186],[5.43367,52.02172],[5.43366,52.02111],[5.43175,52.02122],[5.43171,52.02166],[5.43156,52.02167],[5.43133,52.02148],[5.4312,52.02096],[5.4316,52.02083],[5.43162,52.02108],[5.43185,52.02118],[5.43366,52.02107],[5.43453,52.02008],[5.43455,52.01957],[5.43361,52.01957],[5.43347,52.01981],[5.43317,52.0199],[5.43334,52.02017],[5.43325,52.0208],[5.43211,52.02074],[5.43194,52.01845],[5.43233,52.01867],[5.43244,52.01902],[5.43265,52.01888],[5.43308,52.01917],[5.43317,52.01906],[5.43276,52.01873],[5.43273,52.01848],[5.43297,52.01845],[5.43333,52.0187],[5.43341,52.01847],[5.43363,52.01845],[5.43371,52.01945],[5.43455,52.01952],[5.4343,52.01887],[5.43312,52.01737],[5.43294,52.01739],[5.43296,52.01787],[5.43234,52.01787],[5.43231,52.01813],[5.43161,52.0181],[5.43171,52.01969],[5.43134,52.01974],[5.43122,52.02022],[5.43105,52.0202],[5.4311,52.0197],[5.43006,52.01978],[5.4302,52.0199],[5.43001,52.01992],[5.43005,52.0201],[5.42963,52.0201],[5.4299,52.02027],[5.42974,52.02037],[5.42942,52.02003],[5.42901,52.02004],[5.42911,52.02118],[5.42906,52.02143],[5.42882,52.02145],[5.42878,52.01998],[5.42848,52.01839],[5.42824,52.01815],[5.42842,52.01807],[5.42803,52.01749],[5.42694,52.01759],[5.42514,52.01754],[5.42518,52.01705],[5.42546,52.01695],[5.42555,52.01722],[5.42596,52.01729],[5.42601,52.01749],[5.42643,52.01752],[5.42647,52.01692],[5.42691,52.01753],[5.42792,52.01744],[5.4278,52.01724],[5.42713,52.01737],[5.42698,52.01713],[5.42687,52.01694],[5.42746,52.01681],[5.42761,52.01693],[5.42737,52.01654],[5.42695,52.01666],[5.42735,52.01663],[5.42742,52.01675],[5.42682,52.01682],[5.42686,52.0166],[5.42734,52.0165],[5.42705,52.01603],[5.42657,52.01613],[5.42646,52.01597],[5.42694,52.01585],[5.42672,52.01549],[5.4261,52.01572],[5.42668,52.01558],[5.42681,52.01579],[5.42626,52.01593],[5.42601,52.01576],[5.42511,52.0161],[5.42599,52.01594],[5.42636,52.01651],[5.42614,52.01654],[5.42578,52.01627],[5.42535,52.01635],[5.42597,52.01653],[5.42604,52.01673],[5.42546,52.0168],[5.4254,52.01667],[5.42485,52.01688],[5.42505,52.01711],[5.42484,52.01721],[5.42444,52.01715],[5.4243,52.01639],[5.4237,52.0166],[5.42418,52.01684],[5.42379,52.01743],[5.42431,52.01738],[5.42438,52.01759],[5.42373,52.01765],[5.42378,52.01783],[5.42477,52.01758],[5.42634,52.01765],[5.4269,52.01838],[5.42642,52.01845],[5.42594,52.01939],[5.42536,52.02004],[5.42524,52.02046],[5.42476,52.02053],[5.42485,52.02176],[5.42388,52.02151],[5.42401,52.02128],[5.42383,52.0209],[5.4241,52.02063],[5.42421,52.02001],[5.42475,52.02002],[5.42497,52.01936],[5.42469,52.01917],[5.42458,52.01868],[5.42537,52.01856],[5.42449,52.01775],[5.42274,52.018],[5.42373,52.0188],[5.42257,52.01922],[5.42239,52.019],[5.4216,52.01969],[5.42106,52.0196],[5.4207,52.01972],[5.42082,52.01989],[5.4205,52.02],[5.41959,52.01938],[5.42065,52.01881],[5.42139,52.01818],[5.42075,52.01772],[5.42028,52.018],[5.42077,52.01741],[5.41906,52.01718],[5.41714,52.01572],[5.41581,52.01612],[5.41639,52.0161],[5.41672,52.01639],[5.41591,52.01671],[5.41553,52.01652],[5.41538,52.01625],[5.41524,52.0163],[5.41614,52.01723],[5.41594,52.01733],[5.41867,52.01892],[5.41904,52.0192],[5.41887,52.01929],[5.41922,52.01978],[5.4199,52.01982],[5.41997,52.02023],[5.41525,52.03225],[5.41813,52.03293],[5.41791,52.03328],[5.4175,52.0333],[5.41729,52.03326],[5.41748,52.0329],[5.41721,52.03277],[5.41712,52.03293],[5.4173,52.03297],[5.41709,52.0331],[5.41715,52.03323],[5.41673,52.03328],[5.41654,52.03316],[5.4167,52.03313],[5.41667,52.0327],[5.41633,52.03276]],[[5.41905,52.03316],[5.41938,52.03324],[5.41975,52.03332],[5.4195,52.03372],[5.4188,52.03356],[5.41905,52.03316]],[[5.42837,52.03055],[5.42872,52.03052],[5.42877,52.03076],[5.42843,52.03078],[5.42837,52.03055]],[[5.42866,52.03029],[5.42821,52.03004],[5.42967,52.02969],[5.4298,52.03045],[5.42872,52.03052],[5.42866,52.03029]],[[5.42746,52.02917],[5.42747,52.02891],[5.42834,52.02848],[5.42831,52.02833],[5.42789,52.02837],[5.42786,52.02823],[5.42822,52.02817],[5.42822,52.02792],[5.42682,52.02793],[5.42706,52.02983],[5.42678,52.02961],[5.42656,52.02778],[5.43191,52.02774],[5.43226,52.03137],[5.43046,52.03144],[5.42993,52.02855],[5.42929,52.02884],[5.42937,52.02924],[5.42841,52.02897],[5.42837,52.02866],[5.42765,52.02928],[5.42746,52.02917]],[[5.42202,52.02011],[5.42298,52.01957],[5.42328,52.01968],[5.42265,52.02009],[5.42202,52.02011]],[[5.41837,52.03062],[5.41927,52.03],[5.41949,52.03007],[5.41944,52.03032],[5.41969,52.03035],[5.41941,52.03044],[5.41931,52.03078],[5.41879,52.03106],[5.41835,52.03084],[5.41837,52.03062]],[[5.42073,52.02917],[5.42082,52.02906],[5.42065,52.02929],[5.42073,52.02917]],[[5.42754,52.0283],[5.42736,52.02832],[5.42727,52.02817],[5.4275,52.02805],[5.42754,52.0283]],[[5.42746,52.02959],[5.42769,52.02957],[5.4277,52.02968],[5.42748,52.02969],[5.42746,52.02959]],[[5.42822,52.02973],[5.42819,52.02954],[5.42849,52.02942],[5.42892,52.02946],[5.42896,52.02962],[5.42822,52.02973]],[[5.43239,52.02273],[5.43283,52.02273],[5.43191,52.02273],[5.43239,52.02273]],[[5.44388,52.02591],[5.44386,52.02552],[5.44442,52.02615],[5.44422,52.02609],[5.44388,52.02591]],[[5.44905,52.02362],[5.45099,52.02402],[5.44902,52.02368],[5.44905,52.02362]],[[5.44781,52.02417],[5.44748,52.02437],[5.44761,52.02468],[5.44736,52.02464],[5.44732,52.02402],[5.44781,52.02417]],[[5.44974,52.0314],[5.44998,52.03072],[5.45036,52.02972],[5.44974,52.0314]]]}},{"type":"Feature","properties":{"class":"forest"},"geometry":{"type":"Polygon","coordinates":[[[5.44671,52.03446],[5.4466,52.03487],[5.4464,52.03497],[5.44651,52.03512],[5.44632,52.03523],[5.4454,52.03511],[5.44494,52.03538],[5.44465,52.03536],[5.44432,52.0352],[5.44447,52.03489],[5.44542,52.03453],[5.44383,52.03392],[5.44309,52.03406],[5.44296,52.03373],[5.44271,52.03363],[5.44277,52.03382],[5.44215,52.03376],[5.44229,52.03364],[5.442,52.03356],[5.44174,52.03323],[5.44129,52.03333],[5.44138,52.03378],[5.44109,52.03479],[5.44116,52.03513],[5.44052,52.03552],[5.4406,52.03585],[5.44031,52.03611],[5.44089,52.03654],[5.43991,52.03651],[5.43982,52.03754],[5.44029,52.03762],[5.44033,52.03683],[5.44145,52.03707],[5.44143,52.038],[5.44251,52.038],[5.44247,52.03762],[5.44331,52.0376],[5.44344,52.03761],[5.44348,52.038],[5.44811,52.038],[5.44828,52.03659],[5.45248,52.03692],[5.45243,52.03709],[5.4597,52.03766],[5.45974,52.03731],[5.45882,52.03724],[5.45874,52.0371],[5.45826,52.03719],[5.45756,52.03715],[5.45806,52.03517],[5.45908,52.03447],[5.46053,52.03375],[5.46076,52.03373],[5.46157,52.03406],[5.4619,52.03387],[5.46149,52.03363],[5.46109,52.0331],[5.46084,52.03202],[5.46056,52.03207],[5.46083,52.03288],[5.45988,52.03257],[5.45971,52.0322],[5.46014,52.0317],[5.45987,52.0314],[5.45928,52.03154],[5.4594,52.03182],[5.45927,52.032],[5.45846,52.03205],[5.45827,52.03171],[5.45811,52.03177],[5.4583,52.03211],[5.45815,52.0323],[5.45825,52.03262],[5.45758,52.03258],[5.45774,52.03222],[5.45618,52.03195],[5.4565,52.03216],[5.45596,52.03218],[5.45557,52.03186],[5.45307,52.03174],[5.45424,52.03226],[5.4538,52.03242],[5.45309,52.0322],[5.45293,52.03174],[5.45171,52.03178],[5.4514,52.03205],[5.45207,52.03209],[5.45196,52.03231],[5.45206,52.03283],[5.45182,52.0332],[5.452,52.03322],[5.4523,52.03286],[5.45239,52.03292],[5.45263,52.03402],[5.45104,52.03407],[5.45148,52.0337],[5.45113,52.03357],[5.4512,52.03311],[5.4506,52.03206],[5.45069,52.03188],[5.45107,52.03189],[5.45115,52.03176],[5.44923,52.03144],[5.44927,52.03182],[5.4488,52.0321],[5.44891,52.03234],[5.44921,52.03229],[5.44918,52.03271],[5.44848,52.03247],[5.44803,52.03252],[5.44786,52.0327],[5.44666,52.03269],[5.44672,52.03355],[5.44648,52.03362],[5.44609,52.03342],[5.44608,52.03356],[5.44631,52.03383],[5.44624,52.03419],[5.44671,52.03446]],[[5.44495,52.03601],[5.44498,52.03591],[5.44495,52.03605],[5.44495,52.03601]],[[5.44471,52.03541],[5.44475,52.03546],[5.44481,52.03554],[5.44471,52.03541]],[[5.45751,52.03351],[5.45757,52.0331],[5.45875,52.03263],[5.45927,52.03268],[5.45955,52.03289],[5.45841,52.0337],[5.45799,52.03373],[5.45789,52.03356],[5.45751,52.03351]],[[5.45669,52.0358],[5.45765,52.03564],[5.45731,52.03714],[5.45563,52.03699],[5.45586,52.03637],[5.45669,52.0358]],[[5.45141,52.03531],[5.45219,52.03519],[5.45255,52.0355],[5.45202,52.03585],[5.45162,52.03578],[5.45141,52.03531]]]}},{"type":"Feature","properties":{"class":"forest"},"geometry":{"type":"Polygon","coordinates":[[[5.42367,51.99242],[5.42581,51.99313],[5.42632,51.99315],[5.42678,51.99298],[5.42599,51.99383],[5.42736,51.99432],[5.42555,51.99624],[5.42413,51.99571],[5.42446,51.99529],[5.42157,51.99419],[5.42241,51.9933],[5.42206,51.99317],[5.42572,51.98925],[5.42504,51.989],[5.42127,51.99301],[5.42057,51.99278],[5.41635,51.99727],[5.41698,51.99762],[5.41988,51.99449],[5.42059,51.99474],[5.41753,51.99793],[5.41788,51.99812],[5.41965,51.99624],[5.41998,51.99636],[5.41815,51.99826],[5.4188,51.99863],[5.42253,51.99463],[5.42431,51.9953],[5.42403,51.99573],[5.42472,51.99601],[5.42274,51.99811],[5.42079,51.99745],[5.41937,51.99895],[5.42118,51.99996],[5.42483,51.99605],[5.42639,51.99663],[5.42469,51.99846],[5.42566,51.99875],[5.42409,52.00042],[5.42421,52.0005],[5.42743,51.99703],[5.42767,51.99704],[5.42905,51.99558],[5.429,51.99547],[5.42969,51.9949],[5.42997,51.99499],[5.4305,51.99442],[5.43084,51.99453],[5.43115,51.99425],[5.43238,51.99458],[5.43056,51.99399],[5.43283,51.99156],[5.4327,51.99149],[5.43043,51.99395],[5.43188,51.99229],[5.43175,51.99224],[5.43023,51.99388],[5.42865,51.99338],[5.43021,51.99164],[5.42856,51.99335],[5.42691,51.99287],[5.42956,51.99005],[5.42822,51.9895],[5.42751,51.99025],[5.42615,51.98976],[5.42367,51.99242]],[[5.42667,51.99124],[5.42687,51.99108],[5.42709,51.99117],[5.42637,51.99195],[5.42616,51.99182],[5.42676,51.99134],[5.42667,51.99124]]]}},{"type":"Feature","properties":{"class":"forest"},"geometry":{"type":"Polygon","coordinates":[[[5.4444,51.99749],[5.44339,51.99721],[5.44407,51.9964],[5.43672,51.99453],[5.43799,51.99345],[5.436,51.99283],[5.43158,51.99715],[5.43233,51.99745],[5.43112,51.9986],[5.43151,51.99875],[5.43136,51.9989],[5.43187,51.9991],[5.4314,51.9993],[5.42733,52.00309],[5.42768,52.00307],[5.43169,51.99929],[5.43936,52.00124],[5.4417,51.99978],[5.44254,52.00029],[5.44258,52.00019],[5.44211,51.99991],[5.44374,51.99901],[5.44355,51.99892],[5.44203,51.99991],[5.44181,51.99974],[5.44329,51.99877],[5.4346,51.99654],[5.43587,51.99533],[5.4444,51.99749]],[[5.44027,52.00026],[5.43902,52.00104],[5.43206,51.99926],[5.43302,51.99835],[5.44027,52.00026]]]}},{"type":"Feature","properties":{"class":"forest"},"geometry":{"type":"Polygon","coordinates":[[[5.40704,52.02409],[5.40747,52.02575],[5.40843,52.02559],[5.40898,52.02584],[5.40929,52.02643],[5.40851,52.02696],[5.40785,52.02716],[5.40797,52.02762],[5.40746,52.02816],[5.40792,52.02866],[5.40974,52.03018],[5.41091,52.0298],[5.41118,52.02957],[5.41133,52.02957],[5.41153,52.02974],[5.4131,52.02923],[5.41418,52.03141],[5.41487,52.02943],[5.41598,52.02958],[5.41655,52.0281],[5.41488,52.02794],[5.41312,52.02903],[5.41226,52.02931],[5.4118,52.02935],[5.41123,52.02901],[5.41094,52.02846],[5.4107,52.02845],[5.4109,52.02802],[5.41038,52.02809],[5.41021,52.02764],[5.41068,52.02738],[5.41105,52.02769],[5.41126,52.02753],[5.41129,52.02779],[5.41193,52.02802],[5.41396,52.02834],[5.41472,52.02793],[5.41507,52.02787],[5.41659,52.02806],[5.41737,52.02619],[5.41347,52.02653],[5.41319,52.02672],[5.41274,52.02685],[5.41194,52.02666],[5.41146,52.02577],[5.40953,52.02656],[5.40865,52.02733],[5.40937,52.02658],[5.40975,52.0264],[5.4093,52.02545],[5.40875,52.02556],[5.40927,52.0254],[5.40872,52.02466],[5.40859,52.02419],[5.408,52.02424],[5.40857,52.02414],[5.40831,52.0237],[5.40827,52.02312],[5.4078,52.02265],[5.40765,52.0221],[5.40591,52.02176],[5.40605,52.02303],[5.407,52.02314],[5.40743,52.02355],[5.40684,52.02362],[5.40677,52.02386],[5.40616,52.02392],[5.40617,52.02408],[5.40671,52.02397],[5.40704,52.02409]]]}},{"type":"Feature","properties":{"class":"forest"},"geometry":{"type":"Polygon","coordinates":[[[5.47063,52.01531],[5.4693,52.01555],[5.47063,52.0173],[5.47133,52.01855],[5.47239,52.01833],[5.47255,52.01863],[5.47131,52.01864],[5.47058,52.01735],[5.46917,52.01546],[5.46842,52.01374],[5.46822,52.01382],[5.46799,52.0145],[5.46834,52.01574],[5.46952,52.01659],[5.47174,52.0218],[5.47192,52.02176],[5.47294,52.01989],[5.47542,52.01931],[5.47381,52.01727],[5.47225,52.01478],[5.47136,52.01298],[5.4683,52.01326],[5.46927,52.0155],[5.46997,52.01533],[5.47063,52.01531]]]}},{"type":"Feature","properties":{"class":"forest"},"geometry":{"type":"Polygon","coordinates":[[[5.46378,52.02888],[5.46394,52.03103],[5.46458,52.0319],[5.46691,52.034],[5.4676,52.03427],[5.47031,52.03485],[5.47069,52.03415],[5.47155,52.0335],[5.47082,52.03268],[5.46847,52.03254],[5.46815,52.03216],[5.46805,52.03154],[5.46823,52.03071],[5.46906,52.02969],[5.46958,52.02954],[5.47094,52.02966],[5.47087,52.02915],[5.46946,52.02902],[5.46839,52.02915],[5.46654,52.02894],[5.46378,52.02888]]]}},{"type":"Feature","properties":{"class":"forest"},"geometry":{"type":"Polygon","coordinates":[[[5.473,52.02522],[5.466,52.02582],[5.46624,52.02885],[5.46846,52.0291],[5.46945,52.02897],[5.47085,52.02909],[5.47038,52.02738],[5.47309,52.02732],[5.47294,52.02668],[5.47342,52.02611],[5.47305,52.0252],[5.4747,52.02501],[5.47326,52.02199],[5.47189,52.02215],[5.47303,52.025],[5.473,52.02522]]]}},{"type":"Feature","properties":{"class":"forest"},"geometry":{"type":"Polygon","coordinates":[[[5.48614,52.035],[5.48271,52.03612],[5.48201,52.0367],[5.47831,52.03611],[5.47789,52.038],[5.4824,52.038],[5.48268,52.03785],[5.48334,52.038],[5.4847,52.038],[5.48495,52.03646],[5.48921,52.03669],[5.48895,52.03553],[5.48937,52.0353],[5.48963,52.03543],[5.48969,52.03516],[5.48939,52.0351],[5.48817,52.03454],[5.48749,52.03443],[5.48726,52.0343],[5.48614,52.035]]]}},{"type":"Feature","properties":{"class":"forest"},"geometry":{"type":"Polygon","coordinates":[[[5.40675,52.0293],[5.40453,52.02752],[5.40379,52.02713],[5.40317,52.02651],[5.40248,52.0252],[5.40297,52.02484],[5.40435,52.02471],[5.40417,52.02455],[5.40379,52.0246],[5.40322,52.02255],[5.40331,52.0222],[5.40408,52.02178],[5.40405,52.02123],[5.40308,52.02197],[5.40294,52.0227],[5.40298,52.02406],[5.40272,52.0248],[5.40236,52.02515],[5.40136,52.02561],[5.40191,52.02636],[5.40248,52.02681],[5.40237,52.02693],[5.40122,52.02729],[5.40195,52.02812],[5.40114,52.02732],[5.39956,52.02782],[5.40156,52.02867],[5.4034,52.02812],[5.40323,52.02792],[5.40416,52.02761],[5.4054,52.02843],[5.40294,52.02939],[5.40265,52.0292],[5.4024,52.02926],[5.40293,52.02962],[5.40327,52.03004],[5.40346,52.02975],[5.40329,52.02954],[5.40459,52.02916],[5.40398,52.0295],[5.40407,52.02992],[5.40359,52.02986],[5.40331,52.0301],[5.40341,52.03022],[5.40607,52.03075],[5.40592,52.03105],[5.40569,52.03102],[5.40598,52.03077],[5.40345,52.03028],[5.40477,52.03196],[5.40879,52.03064],[5.40675,52.0293]],[[5.40607,52.0298],[5.40604,52.03],[5.40565,52.03003],[5.4055,52.02974],[5.40582,52.02954],[5.40607,52.0298]],[[5.40602,52.03025],[5.40592,52.03036],[5.40596,52.03024],[5.40602,52.03025]],[[5.40491,52.03066],[5.40514,52.03076],[5.40484,52.0307],[5.40491,52.03066]],[[5.40523,52.03118],[5.40541,52.03117],[5.40538,52.03132],[5.40522,52.0313],[5.40523,52.03118]]]}},{"type":"Feature","properties":{"class":"forest"},"geometry":{"type":"Polygon","coordinates":[[[5.4624,52.01074],[5.46488,52.01074],[5.46493,52.01187],[5.46483,52.01139],[5.46245,52.01136],[5.46251,52.01214],[5.46414,52.01279],[5.46483,52.01355],[5.46754,52.01328],[5.46709,52.01138],[5.46759,52.01328],[5.4682,52.01321],[5.46745,52.01131],[5.46816,52.01107],[5.46739,52.01054],[5.46736,52.01018],[5.46766,52.00995],[5.46754,52.00958],[5.46668,52.00928],[5.46737,52.01103],[5.46706,52.01128],[5.46636,52.01118],[5.46561,52.01078],[5.46513,52.01039],[5.46485,52.00959],[5.46308,52.00859],[5.46369,52.00887],[5.46392,52.00876],[5.46449,52.00882],[5.46488,52.00869],[5.46389,52.00843],[5.46304,52.00852],[5.4623,52.00811],[5.46347,52.00776],[5.46453,52.00766],[5.46454,52.00783],[5.46406,52.00796],[5.46433,52.00812],[5.46491,52.00776],[5.46474,52.00753],[5.46354,52.00765],[5.46175,52.00816],[5.46134,52.00807],[5.45976,52.00827],[5.45995,52.00888],[5.46219,52.00869],[5.46222,52.00833],[5.46231,52.00951],[5.46448,52.00944],[5.46231,52.00956],[5.46235,52.01014],[5.46469,52.01013],[5.46236,52.01019],[5.4624,52.01074]]]}},{"type":"Feature","properties":{"class":"forest"},"geometry":{"type":"Polygon","coordinates":[[[5.40978,52.01406],[5.41186,52.01532],[5.4104,52.01585],[5.4088,52.01457],[5.40893,52.0145],[5.40877,52.01435],[5.40752,52.01501],[5.40852,52.01582],[5.40822,52.01596],[5.40771,52.01557],[5.40689,52.01624],[5.40516,52.01547],[5.40522,52.01565],[5.40662,52.01629],[5.40645,52.01643],[5.40533,52.01593],[5.40503,52.01559],[5.40563,52.01697],[5.40614,52.01748],[5.4063,52.01788],[5.40681,52.01768],[5.40781,52.01701],[5.40859,52.01665],[5.40688,52.01768],[5.40629,52.01791],[5.4058,52.01912],[5.40649,52.01998],[5.41085,52.01831],[5.41306,52.01716],[5.4122,52.01662],[5.41218,52.01687],[5.41178,52.01687],[5.41234,52.01724],[5.4123,52.01734],[5.41053,52.01823],[5.40889,52.01727],[5.40867,52.01676],[5.40891,52.01642],[5.41022,52.01615],[5.41082,52.01611],[5.41101,52.01585],[5.41207,52.01529],[5.40751,52.01253],[5.40733,52.0126],[5.40942,52.01401],[5.40885,52.01431],[5.40904,52.01445],[5.40978,52.01406]]]}},{"type":"Feature","properties":{"class":"forest"},"geometry":{"type":"Polygon","coordinates":[[[5.40787,52.02009],[5.41055,52.02016],[5.41142,52.0205],[5.41087,52.02103],[5.413,52.02191],[5.41186,52.02287],[5.41289,52.02193],[5.41231,52.02169],[5.4111,52.02268],[5.41155,52.02223],[5.41021,52.02163],[5.40972,52.02206],[5.40936,52.02215],[5.40884,52.02211],[5.40763,52.02175],[5.40775,52.02067],[5.4072,52.02064],[5.40676,52.02114],[5.407,52.02133],[5.40594,52.02171],[5.40953,52.02237],[5.41224,52.02312],[5.41452,52.02115],[5.4159,52.02047],[5.41263,52.01941],[5.41246,52.01948],[5.41254,52.0194],[5.41096,52.01855],[5.40951,52.019],[5.40976,52.01941],[5.40949,52.01948],[5.4092,52.01929],[5.40912,52.01949],[5.40908,52.01917],[5.408,52.01964],[5.40662,52.02014],[5.4072,52.02054],[5.40787,52.02009]]]}},{"type":"Feature","properties":{"class":"forest"},"geometry":{"type":"Polygon","coordinates":[[[5.48213,52.03095],[5.48023,52.03075],[5.47832,52.03604],[5.47994,52.03636],[5.47981,52.03582],[5.48035,52.0356],[5.48065,52.03593],[5.48049,52.03621],[5.48008,52.03639],[5.48205,52.03664],[5.48228,52.03631],[5.48213,52.03095]]]}},{"type":"Feature","properties":{"class":"forest"},"geometry":{"type":"Polygon","coordinates":[[[5.44171,52.01391],[5.44155,52.01404],[5.44096,52.01378],[5.43918,52.01418],[5.43841,52.01456],[5.43704,52.01496],[5.43736,52.01515],[5.43679,52.01527],[5.4366,52.01509],[5.43643,52.01514],[5.43756,52.01627],[5.43887,52.01548],[5.43906,52.01553],[5.43894,52.01565],[5.43932,52.01559],[5.43907,52.01536],[5.43936,52.01527],[5.43961,52.01559],[5.43951,52.01566],[5.44057,52.01644],[5.44092,52.01654],[5.44118,52.01699],[5.44136,52.01878],[5.44102,52.01717],[5.44037,52.01704],[5.4389,52.01732],[5.44162,52.01912],[5.44247,52.01895],[5.44133,52.01644],[5.44158,52.01483],[5.44278,52.014],[5.4421,52.01371],[5.44211,52.01357],[5.44259,52.01323],[5.44075,52.01253],[5.44009,52.01322],[5.43971,52.01334],[5.43823,52.01446],[5.43704,52.0148],[5.43687,52.01471],[5.43687,52.01485],[5.43634,52.01503],[5.43803,52.01462],[5.43899,52.01419],[5.44075,52.01372],[5.44004,52.01338],[5.44017,52.01326],[5.44171,52.01391]]]}},{"type":"Feature","properties":{"class":"forest"},"geometry":{"type":"Polygon","coordinates":[[[5.4475,52.02196],[5.45589,52.02591],[5.45621,52.02563],[5.45463,52.02217],[5.45279,52.02177],[5.4494,52.02207],[5.4475,52.02196]]]}},{"type":"Feature","properties":{"class":"forest"},"geometry":{"type":"Polygon","coordinates":[[[5.47818,52.03076],[5.47706,52.03297],[5.47745,52.03293],[5.47758,52.03256],[5.47788,52.03264],[5.47767,52.03314],[5.47795,52.03311],[5.47768,52.03324],[5.47743,52.03368],[5.47727,52.03365],[5.47744,52.03325],[5.47597,52.03333],[5.47446,52.03332],[5.47383,52.03364],[5.4739,52.03413],[5.47423,52.03444],[5.47668,52.03478],[5.47647,52.03581],[5.47738,52.03582],[5.47822,52.03604],[5.48014,52.03074],[5.47909,52.03065],[5.47818,52.03076]],[[5.47849,52.03266],[5.47837,52.03257],[5.4786,52.03206],[5.47887,52.03209],[5.47874,52.03253],[5.47849,52.03266]]]}},{"type":"Feature","properties":{"class":"forest"},"geometry":{"type":"Polygon","coordinates":[[[5.46674,51.99877],[5.46693,51.99927],[5.46716,51.99941],[5.47013,51.99885],[5.47097,51.99853],[5.47232,51.9976],[5.47423,51.99664],[5.47931,51.992],[5.47902,51.99191],[5.47952,51.99046],[5.47906,51.99011],[5.47971,51.98961],[5.47947,51.98946],[5.47895,51.98976],[5.47763,51.99088],[5.47774,51.99107],[5.477,51.99203],[5.47677,51.99194],[5.4765,51.99237],[5.47598,51.99447],[5.47429,51.99604],[5.47119,51.99765],[5.46886,51.99843],[5.46683,51.99854],[5.46674,51.99877]],[[5.4685,51.99907],[5.46721,51.99931],[5.46702,51.99889],[5.46826,51.99869],[5.46861,51.99883],[5.4685,51.99907]]]}},{"type":"Feature","properties":{"class":"forest"},"geometry":{"type":"Polygon","coordinates":[[[5.39948,52.01053],[5.39957,52.01006],[5.39946,52.00933],[5.3986,52.00886],[5.39833,52.00886],[5.39708,52.01005],[5.3988,52.01112],[5.397,52.0123],[5.397,52.01243],[5.39901,52.01118],[5.397,52.01266],[5.40021,52.01433],[5.40125,52.01367],[5.40134,52.01372],[5.40119,52.01404],[5.40172,52.01441],[5.40166,52.01508],[5.40178,52.01515],[5.40459,52.01399],[5.4035,52.01311],[5.40179,52.01414],[5.40131,52.01384],[5.40206,52.01337],[5.39944,52.01215],[5.39911,52.01182],[5.3991,52.0115],[5.39944,52.01088],[5.39989,52.01056],[5.40137,52.01058],[5.40218,52.01096],[5.40077,52.0101],[5.39994,52.00948],[5.39997,52.01042],[5.39988,52.01042],[5.39986,52.00946],[5.39963,52.0094],[5.39964,52.01046],[5.39881,52.01097],[5.39948,52.01053]],[[5.39835,52.01169],[5.3985,52.01177],[5.39834,52.01169],[5.39835,52.01169]],[[5.3985,52.01177],[5.39973,52.01245],[5.39851,52.01326],[5.3975,52.01272],[5.39742,52.01247],[5.3985,52.01177]],[[5.40049,52.01391],[5.40043,52.01376],[5.40063,52.01379],[5.40049,52.01391]]]}},{"type":"Feature","properties":{"class":"forest"},"geometry":{"type":"Polygon","coordinates":[[[5.47351,52.02615],[5.47302,52.0268],[5.47406,52.02966],[5.47279,52.02971],[5.47282,52.03157],[5.47358,52.0315],[5.47457,52.03066],[5.47613,52.02658],[5.47546,52.02667],[5.47471,52.02505],[5.47315,52.02523],[5.47351,52.02615]]]}},{"type":"Feature","properties":{"class":"forest"},"geometry":{"type":"Polygon","coordinates":[[[5.45994,52.02498],[5.46071,52.02488],[5.46052,52.02232],[5.45857,52.02241],[5.45872,52.02675],[5.4585,52.02679],[5.45718,52.02597],[5.45627,52.02567],[5.45596,52.02594],[5.4602,52.02794],[5.46086,52.02709],[5.46078,52.02579],[5.45907,52.02592],[5.46077,52.02574],[5.46072,52.02494],[5.45994,52.02498]]]}},{"type":"Feature","properties":{"class":"forest"},"geometry":{"type":"Polygon","coordinates":[[[5.41603,51.9859],[5.41473,51.9854],[5.41213,51.98817],[5.41486,51.98914],[5.41885,51.98491],[5.41816,51.98465],[5.41698,51.98588],[5.41629,51.98563],[5.41603,51.9859]]]}},{"type":"Feature","properties":{"class":"forest"},"geometry":{"type":"Polygon","coordinates":[[[5.47601,51.99071],[5.47593,51.9906],[5.47504,51.99088],[5.475,51.99144],[5.4748,51.99114],[5.4745,51.99104],[5.47301,51.99157],[5.472,51.99157],[5.47138,51.99198],[5.47123,51.9926],[5.47103,51.99245],[5.47081,51.9927],[5.47092,51.99349],[5.47108,51.99356],[5.47154,51.9931],[5.47187,51.99208],[5.4723,51.99227],[5.47162,51.99574],[5.47194,51.99613],[5.47238,51.9961],[5.47278,51.99552],[5.47282,51.99462],[5.47317,51.99346],[5.47307,51.99251],[5.47428,51.99143],[5.47352,51.99281],[5.47361,51.99389],[5.47339,51.99419],[5.47345,51.99451],[5.47321,51.99472],[5.47325,51.99529],[5.47311,51.99563],[5.4733,51.99565],[5.47421,51.99494],[5.474,51.9947],[5.47425,51.9941],[5.47396,51.99387],[5.4738,51.99344],[5.47437,51.99307],[5.47529,51.9931],[5.47539,51.99283],[5.47508,51.99196],[5.47567,51.99209],[5.4758,51.99169],[5.47692,51.99065],[5.47621,51.99054],[5.47637,51.99068],[5.47626,51.99087],[5.47556,51.99163],[5.47567,51.99104],[5.47601,51.99071]]]}},{"type":"Feature","properties":{"class":"forest"},"geometry":{"type":"Polygon","coordinates":[[[5.40466,52.01807],[5.40224,52.01892],[5.4023,52.01993],[5.39967,52.02072],[5.39982,52.02217],[5.40538,52.02036],[5.40477,52.01898],[5.40466,52.01807]]]}},{"type":"Feature","properties":{"class":"forest"},"geometry":{"type":"Polygon","coordinates":[[[5.46116,52.02779],[5.46077,52.02791],[5.46051,52.02765],[5.46026,52.02798],[5.46146,52.0286],[5.46282,52.02974],[5.46302,52.02899],[5.46367,52.02882],[5.46342,52.02535],[5.46276,52.02546],[5.46083,52.02552],[5.46095,52.02707],[5.46055,52.02761],[5.4607,52.02766],[5.46088,52.02745],[5.4611,52.02753],[5.46096,52.02773],[5.46116,52.02779]]]}},{"type":"Feature","properties":{"class":"forest"},"geometry":{"type":"Polygon","coordinates":[[[5.40767,52.03677],[5.4101,52.038],[5.41127,52.038],[5.41218,52.0375],[5.41216,52.03725],[5.41143,52.03696],[5.41261,52.03607],[5.41299,52.03629],[5.4121,52.038],[5.41243,52.038],[5.41323,52.03633],[5.41141,52.03507],[5.41127,52.0352],[5.41192,52.03567],[5.41092,52.03497],[5.41065,52.03494],[5.40895,52.03562],[5.41127,52.03691],[5.40953,52.03603],[5.40767,52.03677]]]}},{"type":"Feature","properties":{"class":"forest"},"geometry":{"type":"Polygon","coordinates":[[[5.45864,52.02673],[5.45856,52.02592],[5.4567,52.02168],[5.45472,52.02216],[5.45629,52.02561],[5.45724,52.02593],[5.45864,52.02673]],[[5.45735,52.02415],[5.45708,52.02385],[5.457,52.02359],[5.45735,52.02353],[5.4576,52.02409],[5.45735,52.02415]]]}},{"type":"Feature","properties":{"class":"forest"},"geometry":{"type":"Polygon","coordinates":[[[5.41404,52.0181],[5.41359,52.01859],[5.41504,52.0191],[5.4149,52.0192],[5.41506,52.01937],[5.415,52.01953],[5.41424,52.01989],[5.41598,52.02044],[5.4186,52.0193],[5.41522,52.01732],[5.4139,52.01701],[5.41313,52.01743],[5.41392,52.01789],[5.41404,52.0181]]]}},{"type":"Feature","properties":{"class":"forest"},"geometry":{"type":"Polygon","coordinates":[[[5.47704,52.02857],[5.47845,52.02886],[5.47975,52.02886],[5.47713,52.02478],[5.47658,52.02484],[5.47664,52.02545],[5.47551,52.02839],[5.47704,52.02857]]]}},{"type":"Feature","properties":{"class":"forest"},"geometry":{"type":"Polygon","coordinates":[[[5.40169,52.01738],[5.39941,52.01779],[5.40128,52.01761],[5.39941,52.0179],[5.39953,52.01917],[5.40235,52.01881],[5.40475,52.01795],[5.40354,52.01652],[5.40281,52.01589],[5.40355,52.01668],[5.40247,52.01716],[5.40176,52.01593],[5.40175,52.01526],[5.40157,52.01516],[5.4012,52.01568],[5.40023,52.01547],[5.40118,52.01579],[5.40169,52.01738]],[[5.40284,52.01798],[5.4029,52.01774],[5.40271,52.01745],[5.40321,52.01785],[5.40317,52.018],[5.40284,52.01798]]]}},{"type":"Feature","properties":{"class":"forest"},"geometry":{"type":"Polygon","coordinates":[[[5.46641,52.01969],[5.46476,52.0198],[5.46312,52.01965],[5.46329,52.02213],[5.46461,52.02208],[5.46568,52.02228],[5.46564,52.02141],[5.46815,52.02119],[5.46805,52.02049],[5.4665,52.02059],[5.46641,52.01969]]]}},{"type":"Feature","properties":{"class":"forest"},"geometry":{"type":"Polygon","coordinates":[[[5.49624,52.03095],[5.49652,52.03157],[5.4951,52.03182],[5.49516,52.032],[5.49563,52.03203],[5.49685,52.0345],[5.49619,52.03286],[5.49692,52.0327],[5.49898,52.03724],[5.49937,52.03768],[5.49931,52.03789],[5.49982,52.03774],[5.49962,52.03732],[5.49998,52.03728],[5.50027,52.0376],[5.49913,52.03531],[5.49839,52.03547],[5.49782,52.03434],[5.49844,52.03422],[5.4991,52.03526],[5.49848,52.03395],[5.49855,52.03379],[5.49685,52.03042],[5.4983,52.02986],[5.49636,52.0305],[5.49653,52.03089],[5.49624,52.03095]]]}},{"type":"Feature","properties":{"class":"forest"},"geometry":{"type":"Polygon","coordinates":[[[5.46079,52.01431],[5.46195,52.01736],[5.46194,52.01784],[5.46149,52.01882],[5.46184,52.02025],[5.46313,52.02152],[5.46267,52.01486],[5.46119,52.01429],[5.46079,52.01431]],[[5.46268,52.01963],[5.46187,52.0196],[5.46175,52.01912],[5.46253,52.01919],[5.46268,52.01963]]]}},{"type":"Feature","properties":{"class":"forest"},"geometry":{"type":"Polygon","coordinates":[[[5.41387,52.03098],[5.41315,52.02939],[5.409,52.03063],[5.41041,52.03233],[5.41387,52.03098]]]}},{"type":"Feature","properties":{"class":"forest"},"geometry":{"type":"Polygon","coordinates":[[[5.47546,52.01936],[5.47288,52.02002],[5.47192,52.02208],[5.47313,52.02194],[5.47286,52.02125],[5.47321,52.02193],[5.4745,52.02176],[5.47466,52.02096],[5.47459,52.02175],[5.47615,52.02154],[5.47615,52.02014],[5.47546,52.01936]]]}},{"type":"Feature","properties":{"class":"forest"},"geometry":{"type":"Polygon","coordinates":[[[5.45791,52.01439],[5.45535,52.01521],[5.45577,52.01751],[5.45841,52.01757],[5.45837,52.01656],[5.45791,52.01439]]]}},{"type":"Feature","properties":{"class":"forest"},"geometry":{"type":"Polygon","coordinates":[[[5.46925,52.02278],[5.46892,52.02277],[5.46904,52.02297],[5.46962,52.02307],[5.46983,52.02357],[5.46961,52.02367],[5.46986,52.02434],[5.46915,52.02446],[5.4687,52.02318],[5.46865,52.0228],[5.46882,52.02276],[5.46808,52.02268],[5.46741,52.02226],[5.46575,52.02234],[5.46578,52.0233],[5.46778,52.02311],[5.46711,52.02322],[5.46734,52.02445],[5.46753,52.02429],[5.46843,52.02419],[5.46866,52.02456],[5.46744,52.02451],[5.46744,52.0249],[5.4687,52.02479],[5.46966,52.0245],[5.47213,52.02309],[5.47202,52.02282],[5.47047,52.02326],[5.47014,52.02302],[5.47009,52.02276],[5.47099,52.02255],[5.47055,52.02212],[5.46925,52.02278]]]}},{"type":"Feature","properties":{"class":"forest"},"geometry":{"type":"Polygon","coordinates":[[[5.46858,52.02485],[5.4659,52.02508],[5.46597,52.02573],[5.47026,52.02543],[5.46962,52.02481],[5.47035,52.02542],[5.473,52.02513],[5.47215,52.02315],[5.4697,52.02454],[5.46858,52.02485]]]}},{"type":"Feature","properties":{"class":"forest"},"geometry":{"type":"Polygon","coordinates":[[[5.39955,52.02476],[5.39865,52.02342],[5.397,52.02359],[5.397,52.02472],[5.39815,52.02554],[5.39928,52.02587],[5.39942,52.0258],[5.39947,52.02527],[5.39962,52.02516],[5.40029,52.02496],[5.40228,52.02387],[5.40248,52.02349],[5.40244,52.02301],[5.40174,52.02288],[5.40031,52.02366],[5.40007,52.02411],[5.40027,52.0242],[5.40039,52.02454],[5.39991,52.02489],[5.39955,52.02476]]]}},{"type":"Feature","properties":{"class":"forest"},"geometry":{"type":"Polygon","coordinates":[[[5.44298,52.01622],[5.44409,52.01858],[5.44509,52.01836],[5.44606,52.01772],[5.44659,52.01756],[5.44586,52.01542],[5.44298,52.01622]]]}},{"type":"Feature","properties":{"class":"forest"},"geometry":{"type":"Polygon","coordinates":[[[5.46641,52.01964],[5.46628,52.0181],[5.46523,52.01756],[5.46293,52.01723],[5.46311,52.0196],[5.46394,52.01959],[5.46475,52.01975],[5.46641,52.01964]]]}},{"type":"Feature","properties":{"class":"forest"},"geometry":{"type":"Polygon","coordinates":[[[5.4749,52.02997],[5.47757,52.03077],[5.47938,52.03062],[5.47849,52.02892],[5.47679,52.0286],[5.47548,52.02847],[5.4749,52.02997]]]}},{"type":"Feature","properties":{"class":"forest"},"geometry":{"type":"Polygon","coordinates":[[[5.44531,52.01835],[5.44411,52.01863],[5.4451,52.02061],[5.44621,52.02084],[5.4478,52.02061],[5.44658,52.01806],[5.44657,52.01761],[5.44531,52.01835]]]}},{"type":"Feature","properties":{"class":"forest"},"geometry":{"type":"Polygon","coordinates":[[[5.40876,52.03445],[5.40977,52.03392],[5.40848,52.03309],[5.4043,52.03486],[5.40607,52.03585],[5.40764,52.03527],[5.40876,52.03445]]]}},{"type":"Feature","properties":{"class":"forest"},"geometry":{"type":"Polygon","coordinates":[[[5.47649,52.03585],[5.47583,52.0361],[5.4748,52.03608],[5.47447,52.0378],[5.47572,52.038],[5.47781,52.038],[5.47819,52.0361],[5.4774,52.03588],[5.47649,52.03585]]]}},{"type":"Feature","properties":{"class":"forest"},"geometry":{"type":"Polygon","coordinates":[[[5.44783,52.00407],[5.44539,52.00561],[5.44735,52.00715],[5.44967,52.00599],[5.44783,52.00407]]]}},{"type":"Feature","properties":{"class":"forest"},"geometry":{"type":"Polygon","coordinates":[[[5.4558,52.02627],[5.45529,52.02677],[5.45499,52.0276],[5.45408,52.02788],[5.45454,52.02828],[5.45575,52.02887],[5.45634,52.0294],[5.45722,52.02976],[5.45731,52.02954],[5.45683,52.0294],[5.45701,52.02918],[5.4563,52.02883],[5.45626,52.02867],[5.45667,52.02854],[5.45735,52.02896],[5.45815,52.0276],[5.45741,52.02727],[5.45715,52.02675],[5.4558,52.02627]]]}},{"type":"Feature","properties":{"class":"forest"},"geometry":{"type":"Polygon","coordinates":[[[5.48154,52.02864],[5.48155,52.02837],[5.47989,52.02548],[5.47794,52.02587],[5.47978,52.02878],[5.48154,52.02864]]]}},{"type":"Feature","properties":{"class":"forest"},"geometry":{"type":"Polygon","coordinates":[[[5.45687,52.01921],[5.4563,52.0191],[5.45493,52.01953],[5.45557,52.02009],[5.45605,52.02103],[5.45675,52.02158],[5.45845,52.02115],[5.45839,52.01888],[5.45687,52.01921]]]}},{"type":"Feature","properties":{"class":"forest"},"geometry":{"type":"Polygon","coordinates":[[[5.44934,52.01188],[5.44745,52.01236],[5.44725,52.01323],[5.44862,52.01494],[5.45075,52.01359],[5.44934,52.01188]]]}},{"type":"Feature","properties":{"class":"forest"},"geometry":{"type":"Polygon","coordinates":[[[5.39955,52.03252],[5.4002,52.03251],[5.40148,52.03274],[5.40222,52.03267],[5.40109,52.03123],[5.40034,52.0312],[5.39998,52.03144],[5.40053,52.03166],[5.40048,52.03177],[5.39884,52.03176],[5.39848,52.03151],[5.39833,52.03104],[5.39806,52.03078],[5.397,52.03054],[5.397,52.03183],[5.39784,52.03296],[5.39815,52.03275],[5.39955,52.03252]]]}},{"type":"Feature","properties":{"class":"forest"},"geometry":{"type":"Polygon","coordinates":[[[5.46356,52.01358],[5.46266,52.01403],[5.46276,52.0148],[5.46512,52.0148],[5.46791,52.01448],[5.46756,52.01333],[5.46486,52.0136],[5.46406,52.01321],[5.46356,52.01358]]]}},{"type":"Feature","properties":{"class":"forest"},"geometry":{"type":"Polygon","coordinates":[[[5.46915,52.02973],[5.46824,52.03089],[5.46826,52.03213],[5.46875,52.03255],[5.47082,52.03261],[5.4704,52.03164],[5.47016,52.03071],[5.47033,52.03054],[5.47115,52.03044],[5.47093,52.02973],[5.46957,52.02961],[5.46915,52.02973]]]}},{"type":"Feature","properties":{"class":"forest"},"geometry":{"type":"Polygon","coordinates":[[[5.41726,52.02079],[5.41693,52.02088],[5.41667,52.02059],[5.41914,52.01986],[5.41865,52.01934],[5.41717,52.01999],[5.41619,52.0209],[5.41662,52.02329],[5.416,52.02334],[5.41629,52.02518],[5.41697,52.02517],[5.41653,52.02257],[5.41887,52.02242],[5.41914,52.02172],[5.41845,52.02187],[5.41793,52.02105],[5.41726,52.02079]]]}},{"type":"Feature","properties":{"class":"forest"},"geometry":{"type":"Polygon","coordinates":[[[5.47358,52.03205],[5.47321,52.03291],[5.47245,52.03361],[5.47076,52.03416],[5.47035,52.03493],[5.47043,52.03508],[5.47109,52.03562],[5.47186,52.03571],[5.47256,52.03593],[5.47452,52.03077],[5.47367,52.03146],[5.47358,52.03205]]]}},{"type":"Feature","properties":{"class":"forest"},"geometry":{"type":"Polygon","coordinates":[[[5.46409,52.03136],[5.4637,52.03084],[5.46337,52.03091],[5.46315,52.03078],[5.46325,52.03059],[5.46269,52.03067],[5.46204,52.03381],[5.46219,52.03387],[5.46253,52.03351],[5.46254,52.03314],[5.46261,52.03351],[5.46227,52.03387],[5.464,52.03394],[5.46441,52.0336],[5.4645,52.03314],[5.46415,52.03306],[5.46431,52.03248],[5.46413,52.03233],[5.46423,52.0321],[5.46442,52.03203],[5.46493,52.0325],[5.46506,52.03244],[5.46409,52.03136]]]}},{"type":"Feature","properties":{"class":"forest"},"geometry":{"type":"Polygon","coordinates":[[[5.46615,52.02887],[5.46573,52.02509],[5.46562,52.02633],[5.46359,52.0264],[5.46377,52.02882],[5.46615,52.02887]]]}},{"type":"Feature","properties":{"class":"forest"},"geometry":{"type":"Polygon","coordinates":[[[5.4779,52.02583],[5.47985,52.02543],[5.47892,52.02431],[5.47817,52.02292],[5.47639,52.02299],[5.47658,52.0248],[5.4772,52.02474],[5.4779,52.02583]]]}},{"type":"Feature","properties":{"class":"forest"},"geometry":{"type":"Polygon","coordinates":[[[5.46059,52.03378],[5.45928,52.03445],[5.46002,52.03472],[5.45919,52.03448],[5.45818,52.03513],[5.45767,52.0371],[5.45845,52.03703],[5.45883,52.03706],[5.45905,52.0372],[5.45929,52.03612],[5.45994,52.03599],[5.46024,52.03472],[5.46136,52.03501],[5.46166,52.03494],[5.46186,52.03407],[5.46154,52.0341],[5.46059,52.03378]],[[5.46104,52.03423],[5.46122,52.03426],[5.46124,52.03434],[5.46102,52.03435],[5.46104,52.03423]]]}},{"type":"Feature","properties":{"class":"forest"},"geometry":{"type":"Polygon","coordinates":[[[5.47092,52.02912],[5.47217,52.02946],[5.47277,52.02967],[5.47399,52.02961],[5.47318,52.02745],[5.47047,52.02743],[5.47092,52.02912]]]}},{"type":"Feature","properties":{"class":"forest"},"geometry":{"type":"Polygon","coordinates":[[[5.48858,52.03166],[5.4837,52.03072],[5.48225,52.03094],[5.48225,52.03151],[5.48897,52.03251],[5.48858,52.03166]]]}},{"type":"Feature","properties":{"class":"forest"},"geometry":{"type":"Polygon","coordinates":[[[5.44593,52.0153],[5.44793,52.01525],[5.44856,52.01498],[5.44714,52.01322],[5.44733,52.01239],[5.44538,52.01279],[5.44593,52.0153]]]}},{"type":"Feature","properties":{"class":"forest"},"geometry":{"type":"Polygon","coordinates":[[[5.40899,51.98373],[5.40762,51.98322],[5.40483,51.98618],[5.40618,51.9867],[5.40899,51.98373]]]}},{"type":"Feature","properties":{"class":"forest"},"geometry":{"type":"Polygon","coordinates":[[[5.40836,52.0231],[5.40865,52.02412],[5.41012,52.02373],[5.41057,52.0237],[5.41183,52.02427],[5.41221,52.02397],[5.41221,52.02318],[5.40976,52.02248],[5.40774,52.02212],[5.40788,52.02263],[5.40836,52.0231]]]}},{"type":"Feature","properties":{"class":"forest"},"geometry":{"type":"Polygon","coordinates":[[[5.44484,52.01102],[5.44802,52.00998],[5.44804,52.00887],[5.44885,52.00842],[5.44803,52.00777],[5.44777,52.00838],[5.44422,52.01037],[5.44484,52.01102]]]}},{"type":"Feature","properties":{"class":"forest"},"geometry":{"type":"Polygon","coordinates":[[[5.46019,52.02856],[5.46241,52.02986],[5.46207,52.03026],[5.46225,52.03042],[5.46206,52.03066],[5.46218,52.03082],[5.46207,52.03105],[5.46152,52.03075],[5.46126,52.03097],[5.46115,52.03145],[5.46077,52.03161],[5.46115,52.03307],[5.4616,52.03363],[5.46192,52.03378],[5.46277,52.02979],[5.46105,52.02841],[5.45855,52.02723],[5.45825,52.02759],[5.45977,52.02814],[5.46019,52.02856]],[[5.46179,52.03134],[5.46194,52.03151],[5.46171,52.03192],[5.46124,52.03191],[5.46129,52.03138],[5.46179,52.03134]],[[5.46176,52.03219],[5.46161,52.03273],[5.46125,52.03272],[5.46111,52.03214],[5.46176,52.03219]]]}},{"type":"Feature","properties":{"class":"forest"},"geometry":{"type":"Polygon","coordinates":[[[5.41143,52.03308],[5.414,52.03454],[5.41472,52.03266],[5.41396,52.03253],[5.41452,52.03248],[5.41413,52.03143],[5.41143,52.03308]]]}},{"type":"Feature","properties":{"class":"forest"},"geometry":{"type":"Polygon","coordinates":[[[5.46928,52.01789],[5.46636,52.01812],[5.46647,52.01964],[5.46998,52.01939],[5.46928,52.01789]]]}},{"type":"Feature","properties":{"class":"forest"},"geometry":{"type":"Polygon","coordinates":[[[5.44169,52.01916],[5.44732,52.02188],[5.44841,52.02188],[5.44782,52.02066],[5.44621,52.02089],[5.44502,52.02068],[5.44403,52.01865],[5.44169,52.01916]]]}},{"type":"Feature","properties":{"class":"forest"},"geometry":{"type":"Polygon","coordinates":[[[5.45884,52.018],[5.45884,52.01922],[5.45867,52.0195],[5.45878,52.02117],[5.46042,52.02108],[5.46017,52.01781],[5.45884,52.018]]]}},{"type":"Feature","properties":{"class":"forest"},"geometry":{"type":"Polygon","coordinates":[[[5.48181,52.02841],[5.48315,52.02805],[5.4815,52.02504],[5.48003,52.0254],[5.48181,52.02841]]]}},{"type":"Feature","properties":{"class":"forest"},"geometry":{"type":"Polygon","coordinates":[[[5.40067,52.03788],[5.40353,52.0368],[5.40199,52.0358],[5.39986,52.0363],[5.40018,52.03791],[5.40067,52.03788]]]}},{"type":"Feature","properties":{"class":"forest"},"geometry":{"type":"Polygon","coordinates":[[[5.49202,52.03543],[5.4925,52.03691],[5.49194,52.03698],[5.49385,52.03687],[5.49189,52.03194],[5.49119,52.03221],[5.49252,52.03529],[5.49202,52.03543]]]}},{"type":"Feature","properties":{"class":"forest"},"geometry":{"type":"Polygon","coordinates":[[[5.44144,52.01132],[5.44175,52.01123],[5.44223,52.01126],[5.44316,52.01082],[5.44096,52.00907],[5.43996,52.00956],[5.44056,52.01006],[5.43991,52.01033],[5.44078,52.01098],[5.44015,52.01125],[5.44086,52.01198],[5.44144,52.01132]]]}},{"type":"Feature","properties":{"class":"forest"},"geometry":{"type":"Polygon","coordinates":[[[5.44892,52.00839],[5.45112,52.00751],[5.44971,52.00603],[5.4474,52.00719],[5.44892,52.00839]]]}},{"type":"Feature","properties":{"class":"forest"},"geometry":{"type":"Polygon","coordinates":[[[5.41279,52.0268],[5.41342,52.02648],[5.41597,52.02623],[5.41487,52.02583],[5.41413,52.0247],[5.41156,52.02571],[5.41206,52.02666],[5.41279,52.0268]]]}},{"type":"Feature","properties":{"class":"forest"},"geometry":{"type":"Polygon","coordinates":[[[5.41382,52.02408],[5.41488,52.02575],[5.41632,52.02559],[5.41595,52.02352],[5.41523,52.02341],[5.41324,52.0236],[5.41382,52.02408]]]}},{"type":"Feature","properties":{"class":"forest"},"geometry":{"type":"Polygon","coordinates":[[[5.40389,52.01525],[5.40357,52.015],[5.40376,52.01489],[5.40428,52.01515],[5.4039,52.0148],[5.40385,52.01437],[5.40186,52.01522],[5.40334,52.01621],[5.40464,52.01771],[5.40533,52.01774],[5.4062,52.0179],[5.40606,52.0175],[5.40555,52.01699],[5.4049,52.01551],[5.4045,52.01563],[5.40428,52.0155],[5.40348,52.01608],[5.40226,52.01533],[5.40307,52.01497],[5.40375,52.01534],[5.40389,52.01525]]]}},{"type":"Feature","properties":{"class":"forest"},"geometry":{"type":"Polygon","coordinates":[[[5.40183,52.02639],[5.40129,52.02564],[5.39801,52.02711],[5.39948,52.02779],[5.40239,52.02685],[5.40183,52.02639]]]}},{"type":"Feature","properties":{"class":"forest"},"geometry":{"type":"Polygon","coordinates":[[[5.48239,52.03568],[5.48275,52.03603],[5.48585,52.03503],[5.48549,52.03461],[5.48399,52.03471],[5.48351,52.03448],[5.48338,52.03358],[5.48234,52.03345],[5.48239,52.03568]]]}},{"type":"Feature","properties":{"class":"forest"},"geometry":{"type":"Polygon","coordinates":[[[5.46225,52.00951],[5.46007,52.00969],[5.46051,52.01138],[5.46243,52.01208],[5.46225,52.00951]]]}},{"type":"Feature","properties":{"class":"forest"},"geometry":{"type":"Polygon","coordinates":[[[5.47869,52.02189],[5.47675,52.02066],[5.47763,52.02179],[5.47899,52.02431],[5.47994,52.02547],[5.47888,52.02409],[5.47975,52.02384],[5.48081,52.02422],[5.48113,52.02446],[5.48151,52.02499],[5.48243,52.02476],[5.47998,52.02344],[5.47869,52.02189]]]}},{"type":"Feature","properties":{"class":"forest"},"geometry":{"type":"Polygon","coordinates":[[[5.46186,52.02546],[5.46223,52.02224],[5.46059,52.02231],[5.46083,52.02548],[5.46186,52.02546]]]}},{"type":"Feature","properties":{"class":"forest"},"geometry":{"type":"Polygon","coordinates":[[[5.39978,52.03626],[5.39884,52.03459],[5.397,52.03517],[5.397,52.0369],[5.39978,52.03626]]]}},{"type":"Feature","properties":{"class":"forest"},"geometry":{"type":"Polygon","coordinates":[[[5.47334,52.02203],[5.47477,52.025],[5.4762,52.02485],[5.47453,52.02183],[5.47334,52.02203]]]}},{"type":"Feature","properties":{"class":"forest"},"geometry":{"type":"Polygon","coordinates":[[[5.43709,52.02003],[5.43887,52.01963],[5.43969,52.01922],[5.43937,52.01839],[5.43951,52.01824],[5.43879,52.01809],[5.43915,52.01851],[5.43885,52.01883],[5.43857,52.01883],[5.43852,52.01908],[5.4366,52.01914],[5.43678,52.01824],[5.43812,52.0181],[5.43786,52.01784],[5.43792,52.01762],[5.4381,52.01757],[5.43575,52.01779],[5.43583,52.01863],[5.43634,52.01862],[5.4364,52.01926],[5.43709,52.02003]]]}},{"type":"Feature","properties":{"class":"forest"},"geometry":{"type":"Polygon","coordinates":[[[5.45334,52.0165],[5.45354,52.01761],[5.45422,52.01746],[5.45568,52.01752],[5.45527,52.01523],[5.45306,52.0161],[5.45334,52.0165]]]}},{"type":"Feature","properties":{"class":"forest"},"geometry":{"type":"Polygon","coordinates":[[[5.41586,52.03469],[5.41754,52.03581],[5.41912,52.0354],[5.41903,52.03533],[5.4194,52.03504],[5.41774,52.0342],[5.41538,52.03394],[5.41521,52.03447],[5.41586,52.03469]]]}},{"type":"Feature","properties":{"class":"forest"},"geometry":{"type":"Polygon","coordinates":[[[5.45234,52.02057],[5.45328,52.02112],[5.45337,52.02049],[5.45361,52.01996],[5.45274,52.01802],[5.45114,52.01813],[5.45234,52.02057]]]}},{"type":"Feature","properties":{"class":"forest"},"geometry":{"type":"Polygon","coordinates":[[[5.44668,52.01804],[5.4479,52.02059],[5.44914,52.02026],[5.44765,52.01721],[5.44668,52.01759],[5.44668,52.01804]]]}},{"type":"Feature","properties":{"class":"forest"},"geometry":{"type":"Polygon","coordinates":[[[5.40536,52.0112],[5.40427,52.01131],[5.40307,52.0111],[5.40204,52.01058],[5.40135,52.00967],[5.40043,52.00967],[5.40094,52.01015],[5.4043,52.0121],[5.40547,52.01241],[5.40689,52.01255],[5.40734,52.01242],[5.4078,52.01199],[5.40757,52.01192],[5.40735,52.01233],[5.40729,52.01233],[5.40536,52.0112]]]}},{"type":"Feature","properties":{"class":"forest"},"geometry":{"type":"Polygon","coordinates":[[[5.45523,52.01518],[5.45596,52.01438],[5.45534,52.01363],[5.45242,52.01445],[5.45361,52.01582],[5.45523,52.01518]],[[5.45451,52.0153],[5.45387,52.01462],[5.45406,52.01454],[5.4547,52.01522],[5.45451,52.0153]]]}},{"type":"Feature","properties":{"class":"forest"},"geometry":{"type":"Polygon","coordinates":[[[5.41084,52.02453],[5.41024,52.02376],[5.40867,52.02417],[5.40881,52.02465],[5.40935,52.02538],[5.40995,52.02532],[5.40939,52.02543],[5.40983,52.02636],[5.41144,52.02571],[5.41084,52.02453]]]}},{"type":"Feature","properties":{"class":"forest"},"geometry":{"type":"Polygon","coordinates":[[[5.39705,52.02903],[5.39805,52.02887],[5.39807,52.02907],[5.39782,52.02933],[5.39912,52.02966],[5.39944,52.03002],[5.3994,52.02964],[5.39974,52.02961],[5.3999,52.03012],[5.39967,52.03015],[5.39959,52.02981],[5.39951,52.03009],[5.39985,52.03057],[5.40006,52.03043],[5.40052,52.0305],[5.39799,52.02724],[5.39751,52.02742],[5.397,52.02748],[5.39705,52.02903]]]}},{"type":"Feature","properties":{"class":"forest"},"geometry":{"type":"Polygon","coordinates":[[[5.39862,52.02337],[5.39939,52.02428],[5.40024,52.02362],[5.40173,52.02281],[5.4024,52.02293],[5.40043,52.02227],[5.397,52.02326],[5.397,52.02354],[5.39862,52.02337]]]}},{"type":"Feature","properties":{"class":"forest"},"geometry":{"type":"Polygon","coordinates":[[[5.46076,52.01441],[5.45981,52.01437],[5.4602,52.01692],[5.46076,52.0169],[5.4602,52.01699],[5.46026,52.01774],[5.46184,52.01715],[5.46076,52.01441]]]}},{"type":"Feature","properties":{"class":"forest"},"geometry":{"type":"Polygon","coordinates":[[[5.46317,52.02213],[5.46313,52.02161],[5.46182,52.02036],[5.46045,52.0204],[5.46059,52.02227],[5.46317,52.02213]]]}},{"type":"Feature","properties":{"class":"forest"},"geometry":{"type":"Polygon","coordinates":[[[5.45524,52.01055],[5.45735,52.0103],[5.4572,52.00974],[5.45495,52.00992],[5.45718,52.00968],[5.45701,52.00897],[5.45347,52.00942],[5.45398,52.00997],[5.45524,52.01055]]]}},{"type":"Feature","properties":{"class":"forest"},"geometry":{"type":"Polygon","coordinates":[[[5.46768,52.00957],[5.46773,52.00995],[5.46821,52.01004],[5.46849,52.01042],[5.46849,52.0107],[5.46814,52.01089],[5.46823,52.01106],[5.46896,52.01102],[5.46935,52.01182],[5.46967,52.01192],[5.47077,52.01167],[5.46978,52.00953],[5.4685,52.00983],[5.46826,52.00931],[5.468,52.00951],[5.46768,52.00957]]]}},{"type":"Feature","properties":{"class":"forest"},"geometry":{"type":"Polygon","coordinates":[[[5.4447,52.00507],[5.44532,52.00556],[5.44778,52.00402],[5.44687,52.00307],[5.44406,52.0048],[5.4447,52.00507]]]}},{"type":"Feature","properties":{"class":"forest"},"geometry":{"type":"Polygon","coordinates":[[[5.46622,52.0089],[5.46649,52.00899],[5.46665,52.00923],[5.46727,52.00937],[5.46823,52.00926],[5.46699,52.00797],[5.4675,52.00771],[5.46605,52.00674],[5.46484,52.00755],[5.46622,52.0089]],[[5.4666,52.0087],[5.46727,52.0085],[5.46734,52.00855],[5.46712,52.00864],[5.46728,52.00889],[5.46685,52.00902],[5.4666,52.0087]]]}},{"type":"Feature","properties":{"class":"forest"},"geometry":{"type":"Polygon","coordinates":[[[5.4549,52.02616],[5.45371,52.02559],[5.45332,52.02561],[5.45289,52.02586],[5.45266,52.02624],[5.45274,52.02651],[5.45403,52.02784],[5.45492,52.02757],[5.45521,52.02675],[5.45572,52.02625],[5.4549,52.02616]]]}},{"type":"Feature","properties":{"class":"forest"},"geometry":{"type":"Polygon","coordinates":[[[5.45136,52.02789],[5.45134,52.02815],[5.45206,52.02863],[5.45312,52.02809],[5.45395,52.02786],[5.45257,52.02634],[5.45292,52.02574],[5.45329,52.02556],[5.45362,52.02554],[5.45322,52.02524],[5.45279,52.02519],[5.45136,52.02789]]]}},{"type":"Feature","properties":{"class":"forest"},"geometry":{"type":"Polygon","coordinates":[[[5.3973,52.038],[5.40009,52.03794],[5.39977,52.03632],[5.397,52.03696],[5.3973,52.038]]]}},{"type":"Feature","properties":{"class":"forest"},"geometry":{"type":"Polygon","coordinates":[[[5.48328,52.0281],[5.48385,52.03064],[5.48534,52.03077],[5.48449,52.02779],[5.48328,52.0281]]]}},{"type":"Feature","properties":{"class":"forest"},"geometry":{"type":"Polygon","coordinates":[[[5.46836,51.99721],[5.46977,51.99754],[5.47054,51.99755],[5.46925,51.99678],[5.46873,51.99663],[5.46865,51.99639],[5.46807,51.99593],[5.46728,51.99563],[5.46665,51.99558],[5.46661,51.99708],[5.46836,51.99749],[5.46836,51.99721]]]}},{"type":"Feature","properties":{"class":"forest"},"geometry":{"type":"Polygon","coordinates":[[[5.39943,52.00273],[5.40003,52.00253],[5.397,52.00009],[5.397,52.00174],[5.39826,52.00282],[5.39943,52.00273]]]}},{"type":"Feature","properties":{"class":"forest"},"geometry":{"type":"Polygon","coordinates":[[[5.406,52.03588],[5.40423,52.03489],[5.40207,52.03577],[5.40361,52.03677],[5.406,52.03588]]]}},{"type":"Feature","properties":{"class":"forest"},"geometry":{"type":"Polygon","coordinates":[[[5.46193,52.02541],[5.46342,52.0253],[5.46318,52.02218],[5.46229,52.02225],[5.46193,52.02541]]]}},{"type":"Feature","properties":{"class":"forest"},"geometry":{"type":"Polygon","coordinates":[[[5.48592,52.03359],[5.4864,52.0337],[5.48674,52.03394],[5.48695,52.03393],[5.48802,52.03333],[5.4823,52.03263],[5.48232,52.03342],[5.48484,52.03371],[5.48592,52.03359]]]}},{"type":"Feature","properties":{"class":"forest"},"geometry":{"type":"Polygon","coordinates":[[[5.45588,52.02095],[5.45548,52.02012],[5.45484,52.01956],[5.45376,52.02],[5.4547,52.02209],[5.45645,52.02166],[5.45645,52.02147],[5.45588,52.02095]]]}},{"type":"Feature","properties":{"class":"forest"},"geometry":{"type":"Polygon","coordinates":[[[5.44528,52.01282],[5.44167,52.01484],[5.44143,52.01653],[5.44233,52.01633],[5.4422,52.01587],[5.44253,52.01508],[5.44335,52.01481],[5.4454,52.01337],[5.44528,52.01282]]]}},{"type":"Feature","properties":{"class":"forest"},"geometry":{"type":"Polygon","coordinates":[[[5.48223,52.03088],[5.48379,52.03065],[5.48316,52.02814],[5.48185,52.02849],[5.48223,52.03088]]]}},{"type":"Feature","properties":{"class":"forest"},"geometry":{"type":"Polygon","coordinates":[[[5.45846,52.02136],[5.45678,52.02166],[5.45855,52.0257],[5.45855,52.02547],[5.45846,52.02136]]]}},{"type":"Feature","properties":{"class":"forest"},"geometry":{"type":"Polygon","coordinates":[[[5.44256,52.01894],[5.444,52.0186],[5.4428,52.01628],[5.44144,52.01658],[5.44256,52.01894]]]}},{"type":"Feature","properties":{"class":"forest"},"geometry":{"type":"Polygon","coordinates":[[[5.40423,52.0329],[5.40612,52.03402],[5.40804,52.03319],[5.40655,52.03217],[5.40423,52.0329]]]}},{"type":"Feature","properties":{"class":"forest"},"geometry":{"type":"Polygon","coordinates":[[[5.44908,52.01707],[5.45002,52.01902],[5.45023,52.01905],[5.45112,52.01961],[5.45145,52.02],[5.45195,52.01996],[5.4505,52.01709],[5.44908,52.01707]]]}},{"type":"Feature","properties":{"class":"forest"},"geometry":{"type":"Polygon","coordinates":[[[5.48657,52.02963],[5.48615,52.02922],[5.48504,52.02762],[5.48458,52.02774],[5.48537,52.03073],[5.48679,52.03084],[5.48657,52.02963]]]}},{"type":"Feature","properties":{"class":"forest"},"geometry":{"type":"Polygon","coordinates":[[[5.45636,52.03134],[5.45348,52.03117],[5.45372,52.0317],[5.45567,52.03182],[5.45794,52.03221],[5.45816,52.03203],[5.4573,52.03058],[5.45651,52.03059],[5.45633,52.03079],[5.45658,52.03155],[5.45636,52.03134]]]}},{"type":"Feature","properties":{"class":"forest"},"geometry":{"type":"Polygon","coordinates":[[[5.4693,52.01784],[5.46919,52.01746],[5.46958,52.01697],[5.46947,52.01672],[5.46626,52.01692],[5.46635,52.01806],[5.4693,52.01784]]]}},{"type":"Feature","properties":{"class":"forest"},"geometry":{"type":"Polygon","coordinates":[[[5.48229,52.03258],[5.48556,52.03297],[5.48586,52.0321],[5.48225,52.03158],[5.48229,52.03258]]]}},{"type":"Feature","properties":{"class":"forest"},"geometry":{"type":"Polygon","coordinates":[[[5.397,52.01974],[5.39945,52.01921],[5.39933,52.01794],[5.397,52.0183],[5.397,52.01974]]]}},{"type":"Feature","properties":{"class":"forest"},"geometry":{"type":"Polygon","coordinates":[[[5.41458,52.02118],[5.41361,52.022],[5.4123,52.02319],[5.41319,52.02355],[5.4161,52.02088],[5.41606,52.02063],[5.41597,52.02051],[5.41458,52.02118]]]}},{"type":"Feature","properties":{"class":"forest"},"geometry":{"type":"Polygon","coordinates":[[[5.48201,52.03087],[5.48163,52.02867],[5.47983,52.02883],[5.48066,52.03075],[5.48201,52.03087]]]}},{"type":"Feature","properties":{"class":"forest"},"geometry":{"type":"Polygon","coordinates":[[[5.45664,52.0124],[5.45957,52.01224],[5.45937,52.01116],[5.457,52.01137],[5.45609,52.01166],[5.45664,52.0124]]]}},{"type":"Feature","properties":{"class":"forest"},"geometry":{"type":"Polygon","coordinates":[[[5.39995,52.00537],[5.40036,52.00598],[5.40096,52.00562],[5.40072,52.0052],[5.39985,52.00538],[5.3997,52.00544],[5.39935,52.00566],[5.39841,52.00566],[5.39762,52.00587],[5.39819,52.00601],[5.39892,52.00653],[5.39942,52.00699],[5.39935,52.00726],[5.39973,52.00726],[5.39992,52.00745],[5.39982,52.00758],[5.40007,52.00773],[5.40014,52.00742],[5.3999,52.00723],[5.4,52.00701],[5.39963,52.00659],[5.40134,52.00617],[5.40097,52.00565],[5.39972,52.0064],[5.39937,52.00585],[5.39973,52.00638],[5.40012,52.00613],[5.3997,52.00545],[5.40014,52.00611],[5.40031,52.00601],[5.39995,52.00537]]]}},{"type":"Feature","properties":{"class":"forest"},"geometry":{"type":"Polygon","coordinates":[[[5.40592,52.038],[5.40467,52.03725],[5.40359,52.03684],[5.40071,52.03793],[5.40019,52.03796],[5.40592,52.038]]]}},{"type":"Feature","properties":{"class":"forest"},"geometry":{"type":"Polygon","coordinates":[[[5.47101,52.02991],[5.47155,52.03158],[5.47272,52.03157],[5.47272,52.02979],[5.47095,52.02919],[5.47101,52.02991]]]}},{"type":"Feature","properties":{"class":"forest"},"geometry":{"type":"Polygon","coordinates":[[[5.39968,52.02065],[5.40227,52.01987],[5.40215,52.01894],[5.39954,52.01924],[5.39968,52.02065]]]}},{"type":"Feature","properties":{"class":"forest"},"geometry":{"type":"Polygon","coordinates":[[[5.46919,52.03595],[5.47021,52.03517],[5.47028,52.03496],[5.47015,52.03484],[5.46756,52.03432],[5.46699,52.03526],[5.46919,52.03595]]]}},{"type":"Feature","properties":{"class":"forest"},"geometry":{"type":"Polygon","coordinates":[[[5.45375,52.01028],[5.44977,52.01167],[5.44977,52.01174],[5.45047,52.01223],[5.45429,52.01086],[5.45375,52.01028]]]}},{"type":"Feature","properties":{"class":"forest"},"geometry":{"type":"Polygon","coordinates":[[[5.44916,52.01101],[5.4497,52.01162],[5.45369,52.01023],[5.45315,52.00966],[5.44916,52.01101]]]}},{"type":"Feature","properties":{"class":"forest"},"geometry":{"type":"Polygon","coordinates":[[[5.46229,52.01355],[5.46256,52.01356],[5.46243,52.01215],[5.46052,52.01145],[5.46068,52.01367],[5.46153,52.01358],[5.46152,52.01338],[5.46184,52.01324],[5.46189,52.01306],[5.46236,52.01331],[5.46229,52.01355]]]}},{"type":"Feature","properties":{"class":"forest"},"geometry":{"type":"Polygon","coordinates":[[[5.40914,52.03282],[5.40759,52.03109],[5.40591,52.03165],[5.40811,52.03316],[5.40914,52.03282]]]}},{"type":"Feature","properties":{"class":"forest"},"geometry":{"type":"Polygon","coordinates":[[[5.44149,52.01135],[5.44111,52.01182],[5.44236,52.01233],[5.44477,52.01109],[5.44415,52.0104],[5.44226,52.01129],[5.44149,52.01135]]]}},{"type":"Feature","properties":{"class":"forest"},"geometry":{"type":"Polygon","coordinates":[[[5.48499,52.02755],[5.48386,52.02605],[5.48231,52.0264],[5.48323,52.02802],[5.48499,52.02755]]]}},{"type":"Feature","properties":{"class":"forest"},"geometry":{"type":"Polygon","coordinates":[[[5.45489,52.01148],[5.45434,52.01091],[5.45054,52.01228],[5.45127,52.01286],[5.45489,52.01148]]]}},{"type":"Feature","properties":{"class":"forest"},"geometry":{"type":"Polygon","coordinates":[[[5.49946,52.02802],[5.49902,52.02662],[5.50003,52.02659],[5.49969,52.02592],[5.49852,52.02606],[5.49742,52.02584],[5.49854,52.02813],[5.49875,52.02809],[5.49882,52.02791],[5.49946,52.02802]]]}},{"type":"Feature","properties":{"class":"forest"},"geometry":{"type":"Polygon","coordinates":[[[5.47651,52.02481],[5.47617,52.0216],[5.4746,52.0218],[5.47628,52.02484],[5.47651,52.02481]]]}},{"type":"Feature","properties":{"class":"forest"},"geometry":{"type":"Polygon","coordinates":[[[5.39949,52.03428],[5.39785,52.03304],[5.397,52.03358],[5.397,52.03511],[5.39949,52.03428]]]}},{"type":"Feature","properties":{"class":"forest"},"geometry":{"type":"Polygon","coordinates":[[[5.45614,52.01818],[5.45751,52.01896],[5.45797,52.01884],[5.45839,52.01883],[5.45841,52.01763],[5.45597,52.01754],[5.455,52.0178],[5.45614,52.01818]]]}},{"type":"Feature","properties":{"class":"forest"},"geometry":{"type":"Polygon","coordinates":[[[5.45646,52.03033],[5.45662,52.03002],[5.45599,52.0296],[5.45457,52.02957],[5.45392,52.02925],[5.45317,52.02941],[5.45404,52.03055],[5.45593,52.03053],[5.45646,52.03033]]]}},{"type":"Feature","properties":{"class":"forest"},"geometry":{"type":"Polygon","coordinates":[[[5.40934,52.0221],[5.40974,52.02197],[5.41075,52.02105],[5.41012,52.02083],[5.40823,52.0207],[5.40819,52.02137],[5.40801,52.02136],[5.40806,52.02069],[5.40783,52.02068],[5.40772,52.02171],[5.40934,52.0221]]]}},{"type":"Feature","properties":{"class":"forest"},"geometry":{"type":"Polygon","coordinates":[[[5.4936,52.02859],[5.49351,52.02822],[5.4938,52.02816],[5.49366,52.02788],[5.49449,52.02778],[5.49513,52.029],[5.4949,52.02906],[5.49523,52.02919],[5.49584,52.03035],[5.49569,52.03036],[5.49568,52.03054],[5.49501,52.03054],[5.49498,52.03077],[5.49645,52.03038],[5.49556,52.02842],[5.49575,52.02815],[5.4949,52.02827],[5.49463,52.02755],[5.49406,52.02753],[5.49393,52.02716],[5.49242,52.02727],[5.49309,52.02786],[5.49354,52.0279],[5.49364,52.02811],[5.49338,52.02816],[5.4936,52.02859]]]}},{"type":"Feature","properties":{"class":"forest"},"geometry":{"type":"Polygon","coordinates":[[[5.40996,52.038],[5.40759,52.0368],[5.40571,52.03755],[5.40644,52.038],[5.40996,52.038]]]}},{"type":"Feature","properties":{"class":"forest"},"geometry":{"type":"Polygon","coordinates":[[[5.39805,52.02703],[5.39993,52.02618],[5.39976,52.02592],[5.39914,52.02591],[5.39805,52.02555],[5.397,52.02481],[5.397,52.0258],[5.39805,52.02703]]]}},{"type":"Feature","properties":{"class":"forest"},"geometry":{"type":"Polygon","coordinates":[[[5.45797,51.99519],[5.45815,51.99499],[5.45993,51.99531],[5.4595,51.99511],[5.45971,51.99472],[5.46007,51.99483],[5.46002,51.9952],[5.46033,51.99507],[5.46066,51.99428],[5.45756,51.99411],[5.45716,51.99504],[5.45797,51.99519]]]}},{"type":"Feature","properties":{"class":"forest"},"geometry":{"type":"Polygon","coordinates":[[[5.46048,52.01884],[5.46047,52.01784],[5.46117,52.01787],[5.46102,52.01818],[5.46102,52.01886],[5.46127,52.01916],[5.46105,52.01935],[5.46105,52.01973],[5.46091,52.01935],[5.46036,52.01924],[5.46044,52.02032],[5.4618,52.02031],[5.46142,52.01888],[5.46155,52.01832],[5.4619,52.01775],[5.46186,52.01721],[5.46026,52.01781],[5.46036,52.01915],[5.46064,52.01903],[5.46048,52.01884]]]}},{"type":"Feature","properties":{"class":"forest"},"geometry":{"type":"Polygon","coordinates":[[[5.40774,52.01253],[5.40896,52.01247],[5.40932,52.01294],[5.4116,52.01364],[5.41317,52.01443],[5.41335,52.01437],[5.41492,52.01492],[5.4158,52.01481],[5.41569,52.01457],[5.41542,52.01461],[5.41527,52.0139],[5.41541,52.01405],[5.41554,52.01402],[5.41525,52.01374],[5.41513,52.01324],[5.41537,52.01315],[5.41503,52.01298],[5.4149,52.01249],[5.4161,52.01237],[5.4146,52.01199],[5.41527,52.01474],[5.40948,52.01287],[5.40817,52.0118],[5.40763,52.01233],[5.40774,52.01253]]]}},{"type":"Feature","properties":{"class":"forest"},"geometry":{"type":"Polygon","coordinates":[[[5.4062,52.01266],[5.40488,52.01241],[5.40377,52.01316],[5.40469,52.01395],[5.40657,52.01315],[5.4072,52.01256],[5.4062,52.01266]]]}},{"type":"Feature","properties":{"class":"forest"},"geometry":{"type":"Polygon","coordinates":[[[5.40287,52.02406],[5.40291,52.02145],[5.40053,52.02224],[5.40226,52.02271],[5.40249,52.02291],[5.40261,52.02323],[5.40247,52.02378],[5.40183,52.02425],[5.40218,52.02466],[5.40261,52.02476],[5.40287,52.02406]]]}},{"type":"Feature","properties":{"class":"forest"},"geometry":{"type":"Polygon","coordinates":[[[5.3996,52.03435],[5.39892,52.03457],[5.39986,52.03624],[5.40193,52.03576],[5.3996,52.03435]]]}},{"type":"Feature","properties":{"class":"forest"},"geometry":{"type":"Polygon","coordinates":[[[5.41259,52.01935],[5.41395,52.0181],[5.41307,52.01746],[5.41101,52.01851],[5.41259,52.01935]]]}},{"type":"Feature","properties":{"class":"forest"},"geometry":{"type":"Polygon","coordinates":[[[5.47259,52.03166],[5.47172,52.03223],[5.47185,52.03289],[5.47173,52.03331],[5.47119,52.03391],[5.47242,52.03358],[5.47276,52.03312],[5.47312,52.03294],[5.4735,52.0321],[5.47356,52.03156],[5.47259,52.03166]]]}},{"type":"Feature","properties":{"class":"forest"},"geometry":{"type":"Polygon","coordinates":[[[5.4103,52.03232],[5.40892,52.03066],[5.40767,52.03107],[5.40921,52.0328],[5.4103,52.03232]]]}},{"type":"Feature","properties":{"class":"forest"},"geometry":{"type":"Polygon","coordinates":[[[5.45337,52.01273],[5.45146,52.01336],[5.45237,52.01439],[5.45432,52.01384],[5.45337,52.01273]]]}},{"type":"Feature","properties":{"class":"forest"},"geometry":{"type":"Polygon","coordinates":[[[5.42716,51.99928],[5.42931,51.99701],[5.43036,51.99736],[5.42857,51.99921],[5.42873,51.99926],[5.4306,51.99734],[5.42872,51.99673],[5.42822,51.99725],[5.42767,51.99704],[5.42815,51.9973],[5.42652,51.99904],[5.42725,51.99939],[5.42731,51.99934],[5.42716,51.99928]]]}},{"type":"Feature","properties":{"class":"forest"},"geometry":{"type":"Polygon","coordinates":[[[5.40034,52.03259],[5.39918,52.03263],[5.39791,52.03298],[5.39908,52.0338],[5.40219,52.0328],[5.40136,52.03278],[5.40034,52.03259]]]}},{"type":"Feature","properties":{"class":"forest"},"geometry":{"type":"Polygon","coordinates":[[[5.48891,52.0321],[5.49092,52.03163],[5.49116,52.03215],[5.4918,52.0319],[5.49158,52.0316],[5.49157,52.03095],[5.49121,52.03096],[5.49123,52.03146],[5.49105,52.03148],[5.49091,52.03144],[5.49082,52.03097],[5.48832,52.03108],[5.48891,52.0321]]]}},{"type":"Feature","properties":{"class":"forest"},"geometry":{"type":"Polygon","coordinates":[[[5.46945,52.01666],[5.46857,52.01609],[5.46824,52.0157],[5.4662,52.01596],[5.46625,52.01687],[5.46945,52.01666]]]}},{"type":"Feature","properties":{"class":"forest"},"geometry":{"type":"Polygon","coordinates":[[[5.47043,52.02029],[5.46814,52.02049],[5.46821,52.02119],[5.47122,52.02094],[5.47058,52.01938],[5.47008,52.0194],[5.47043,52.02029]]]}},{"type":"Feature","properties":{"class":"forest"},"geometry":{"type":"Polygon","coordinates":[[[5.402,52.03573],[5.403,52.03534],[5.40107,52.0339],[5.39977,52.03435],[5.402,52.03573]]]}},{"type":"Feature","properties":{"class":"forest"},"geometry":{"type":"Polygon","coordinates":[[[5.40541,52.02687],[5.40626,52.02591],[5.40576,52.02432],[5.40447,52.02475],[5.40541,52.02687]]]}},{"type":"Feature","properties":{"class":"forest"},"geometry":{"type":"Polygon","coordinates":[[[5.48754,52.03284],[5.48867,52.03284],[5.48884,52.03293],[5.48861,52.03312],[5.48799,52.03314],[5.48795,52.03326],[5.48933,52.03341],[5.48899,52.03257],[5.486,52.03212],[5.48566,52.03299],[5.48784,52.03324],[5.48744,52.03312],[5.48754,52.03284]]]}},{"type":"Feature","properties":{"class":"forest"},"geometry":{"type":"Polygon","coordinates":[[[5.44931,52.01173],[5.44804,52.01005],[5.44669,52.01051],[5.44836,52.01212],[5.44931,52.01173]],[[5.44828,52.01099],[5.44845,52.01113],[5.44796,52.01128],[5.44762,52.01117],[5.44828,52.01099]]]}},{"type":"Feature","properties":{"class":"forest"},"geometry":{"type":"Polygon","coordinates":[[[5.4575,52.0109],[5.45737,52.01036],[5.45528,52.01061],[5.45604,52.01161],[5.45698,52.01131],[5.45935,52.0111],[5.45928,52.0108],[5.4575,52.0109]]]}},{"type":"Feature","properties":{"class":"forest"},"geometry":{"type":"Polygon","coordinates":[[[5.41126,52.02963],[5.41098,52.02984],[5.40972,52.03024],[5.40799,52.02883],[5.40731,52.02909],[5.40659,52.02905],[5.40888,52.03061],[5.41144,52.02977],[5.41126,52.02963]]]}},{"type":"Feature","properties":{"class":"forest"},"geometry":{"type":"Polygon","coordinates":[[[5.40888,52.03559],[5.41062,52.03489],[5.41089,52.03489],[5.41121,52.03511],[5.41135,52.03503],[5.40983,52.03396],[5.408,52.03507],[5.40888,52.03559]]]}},{"type":"Feature","properties":{"class":"forest"},"geometry":{"type":"Polygon","coordinates":[[[5.40459,52.02339],[5.40506,52.02278],[5.40586,52.02215],[5.40568,52.0215],[5.40505,52.02133],[5.40418,52.02143],[5.40417,52.02278],[5.40436,52.02327],[5.40459,52.02339]]]}},{"type":"Feature","properties":{"class":"forest"},"geometry":{"type":"Polygon","coordinates":[[[5.48623,52.03368],[5.48482,52.03374],[5.48348,52.03359],[5.48363,52.03446],[5.48432,52.03466],[5.48543,52.03456],[5.48665,52.03397],[5.48623,52.03368]]]}},{"type":"Feature","properties":{"class":"forest"},"geometry":{"type":"Polygon","coordinates":[[[5.4115,52.02567],[5.4141,52.02464],[5.41367,52.02402],[5.41318,52.02366],[5.41133,52.02531],[5.4115,52.02567]]]}},{"type":"Feature","properties":{"class":"forest"},"geometry":{"type":"Polygon","coordinates":[[[5.39835,52.01961],[5.39822,52.02135],[5.39963,52.02117],[5.39945,52.01927],[5.39835,52.01961]]]}},{"type":"Feature","properties":{"class":"forest"},"geometry":{"type":"Polygon","coordinates":[[[5.41391,52.03103],[5.41215,52.03171],[5.41045,52.03238],[5.41132,52.03301],[5.41407,52.03137],[5.41391,52.03103]]]}},{"type":"Feature","properties":{"class":"forest"},"geometry":{"type":"Polygon","coordinates":[[[5.45279,52.02167],[5.45224,52.02056],[5.45142,52.02006],[5.45056,52.02013],[5.45138,52.0218],[5.45279,52.02167]]]}},{"type":"Feature","properties":{"class":"forest"},"geometry":{"type":"Polygon","coordinates":[[[5.4739,52.03422],[5.47371,52.03373],[5.47408,52.03339],[5.47397,52.03293],[5.4748,52.03079],[5.47463,52.03074],[5.47266,52.03594],[5.47352,52.03597],[5.47404,52.03438],[5.4739,52.03422]]]}},{"type":"Feature","properties":{"class":"forest"},"geometry":{"type":"Polygon","coordinates":[[[5.44594,52.01538],[5.44637,52.01653],[5.44843,52.01635],[5.44792,52.01531],[5.44594,52.01538]]]}},{"type":"Feature","properties":{"class":"forest"},"geometry":{"type":"Polygon","coordinates":[[[5.44912,52.01096],[5.45311,52.00961],[5.45275,52.00923],[5.45251,52.00922],[5.44875,52.01054],[5.44912,52.01096]]]}},{"type":"Feature","properties":{"class":"forest"},"geometry":{"type":"Polygon","coordinates":[[[5.41532,52.02335],[5.41652,52.02324],[5.4161,52.02098],[5.41506,52.02194],[5.41532,52.02335]]]}},{"type":"Feature","properties":{"class":"forest"},"geometry":{"type":"Polygon","coordinates":[[[5.46733,52.02491],[5.46701,52.02325],[5.46579,52.02337],[5.46588,52.02503],[5.46733,52.02491]]]}},{"type":"Feature","properties":{"class":"forest"},"geometry":{"type":"Polygon","coordinates":[[[5.4423,52.01376],[5.44286,52.01396],[5.44527,52.01276],[5.4451,52.01197],[5.44268,52.01327],[5.44221,52.01359],[5.4423,52.01376]]]}},{"type":"Feature","properties":{"class":"forest"},"geometry":{"type":"Polygon","coordinates":[[[5.45005,52.02196],[5.4513,52.02182],[5.45048,52.02014],[5.44923,52.02026],[5.45005,52.02196]]]}},{"type":"Feature","properties":{"class":"forest"},"geometry":{"type":"Polygon","coordinates":[[[5.4492,52.0202],[5.45045,52.02008],[5.44962,52.0184],[5.44837,52.01849],[5.4492,52.0202]]]}},{"type":"Feature","properties":{"class":"forest"},"geometry":{"type":"Polygon","coordinates":[[[5.41329,52.03631],[5.41398,52.0346],[5.41302,52.03406],[5.41212,52.03549],[5.41329,52.03631]]]}},{"type":"Feature","properties":{"class":"forest"},"geometry":{"type":"Polygon","coordinates":[[[5.44814,52.00943],[5.45057,52.00859],[5.45176,52.00818],[5.45129,52.0077],[5.45107,52.00769],[5.4482,52.00884],[5.44814,52.00943]]]}},{"type":"Feature","properties":{"class":"forest"},"geometry":{"type":"Polygon","coordinates":[[[5.44814,52.00949],[5.44813,52.00996],[5.44832,52.00997],[5.45222,52.00867],[5.4518,52.00823],[5.44814,52.00949]]]}},{"type":"Feature","properties":{"class":"forest"},"geometry":{"type":"Polygon","coordinates":[[[5.46043,52.02115],[5.4585,52.02124],[5.45857,52.02236],[5.46051,52.02227],[5.46043,52.02115]]]}},{"type":"Feature","properties":{"class":"forest"},"geometry":{"type":"Polygon","coordinates":[[[5.45363,52.00759],[5.45216,52.00798],[5.45342,52.00936],[5.45444,52.00923],[5.45363,52.00759]]]}},{"type":"Feature","properties":{"class":"forest"},"geometry":{"type":"Polygon","coordinates":[[[5.45111,52.01808],[5.45271,52.01796],[5.45213,52.01648],[5.45058,52.01707],[5.45111,52.01808]]]}},{"type":"Feature","properties":{"class":"forest"},"geometry":{"type":"Polygon","coordinates":[[[5.456,52.0117],[5.45521,52.01202],[5.45668,52.01406],[5.45752,52.01375],[5.456,52.0117]]]}},{"type":"Feature","properties":{"class":"forest"},"geometry":{"type":"Polygon","coordinates":[[[5.40282,52.02497],[5.40328,52.02604],[5.40368,52.02631],[5.40475,52.0268],[5.40494,52.02673],[5.40405,52.02481],[5.40282,52.02497]]]}},{"type":"Feature","properties":{"class":"forest"},"geometry":{"type":"Polygon","coordinates":[[[5.45217,52.01639],[5.45292,52.01609],[5.4508,52.01365],[5.45023,52.01402],[5.45191,52.01591],[5.45217,52.01639]]]}},{"type":"Feature","properties":{"class":"forest"},"geometry":{"type":"Polygon","coordinates":[[[5.47651,52.02486],[5.47478,52.02504],[5.47549,52.02661],[5.47615,52.02653],[5.47656,52.02545],[5.47651,52.02486]]]}},{"type":"Feature","properties":{"class":"forest"},"geometry":{"type":"Polygon","coordinates":[[[5.46824,52.02195],[5.46815,52.02127],[5.46571,52.02147],[5.46575,52.02228],[5.46758,52.02223],[5.46824,52.02195]]]}},{"type":"Feature","properties":{"class":"forest"},"geometry":{"type":"Polygon","coordinates":[[[5.40308,52.0332],[5.40649,52.03213],[5.40583,52.03167],[5.40276,52.03269],[5.40308,52.0332]]]}},{"type":"Feature","properties":{"class":"forest"},"geometry":{"type":"Polygon","coordinates":[[[5.39707,52.01495],[5.39785,52.01496],[5.39786,52.0145],[5.39866,52.01365],[5.397,52.0128],[5.39707,52.01495]]]}},{"type":"Feature","properties":{"class":"forest"},"geometry":{"type":"Polygon","coordinates":[[[5.45947,52.01115],[5.45977,52.01366],[5.46035,52.01359],[5.46061,52.01367],[5.46045,52.01145],[5.45947,52.01115]]]}},{"type":"Feature","properties":{"class":"forest"},"geometry":{"type":"Polygon","coordinates":[[[5.40115,52.03387],[5.40308,52.03531],[5.40417,52.03485],[5.40201,52.0336],[5.40115,52.03387]]]}},{"type":"Feature","properties":{"class":"forest"},"geometry":{"type":"Polygon","coordinates":[[[5.40139,52.00958],[5.40207,52.01057],[5.40294,52.01103],[5.40432,52.01129],[5.4054,52.01115],[5.4054,52.01093],[5.40439,52.0103],[5.4042,52.01045],[5.40433,52.01056],[5.40408,52.01049],[5.40369,52.01078],[5.40322,52.01081],[5.40286,52.01058],[5.40259,52.01077],[5.40246,52.01068],[5.40257,52.01036],[5.40201,52.01008],[5.40203,52.00952],[5.40159,52.00951],[5.40151,52.00912],[5.40137,52.00912],[5.40139,52.00958]]]}},{"type":"Feature","properties":{"class":"forest"},"geometry":{"type":"Polygon","coordinates":[[[5.40122,52.02878],[5.4012,52.02859],[5.39814,52.02728],[5.39966,52.02918],[5.40122,52.02878]]]}},{"type":"Feature","properties":{"class":"forest"},"geometry":{"type":"Polygon","coordinates":[[[5.49373,52.03236],[5.49407,52.03294],[5.49391,52.03256],[5.49523,52.03232],[5.49504,52.03176],[5.4946,52.03182],[5.49476,52.03219],[5.49383,52.03236],[5.49347,52.03144],[5.4944,52.03137],[5.49492,52.03119],[5.49393,52.03127],[5.49374,52.03079],[5.49356,52.0308],[5.49373,52.0313],[5.49343,52.03135],[5.49318,52.03084],[5.49263,52.03095],[5.49249,52.03148],[5.49297,52.03244],[5.49373,52.03236]]]}},{"type":"Feature","properties":{"class":"forest"},"geometry":{"type":"Polygon","coordinates":[[[5.46345,52.02436],[5.46352,52.02528],[5.46579,52.02504],[5.46576,52.02419],[5.46345,52.02436]]]}},{"type":"Feature","properties":{"class":"forest"},"geometry":{"type":"Polygon","coordinates":[[[5.46581,52.01006],[5.46713,52.01119],[5.4673,52.01105],[5.4665,52.00908],[5.466,52.00885],[5.46525,52.00888],[5.46581,52.01006]]]}},{"type":"Feature","properties":{"class":"forest"},"geometry":{"type":"Polygon","coordinates":[[[5.40788,52.02757],[5.40705,52.02735],[5.40553,52.02708],[5.40656,52.02898],[5.40788,52.02757]]]}},{"type":"Feature","properties":{"class":"forest"},"geometry":{"type":"Polygon","coordinates":[[[5.44851,52.02188],[5.44995,52.02196],[5.44916,52.02031],[5.44792,52.02064],[5.44851,52.02188]]]}},{"type":"Feature","properties":{"class":"forest"},"geometry":{"type":"Polygon","coordinates":[[[5.47809,52.03077],[5.47749,52.03082],[5.47513,52.03012],[5.4749,52.03074],[5.4773,52.03148],[5.47775,52.03147],[5.47809,52.03077]]]}},{"type":"Feature","properties":{"class":"forest"},"geometry":{"type":"Polygon","coordinates":[[[5.39812,52.02137],[5.39825,52.01963],[5.397,52.01981],[5.397,52.02152],[5.39812,52.02137]]]}},{"type":"Feature","properties":{"class":"forest"},"geometry":{"type":"Polygon","coordinates":[[[5.45257,52.00904],[5.45226,52.00871],[5.44832,52.01002],[5.44871,52.01049],[5.45257,52.00904]]]}},{"type":"Feature","properties":{"class":"forest"},"geometry":{"type":"Polygon","coordinates":[[[5.47979,52.02891],[5.47857,52.02891],[5.47948,52.03063],[5.48059,52.03074],[5.47979,52.02891]]]}},{"type":"Feature","properties":{"class":"forest"},"geometry":{"type":"Polygon","coordinates":[[[5.4123,52.01728],[5.41125,52.01646],[5.41071,52.01637],[5.40998,52.01753],[5.41087,52.01793],[5.4123,52.01728]]]}},{"type":"Feature","properties":{"class":"forest"},"geometry":{"type":"Polygon","coordinates":[[[5.44586,52.01535],[5.44541,52.01342],[5.44434,52.01417],[5.44493,52.01561],[5.44586,52.01535]]]}},{"type":"Feature","properties":{"class":"forest"},"geometry":{"type":"Polygon","coordinates":[[[5.45686,52.01915],[5.45741,52.01898],[5.45608,52.01822],[5.45492,52.01782],[5.45479,52.01792],[5.4547,52.01818],[5.45508,52.01864],[5.45526,52.01932],[5.45628,52.01905],[5.45686,52.01915]]]}},{"type":"Feature","properties":{"class":"forest"},"geometry":{"type":"Polygon","coordinates":[[[5.46985,51.97487],[5.47144,51.97473],[5.47276,51.97451],[5.47127,51.9739],[5.46994,51.9738],[5.46985,51.97487]]]}},{"type":"Feature","properties":{"class":"forest"},"geometry":{"type":"Polygon","coordinates":[[[5.44947,52.01449],[5.45085,52.0161],[5.45188,52.01601],[5.45016,52.01406],[5.44947,52.01449]]]}},{"type":"Feature","properties":{"class":"forest"},"geometry":{"type":"Polygon","coordinates":[[[5.40274,52.03263],[5.40469,52.03199],[5.40405,52.03116],[5.40239,52.03166],[5.40274,52.03263]]]}},{"type":"Feature","properties":{"class":"forest"},"geometry":{"type":"Polygon","coordinates":[[[5.47955,52.02394],[5.47896,52.02411],[5.47999,52.02536],[5.48145,52.02499],[5.48073,52.02424],[5.47955,52.02394]]]}},{"type":"Feature","properties":{"class":"forest"},"geometry":{"type":"Polygon","coordinates":[[[5.39965,52.03427],[5.40067,52.03396],[5.40273,52.03332],[5.40223,52.03285],[5.39912,52.03384],[5.39965,52.03427]]]}},{"type":"Feature","properties":{"class":"forest"},"geometry":{"type":"Polygon","coordinates":[[[5.46579,52.0339],[5.46559,52.03398],[5.466,52.03396],[5.46585,52.03423],[5.46611,52.03451],[5.4659,52.03456],[5.46571,52.03439],[5.46564,52.03465],[5.46606,52.03485],[5.46655,52.03403],[5.46683,52.03418],[5.46702,52.0341],[5.4651,52.03248],[5.46498,52.03251],[5.4646,52.0331],[5.46502,52.03342],[5.46537,52.03382],[5.46573,52.03376],[5.46579,52.0339]]]}},{"type":"Feature","properties":{"class":"forest"},"geometry":{"type":"Polygon","coordinates":[[[5.44911,52.01701],[5.45077,52.01696],[5.45209,52.01643],[5.45192,52.01606],[5.44929,52.01632],[5.44911,52.01701]]]}},{"type":"Feature","properties":{"class":"forest"},"geometry":{"type":"Polygon","coordinates":[[[5.41163,52.02923],[5.41211,52.0293],[5.41301,52.02902],[5.41388,52.02839],[5.41272,52.02822],[5.41102,52.02849],[5.41122,52.02889],[5.41163,52.02923]]]}},{"type":"Feature","properties":{"class":"forest"},"geometry":{"type":"Polygon","coordinates":[[[5.40869,52.03308],[5.40983,52.03388],[5.41125,52.03305],[5.41037,52.03241],[5.40869,52.03308]]]}},{"type":"Feature","properties":{"class":"forest"},"geometry":{"type":"Polygon","coordinates":[[[5.46012,52.01692],[5.45991,52.01555],[5.45853,52.0156],[5.4588,52.01698],[5.46012,52.01692]]]}},{"type":"Feature","properties":{"class":"forest"},"geometry":{"type":"Polygon","coordinates":[[[5.39918,52.00867],[5.39869,52.0084],[5.39802,52.00838],[5.39846,52.00819],[5.39812,52.00791],[5.39825,52.00765],[5.39746,52.00731],[5.39712,52.007],[5.39703,52.00659],[5.3971,52.00631],[5.397,52.00616],[5.39702,52.0083],[5.39829,52.00866],[5.39931,52.00923],[5.39918,52.00867]]]}},{"type":"Feature","properties":{"class":"forest"},"geometry":{"type":"Polygon","coordinates":[[[5.46397,52.00879],[5.46374,52.0089],[5.46496,52.00964],[5.4652,52.01037],[5.46543,52.01057],[5.46631,52.01111],[5.46704,52.01123],[5.46593,52.01032],[5.46499,52.00876],[5.4644,52.00886],[5.46397,52.00879]]]}},{"type":"Feature","properties":{"class":"forest"},"geometry":{"type":"Polygon","coordinates":[[[5.48382,52.026],[5.48251,52.02481],[5.48156,52.02502],[5.48228,52.02636],[5.48382,52.026]]]}},{"type":"Feature","properties":{"class":"forest"},"geometry":{"type":"Polygon","coordinates":[[[5.47028,52.0306],[5.47089,52.03261],[5.47176,52.03264],[5.47117,52.03049],[5.47028,52.0306]]]}},{"type":"Feature","properties":{"class":"forest"},"geometry":{"type":"Polygon","coordinates":[[[5.45213,52.00784],[5.451,52.00611],[5.45051,52.00592],[5.44974,52.00484],[5.44895,52.0048],[5.45187,52.00789],[5.45213,52.00793],[5.4536,52.00753],[5.45213,52.00784]]]}},{"type":"Feature","properties":{"class":"forest"},"geometry":{"type":"Polygon","coordinates":[[[5.44023,52.0025],[5.44134,52.00321],[5.44259,52.00236],[5.44144,52.00166],[5.44023,52.0025]]]}},{"type":"Feature","properties":{"class":"forest"},"geometry":{"type":"Polygon","coordinates":[[[5.47584,52.03603],[5.47638,52.03583],[5.47658,52.03481],[5.47519,52.03463],[5.4749,52.036],[5.47584,52.03603]]]}},{"type":"Feature","properties":{"class":"forest"},"geometry":{"type":"Polygon","coordinates":[[[5.40428,52.033],[5.40303,52.03328],[5.40518,52.03442],[5.40605,52.03405],[5.40428,52.033]]]}},{"type":"Feature","properties":{"class":"forest"},"geometry":{"type":"Polygon","coordinates":[[[5.45436,52.01234],[5.45603,52.01435],[5.45661,52.01409],[5.45513,52.01205],[5.45436,52.01234]]]}},{"type":"Feature","properties":{"class":"forest"},"geometry":{"type":"Polygon","coordinates":[[[5.45391,52.01856],[5.45347,52.01771],[5.45284,52.01798],[5.45373,52.01994],[5.45479,52.01951],[5.45391,52.01856]]]}},{"type":"Feature","properties":{"class":"forest"},"geometry":{"type":"Polygon","coordinates":[[[5.40367,52.03681],[5.40476,52.03723],[5.40686,52.03638],[5.40606,52.03592],[5.40367,52.03681]]]}},{"type":"Feature","properties":{"class":"forest"},"geometry":{"type":"Polygon","coordinates":[[[5.45183,52.01321],[5.45499,52.01203],[5.45528,52.01191],[5.45494,52.01153],[5.45133,52.0129],[5.45183,52.01321]]]}},{"type":"Feature","properties":{"class":"forest"},"geometry":{"type":"Polygon","coordinates":[[[5.44506,52.01192],[5.44481,52.01115],[5.44246,52.01236],[5.44351,52.01275],[5.44506,52.01192]]]}},{"type":"Feature","properties":{"class":"forest"},"geometry":{"type":"Polygon","coordinates":[[[5.45265,52.0311],[5.45091,52.03104],[5.4506,52.03153],[5.45139,52.03173],[5.45363,52.0317],[5.45327,52.0309],[5.45265,52.0311]]]}},{"type":"Feature","properties":{"class":"forest"},"geometry":{"type":"Polygon","coordinates":[[[5.41132,52.03308],[5.40989,52.03392],[5.41103,52.03472],[5.41176,52.03397],[5.41174,52.0338],[5.41214,52.03356],[5.41132,52.03308]]]}},{"type":"Feature","properties":{"class":"forest"},"geometry":{"type":"Polygon","coordinates":[[[5.46808,52.01957],[5.46812,52.02043],[5.47034,52.02025],[5.47,52.01944],[5.46808,52.01957]]]}},{"type":"Feature","properties":{"class":"forest"},"geometry":{"type":"Polygon","coordinates":[[[5.45353,52.01585],[5.45138,52.01339],[5.45086,52.0136],[5.453,52.01606],[5.45353,52.01585]]]}},{"type":"Feature","properties":{"class":"forest"},"geometry":{"type":"Polygon","coordinates":[[[5.44827,52.01213],[5.44661,52.01054],[5.44578,52.01082],[5.44738,52.01232],[5.44827,52.01213]]]}},{"type":"Feature","properties":{"class":"forest"},"geometry":{"type":"Polygon","coordinates":[[[5.40511,52.03445],[5.40294,52.03331],[5.4021,52.03357],[5.40425,52.03482],[5.40511,52.03445]]]}},{"type":"Feature","properties":{"class":"forest"},"geometry":{"type":"Polygon","coordinates":[[[5.48847,52.03391],[5.48731,52.03427],[5.48822,52.03451],[5.48974,52.03511],[5.48929,52.03346],[5.48906,52.03343],[5.48847,52.03391]]]}},{"type":"Feature","properties":{"class":"forest"},"geometry":{"type":"Polygon","coordinates":[[[5.45536,52.01188],[5.45596,52.01164],[5.45522,52.01066],[5.45391,52.01],[5.45338,52.00944],[5.45308,52.00952],[5.45536,52.01188]]]}},{"type":"Feature","properties":{"class":"forest"},"geometry":{"type":"Polygon","coordinates":[[[5.44773,52.01718],[5.44834,52.01844],[5.4496,52.01835],[5.44898,52.01706],[5.44773,52.01718]]]}},{"type":"Feature","properties":{"class":"forest"},"geometry":{"type":"Polygon","coordinates":[[[5.41023,51.99587],[5.41115,51.9953],[5.40961,51.99438],[5.40875,51.99492],[5.41023,51.99587]]]}},{"type":"Feature","properties":{"class":"forest"},"geometry":{"type":"Polygon","coordinates":[[[5.40392,52.0244],[5.40432,52.02456],[5.4043,52.02411],[5.4045,52.02353],[5.40409,52.02279],[5.40407,52.02185],[5.40344,52.02221],[5.40336,52.02267],[5.40392,52.0244]]]}},{"type":"Feature","properties":{"class":"forest"},"geometry":{"type":"Polygon","coordinates":[[[5.45668,52.01246],[5.4571,52.01302],[5.45962,52.01292],[5.45957,52.0123],[5.45668,52.01246]]]}},{"type":"Feature","properties":{"class":"forest"},"geometry":{"type":"Polygon","coordinates":[[[5.4092,52.02645],[5.40895,52.02591],[5.40839,52.02564],[5.40749,52.0258],[5.40783,52.02711],[5.40846,52.02692],[5.4092,52.02645]]]}},{"type":"Feature","properties":{"class":"forest"},"geometry":{"type":"Polygon","coordinates":[[[5.40695,52.0241],[5.40624,52.02412],[5.40642,52.02444],[5.40679,52.02442],[5.40683,52.02457],[5.406,52.02478],[5.40635,52.0259],[5.40664,52.026],[5.40739,52.02576],[5.40695,52.0241]]]}},{"type":"Feature","properties":{"class":"forest"},"geometry":{"type":"Polygon","coordinates":[[[5.46801,52.01479],[5.46634,52.01481],[5.46641,52.01581],[5.46823,52.01564],[5.46801,52.01479]]]}},{"type":"Feature","properties":{"class":"forest"},"geometry":{"type":"Polygon","coordinates":[[[5.45345,52.03111],[5.45527,52.03126],[5.45636,52.03128],[5.45625,52.03081],[5.45604,52.03059],[5.4533,52.03073],[5.45345,52.03111]]]}},{"type":"Feature","properties":{"class":"forest"},"geometry":{"type":"Polygon","coordinates":[[[5.4122,52.0336],[5.41207,52.03373],[5.41216,52.03401],[5.41183,52.034],[5.4111,52.03476],[5.41206,52.03544],[5.41295,52.03402],[5.4122,52.0336]]]}},{"type":"Feature","properties":{"class":"forest"},"geometry":{"type":"Polygon","coordinates":[[[5.45983,52.00895],[5.46006,52.00963],[5.46224,52.00945],[5.46219,52.00875],[5.45983,52.00895]]]}},{"type":"Feature","properties":{"class":"forest"},"geometry":{"type":"Polygon","coordinates":[[[5.47509,52.03461],[5.47413,52.03445],[5.47364,52.03597],[5.47482,52.03599],[5.47509,52.03461]]]}},{"type":"Feature","properties":{"class":"forest"},"geometry":{"type":"Polygon","coordinates":[[[5.44867,52.01499],[5.44969,52.01622],[5.45075,52.01611],[5.4494,52.01454],[5.44867,52.01499]]]}},{"type":"Feature","properties":{"class":"forest"},"geometry":{"type":"Polygon","coordinates":[[[5.40583,52.0187],[5.40532,52.01865],[5.40474,52.01804],[5.40486,52.01897],[5.40546,52.02034],[5.40639,52.02002],[5.40571,52.01919],[5.40583,52.0187]]]}},{"type":"Feature","properties":{"class":"forest"},"geometry":{"type":"Polygon","coordinates":[[[5.48596,52.03501],[5.48751,52.03411],[5.48853,52.03382],[5.48897,52.03341],[5.48816,52.03332],[5.48707,52.03395],[5.48615,52.03423],[5.48558,52.03459],[5.48596,52.03501]]]}},{"type":"Feature","properties":{"class":"forest"},"geometry":{"type":"Polygon","coordinates":[[[5.47722,52.03252],[5.47773,52.03153],[5.47726,52.03152],[5.47621,52.03123],[5.47577,52.03224],[5.47722,52.03252]]]}},{"type":"Feature","properties":{"class":"forest"},"geometry":{"type":"Polygon","coordinates":[[[5.45199,52.02988],[5.45278,52.03],[5.45357,52.03062],[5.45395,52.03056],[5.45308,52.02942],[5.45138,52.02954],[5.4511,52.03026],[5.45171,52.0304],[5.45174,52.02996],[5.45199,52.02988]]]}},{"type":"Feature","properties":{"class":"forest"},"geometry":{"type":"Polygon","coordinates":[[[5.41183,52.02433],[5.41032,52.02375],[5.41089,52.02445],[5.4113,52.02525],[5.41314,52.02359],[5.4123,52.02325],[5.41227,52.02405],[5.41183,52.02433]]]}},{"type":"Feature","properties":{"class":"forest"},"geometry":{"type":"Polygon","coordinates":[[[5.44333,52.01528],[5.44385,52.0159],[5.44484,52.01564],[5.44427,52.01422],[5.44336,52.01486],[5.44333,52.01528]]]}},{"type":"Feature","properties":{"class":"forest"},"geometry":{"type":"Polygon","coordinates":[[[5.47441,52.03197],[5.4757,52.03223],[5.47615,52.03121],[5.47489,52.03081],[5.47441,52.03197]]]}},{"type":"Feature","properties":{"class":"forest"},"geometry":{"type":"Polygon","coordinates":[[[5.45872,52.01443],[5.45839,52.01474],[5.45852,52.01556],[5.4599,52.01552],[5.45972,52.01437],[5.45872,52.01443]]]}},{"type":"Feature","properties":{"class":"forest"},"geometry":{"type":"Polygon","coordinates":[[[5.44685,52.01749],[5.44789,52.01708],[5.44873,52.017],[5.44845,52.01641],[5.44639,52.01659],[5.44667,52.01735],[5.44685,52.01749]]]}},{"type":"Feature","properties":{"class":"forest"},"geometry":{"type":"Polygon","coordinates":[[[5.45356,52.01767],[5.45407,52.01862],[5.45488,52.01948],[5.45516,52.01936],[5.45498,52.01865],[5.4546,52.01818],[5.45485,52.01778],[5.45437,52.01751],[5.45356,52.01767]]]}},{"type":"Feature","properties":{"class":"forest"},"geometry":{"type":"Polygon","coordinates":[[[5.47441,52.03329],[5.47521,52.03329],[5.47567,52.03228],[5.47439,52.03203],[5.47404,52.03317],[5.47414,52.03337],[5.47441,52.03329]]]}},{"type":"Feature","properties":{"class":"forest"},"geometry":{"type":"Polygon","coordinates":[[[5.49147,52.03062],[5.49125,52.03071],[5.49054,52.03068],[5.49039,52.03024],[5.48986,52.0304],[5.48993,52.03095],[5.49217,52.03089],[5.49212,52.03068],[5.49176,52.0305],[5.49137,52.02969],[5.4911,52.03009],[5.49047,52.03022],[5.49058,52.03063],[5.49147,52.03062]]]}},{"type":"Feature","properties":{"class":"forest"},"geometry":{"type":"Polygon","coordinates":[[[5.4576,52.0137],[5.45966,52.01363],[5.45962,52.01298],[5.45714,52.01308],[5.4576,52.0137]]]}},{"type":"Feature","properties":{"class":"forest"},"geometry":{"type":"Polygon","coordinates":[[[5.4952,52.02527],[5.49638,52.02605],[5.49676,52.0267],[5.49656,52.02679],[5.49685,52.02723],[5.49521,52.02789],[5.49678,52.02801],[5.49701,52.02796],[5.497,52.02777],[5.49718,52.02809],[5.49768,52.0281],[5.49647,52.02598],[5.4952,52.02527]]]}},{"type":"Feature","properties":{"class":"forest"},"geometry":{"type":"Polygon","coordinates":[[[5.40694,52.03635],[5.40881,52.03562],[5.40795,52.03512],[5.40769,52.03531],[5.40614,52.03589],[5.40694,52.03635]]]}},{"type":"Feature","properties":{"class":"forest"},"geometry":{"type":"Polygon","coordinates":[[[5.47638,52.02294],[5.47809,52.02287],[5.47814,52.02287],[5.47759,52.02191],[5.4763,52.02208],[5.47638,52.02294]]]}},{"type":"Feature","properties":{"class":"forest"},"geometry":{"type":"Polygon","coordinates":[[[5.46025,52.01061],[5.45972,52.00896],[5.45893,52.00917],[5.45937,52.01073],[5.46025,52.01061]]]}},{"type":"Feature","properties":{"class":"forest"},"geometry":{"type":"Polygon","coordinates":[[[5.44033,52.01651],[5.43936,52.01568],[5.4388,52.01571],[5.43799,52.01615],[5.43832,52.01643],[5.43819,52.01654],[5.43761,52.01636],[5.43804,52.01671],[5.43889,52.01653],[5.44033,52.01651]]]}},{"type":"Feature","properties":{"class":"forest"},"geometry":{"type":"Polygon","coordinates":[[[5.46407,52.02331],[5.46398,52.02249],[5.46375,52.02215],[5.46329,52.02217],[5.46341,52.02367],[5.46543,52.02357],[5.46537,52.02327],[5.46407,52.02331]]]}},{"type":"Feature","properties":{"class":"forest"},"geometry":{"type":"Polygon","coordinates":[[[5.40184,52.02966],[5.40131,52.02894],[5.39996,52.02934],[5.39968,52.0293],[5.40032,52.03012],[5.40184,52.02966]]]}},{"type":"Feature","properties":{"class":"forest"},"geometry":{"type":"Polygon","coordinates":[[[5.42325,51.98753],[5.42299,51.98725],[5.42034,51.9901],[5.42075,51.99017],[5.42325,51.98753]]]}},{"type":"Feature","properties":{"class":"forest"},"geometry":{"type":"Polygon","coordinates":[[[5.40708,52.02599],[5.40723,52.02638],[5.40693,52.02658],[5.40549,52.02702],[5.4074,52.02737],[5.40775,52.02714],[5.4074,52.02581],[5.40688,52.02598],[5.40708,52.02599]]]}},{"type":"Feature","properties":{"class":"forest"},"geometry":{"type":"Polygon","coordinates":[[[5.46917,52.02154],[5.46842,52.02197],[5.46982,52.02245],[5.47097,52.02182],[5.46981,52.02148],[5.46917,52.02154]]]}},{"type":"Feature","properties":{"class":"forest"},"geometry":{"type":"Polygon","coordinates":[[[5.40401,52.03111],[5.40336,52.03028],[5.40233,52.0306],[5.40242,52.03159],[5.40401,52.03111]]]}},{"type":"Feature","properties":{"class":"forest"},"geometry":{"type":"Polygon","coordinates":[[[5.41498,52.02201],[5.41418,52.02274],[5.4133,52.02354],[5.41523,52.02336],[5.41498,52.02201]]]}},{"type":"Feature","properties":{"class":"forest"},"geometry":{"type":"Polygon","coordinates":[[[5.40097,52.03095],[5.40222,52.03057],[5.40185,52.02972],[5.40036,52.03017],[5.40097,52.03095]]]}},{"type":"Feature","properties":{"class":"forest"},"geometry":{"type":"Polygon","coordinates":[[[5.45859,52.01957],[5.45875,52.01922],[5.45871,52.0169],[5.45829,52.01473],[5.45866,52.01438],[5.45971,52.01428],[5.45802,52.01438],[5.45851,52.0169],[5.45855,52.02117],[5.45869,52.02116],[5.45859,52.01957]]]}},{"type":"Feature","properties":{"class":"forest"},"geometry":{"type":"Polygon","coordinates":[[[5.40325,52.02648],[5.40393,52.02715],[5.40471,52.02758],[5.40528,52.02704],[5.40414,52.02661],[5.40332,52.02616],[5.40296,52.02571],[5.40271,52.02505],[5.40257,52.0252],[5.40325,52.02648]]]}},{"type":"Feature","properties":{"class":"forest"},"geometry":{"type":"Polygon","coordinates":[[[5.41729,52.0157],[5.41844,52.0166],[5.41856,52.01655],[5.41776,52.01583],[5.41918,52.01529],[5.42006,52.01599],[5.42045,52.01582],[5.41953,52.01488],[5.41729,52.0157]]]}},{"type":"Feature","properties":{"class":"forest"},"geometry":{"type":"Polygon","coordinates":[[[5.4914,52.02652],[5.4912,52.02693],[5.49148,52.02732],[5.49232,52.02727],[5.49289,52.02703],[5.49241,52.02618],[5.4914,52.02652]]]}},{"type":"Feature","properties":{"class":"forest"},"geometry":{"type":"Polygon","coordinates":[[[5.44586,52.03324],[5.44373,52.03373],[5.44536,52.03445],[5.44572,52.0345],[5.44587,52.03432],[5.44583,52.03417],[5.44543,52.03404],[5.44536,52.03383],[5.44566,52.03365],[5.44565,52.03344],[5.44598,52.03357],[5.44586,52.03324]]]}},{"type":"Feature","properties":{"class":"forest"},"geometry":{"type":"Polygon","coordinates":[[[5.45442,52.01381],[5.45529,52.01357],[5.45428,52.01237],[5.45345,52.01269],[5.45442,52.01381]]]}},{"type":"Feature","properties":{"class":"forest"},"geometry":{"type":"Polygon","coordinates":[[[5.46345,52.02431],[5.46576,52.02413],[5.46573,52.02363],[5.46341,52.02372],[5.46345,52.02431]]]}},{"type":"Feature","properties":{"class":"forest"},"geometry":{"type":"Polygon","coordinates":[[[5.46241,52.01078],[5.46249,52.01131],[5.46483,52.01132],[5.46478,52.01078],[5.46241,52.01078]]]}},{"type":"Feature","properties":{"class":"forest"},"geometry":{"type":"Polygon","coordinates":[[[5.46649,52.01969],[5.46657,52.02053],[5.46805,52.02043],[5.46796,52.01961],[5.46649,52.01969]]]}},{"type":"Feature","properties":{"class":"forest"},"geometry":{"type":"Polygon","coordinates":[[[5.45728,52.00967],[5.45892,52.00948],[5.45866,52.00864],[5.45824,52.0088],[5.45711,52.00895],[5.45728,52.00967]]]}},{"type":"Feature","properties":{"class":"forest"},"geometry":{"type":"Polygon","coordinates":[[[5.48387,52.03072],[5.48862,52.03162],[5.48812,52.03102],[5.48387,52.03072]]]}},{"type":"Feature","properties":{"class":"forest"},"geometry":{"type":"Polygon","coordinates":[[[5.45628,52.02944],[5.45558,52.02884],[5.454,52.02923],[5.4546,52.02951],[5.4559,52.02952],[5.45625,52.02963],[5.45666,52.02996],[5.45715,52.02999],[5.45716,52.02984],[5.45628,52.02944]]]}},{"type":"Feature","properties":{"class":"forest"},"geometry":{"type":"Polygon","coordinates":[[[5.44489,52.01112],[5.44522,52.01203],[5.44666,52.01174],[5.44569,52.01084],[5.44489,52.01112]]]}},{"type":"Feature","properties":{"class":"forest"},"geometry":{"type":"Polygon","coordinates":[[[5.45345,52.01765],[5.45298,52.01613],[5.45223,52.01643],[5.45282,52.01793],[5.45345,52.01765]]]}},{"type":"Feature","properties":{"class":"forest"},"geometry":{"type":"Polygon","coordinates":[[[5.41165,52.01373],[5.40919,52.01297],[5.40889,52.01252],[5.40777,52.01258],[5.41059,52.01428],[5.4108,52.01413],[5.40903,52.01309],[5.41165,52.01373]]]}},{"type":"Feature","properties":{"class":"forest"},"geometry":{"type":"Polygon","coordinates":[[[5.41105,52.01588],[5.41093,52.01614],[5.41148,52.01643],[5.41162,52.01602],[5.41188,52.01598],[5.41161,52.01568],[5.41199,52.01548],[5.41299,52.0161],[5.41207,52.01653],[5.41265,52.01653],[5.41326,52.0163],[5.41362,52.01664],[5.41397,52.01666],[5.41382,52.01634],[5.41211,52.01531],[5.41105,52.01588]]]}},{"type":"Feature","properties":{"class":"forest"},"geometry":{"type":"Polygon","coordinates":[[[5.44377,52.01592],[5.44326,52.01535],[5.44329,52.0149],[5.44265,52.01506],[5.44229,52.01587],[5.44242,52.01632],[5.44377,52.01592]]]}},{"type":"Feature","properties":{"class":"forest"},"geometry":{"type":"Polygon","coordinates":[[[5.45871,52.02799],[5.4601,52.02856],[5.45971,52.02818],[5.45926,52.02811],[5.45822,52.02764],[5.45763,52.02861],[5.45795,52.02901],[5.45849,52.02913],[5.45867,52.02959],[5.45899,52.02938],[5.45896,52.02914],[5.45812,52.02885],[5.45871,52.02799]]]}},{"type":"Feature","properties":{"class":"forest"},"geometry":{"type":"Polygon","coordinates":[[[5.44942,52.01182],[5.45081,52.01354],[5.45166,52.0132],[5.45072,52.0126],[5.44975,52.01177],[5.44942,52.01182]]]}},{"type":"Feature","properties":{"class":"forest"},"geometry":{"type":"Polygon","coordinates":[[[5.47624,51.98439],[5.47716,51.98463],[5.4774,51.98447],[5.4766,51.98421],[5.47605,51.98429],[5.47618,51.98414],[5.4711,51.98394],[5.46992,51.98395],[5.46974,51.98408],[5.47156,51.98402],[5.47157,51.98415],[5.47383,51.98415],[5.47624,51.98439]]]}},{"type":"Feature","properties":{"class":"forest"},"geometry":{"type":"Polygon","coordinates":[[[5.44523,52.01208],[5.44537,52.01273],[5.44728,52.01234],[5.44671,52.01179],[5.44523,52.01208]]]}},{"type":"Feature","properties":{"class":"forest"},"geometry":{"type":"Polygon","coordinates":[[[5.39815,52.0223],[5.39968,52.02188],[5.39963,52.02122],[5.3982,52.02141],[5.39815,52.0223]]]}},{"type":"Feature","properties":{"class":"forest"},"geometry":{"type":"Polygon","coordinates":[[[5.46355,52.01353],[5.46422,52.01292],[5.46252,52.0122],[5.46262,52.01358],[5.46289,52.01379],[5.46355,52.01353]],[[5.46306,52.01275],[5.46367,52.01317],[5.46294,52.01344],[5.46278,52.0132],[5.46279,52.01279],[5.46306,52.01275]]]}},{"type":"Feature","properties":{"class":"forest"},"geometry":{"type":"Polygon","coordinates":[[[5.45884,52.01797],[5.46018,52.01777],[5.46012,52.01699],[5.45881,52.01704],[5.45884,52.01797]]]}},{"type":"Feature","properties":{"class":"forest"},"geometry":{"type":"Polygon","coordinates":[[[5.44215,52.0037],[5.44284,52.00412],[5.44413,52.0033],[5.44342,52.00287],[5.44215,52.0037]]]}},{"type":"Feature","properties":{"class":"forest"},"geometry":{"type":"Polygon","coordinates":[[[5.48981,52.02795],[5.48945,52.02845],[5.48973,52.02854],[5.48982,52.02897],[5.49025,52.02967],[5.49079,52.0296],[5.49009,52.02782],[5.48981,52.02795]]]}},{"type":"Feature","properties":{"class":"forest"},"geometry":{"type":"Polygon","coordinates":[[[5.40308,52.0219],[5.4041,52.02113],[5.40419,52.02137],[5.40506,52.02127],[5.40565,52.02144],[5.40537,52.02056],[5.40302,52.02141],[5.40308,52.0219]]]}},{"type":"Feature","properties":{"class":"forest"},"geometry":{"type":"Polygon","coordinates":[[[5.44148,52.005],[5.44275,52.00416],[5.44207,52.00374],[5.44079,52.00458],[5.44148,52.005]]]}},{"type":"Feature","properties":{"class":"forest"},"geometry":{"type":"Polygon","coordinates":[[[5.45187,52.00797],[5.44707,52.00294],[5.44693,52.00303],[5.45183,52.00815],[5.45202,52.00798],[5.45187,52.00797]]]}},{"type":"Feature","properties":{"class":"forest"},"geometry":{"type":"Polygon","coordinates":[[[5.47582,52.0333],[5.47597,52.0331],[5.47698,52.03299],[5.47719,52.03258],[5.47575,52.03229],[5.4753,52.03327],[5.47582,52.0333]]]}},{"type":"Feature","properties":{"class":"forest"},"geometry":{"type":"Polygon","coordinates":[[[5.40753,52.03676],[5.40693,52.03642],[5.40508,52.03716],[5.40564,52.03751],[5.40753,52.03676]]]}},{"type":"Feature","properties":{"class":"forest"},"geometry":{"type":"Polygon","coordinates":[[[5.47357,52.03717],[5.47447,52.03733],[5.47469,52.03608],[5.47298,52.03599],[5.47384,52.03611],[5.47357,52.03717]]]}},{"type":"Feature","properties":{"class":"forest"},"geometry":{"type":"Polygon","coordinates":[[[5.46915,52.02149],[5.46967,52.02141],[5.47057,52.02158],[5.4709,52.02173],[5.47076,52.02147],[5.47027,52.0214],[5.4713,52.02112],[5.47125,52.02101],[5.46823,52.02126],[5.46833,52.02189],[5.46915,52.02149]]]}},{"type":"Feature","properties":{"class":"forest"},"geometry":{"type":"Polygon","coordinates":[[[5.40887,52.03565],[5.40701,52.03638],[5.4076,52.03673],[5.40946,52.036],[5.40887,52.03565]]]}},{"type":"Feature","properties":{"class":"forest"},"geometry":{"type":"Polygon","coordinates":[[[5.40461,52.0235],[5.40526,52.02363],[5.40528,52.02386],[5.40575,52.02362],[5.40571,52.02324],[5.40598,52.02305],[5.40587,52.02222],[5.40513,52.02281],[5.40461,52.0235]]]}},{"type":"Feature","properties":{"class":"forest"},"geometry":{"type":"Polygon","coordinates":[[[5.41082,52.02108],[5.41026,52.02158],[5.4116,52.02219],[5.41223,52.02166],[5.41082,52.02108]]]}},{"type":"Feature","properties":{"class":"forest"},"geometry":{"type":"Polygon","coordinates":[[[5.45336,52.02119],[5.45378,52.0219],[5.45458,52.02208],[5.45366,52.02008],[5.45336,52.02119]]]}},{"type":"Feature","properties":{"class":"forest"},"geometry":{"type":"Polygon","coordinates":[[[5.39759,52.02979],[5.39839,52.03029],[5.39851,52.0301],[5.39891,52.03016],[5.39913,52.0305],[5.3998,52.03058],[5.39907,52.02971],[5.39791,52.02943],[5.39759,52.02979]]]}},{"type":"Feature","properties":{"class":"forest"},"geometry":{"type":"Polygon","coordinates":[[[5.43962,52.00137],[5.43984,52.0015],[5.44046,52.00098],[5.44085,52.00122],[5.44116,52.00068],[5.44107,52.00057],[5.44203,52.00109],[5.44127,52.00131],[5.44161,52.0015],[5.44244,52.001],[5.44238,52.00087],[5.4426,52.00073],[5.44316,52.00087],[5.44257,52.00052],[5.44204,52.00087],[5.44116,52.00036],[5.43962,52.00137]]]}},{"type":"Feature","properties":{"class":"forest"},"geometry":{"type":"Polygon","coordinates":[[[5.44208,52.00365],[5.44334,52.00284],[5.44334,52.00282],[5.44267,52.00242],[5.44144,52.00325],[5.44208,52.00365]]]}},{"type":"Feature","properties":{"class":"forest"},"geometry":{"type":"Polygon","coordinates":[[[5.40477,52.02762],[5.40539,52.0282],[5.40645,52.02895],[5.40602,52.02799],[5.40537,52.02706],[5.40477,52.02762]]]}},{"type":"Feature","properties":{"class":"forest"},"geometry":{"type":"Polygon","coordinates":[[[5.46627,52.01584],[5.46626,52.01481],[5.46516,52.01483],[5.46547,52.01521],[5.46528,52.01613],[5.46627,52.01584]]]}},{"type":"Feature","properties":{"class":"forest"},"geometry":{"type":"Polygon","coordinates":[[[5.50152,51.99005],[5.49901,51.99083],[5.50058,51.99308],[5.503,51.99251],[5.503,51.9924],[5.50236,51.99254],[5.50195,51.99191],[5.50183,51.99194],[5.50222,51.99258],[5.50062,51.99297],[5.49917,51.99085],[5.50082,51.99049],[5.50098,51.99068],[5.5008,51.99032],[5.50209,51.99011],[5.50152,51.99005]]]}},{"type":"Feature","properties":{"class":"forest"},"geometry":{"type":"Polygon","coordinates":[[[5.46318,52.02897],[5.46289,52.02982],[5.46381,52.03087],[5.46367,52.0289],[5.46318,52.02897]]]}},{"type":"Feature","properties":{"class":"forest"},"geometry":{"type":"Polygon","coordinates":[[[5.45263,52.03105],[5.45324,52.03085],[5.45321,52.03074],[5.45108,52.03032],[5.45091,52.03079],[5.4511,52.03095],[5.45263,52.03105]]]}},{"type":"Feature","properties":{"class":"forest"},"geometry":{"type":"Polygon","coordinates":[[[5.45765,52.01376],[5.45801,52.01431],[5.4597,52.01423],[5.45966,52.01368],[5.45765,52.01376]]]}},{"type":"Feature","properties":{"class":"forest"},"geometry":{"type":"Polygon","coordinates":[[[5.4693,52.01743],[5.47005,52.01934],[5.47055,52.01931],[5.46962,52.01705],[5.4693,52.01743]]]}},{"type":"Feature","properties":{"class":"forest"},"geometry":{"type":"Polygon","coordinates":[[[5.39919,52.00288],[5.397,52.00283],[5.397,52.00298],[5.39842,52.00304],[5.4009,52.0045],[5.40122,52.00501],[5.40088,52.00514],[5.40186,52.00493],[5.3992,52.00334],[5.39908,52.00324],[5.39919,52.00288]]]}},{"type":"Feature","properties":{"class":"forest"},"geometry":{"type":"Polygon","coordinates":[[[5.46178,52.03473],[5.46273,52.03479],[5.46276,52.03441],[5.46351,52.03432],[5.46393,52.03405],[5.46203,52.03394],[5.46178,52.03473]]]}},{"type":"Feature","properties":{"class":"forest"},"geometry":{"type":"Polygon","coordinates":[[[5.45079,52.02528],[5.45115,52.02525],[5.45133,52.02558],[5.45147,52.02613],[5.45138,52.02635],[5.45164,52.02642],[5.45201,52.02564],[5.4518,52.02502],[5.45148,52.02485],[5.45059,52.02487],[5.45079,52.02528]]]}},{"type":"Feature","properties":{"class":"forest"},"geometry":{"type":"Polygon","coordinates":[[[5.44934,52.01591],[5.44861,52.01503],[5.44801,52.0153],[5.44852,52.01634],[5.44917,52.01627],[5.44934,52.01591]]]}},{"type":"Feature","properties":{"class":"forest"},"geometry":{"type":"Polygon","coordinates":[[[5.49276,51.97312],[5.49365,51.97293],[5.4943,51.97365],[5.4946,51.9743],[5.49335,51.97468],[5.49224,51.97339],[5.49214,51.97342],[5.49329,51.97477],[5.49467,51.97435],[5.49497,51.97455],[5.49471,51.97392],[5.49665,51.97447],[5.49687,51.97442],[5.49463,51.9738],[5.49292,51.972],[5.4928,51.972],[5.49358,51.97284],[5.49276,51.97312]]]}},{"type":"Feature","properties":{"class":"forest"},"geometry":{"type":"Polygon","coordinates":[[[5.43597,52.01638],[5.43551,52.01643],[5.4354,52.01615],[5.4349,52.01604],[5.43496,52.01635],[5.43521,52.01625],[5.43521,52.01706],[5.43502,52.0171],[5.43493,52.01689],[5.43425,52.01672],[5.43432,52.01709],[5.43607,52.01722],[5.43597,52.01638]]]}},{"type":"Feature","properties":{"class":"forest"},"geometry":{"type":"Polygon","coordinates":[[[5.48858,51.9895],[5.4884,51.98886],[5.48804,51.9889],[5.48832,51.98893],[5.48843,51.98939],[5.48587,51.98966],[5.48564,51.98903],[5.48613,51.98894],[5.48627,51.9892],[5.48662,51.98906],[5.48631,51.98909],[5.48587,51.98818],[5.48497,51.9883],[5.48571,51.9898],[5.48858,51.9895]],[[5.48582,51.98823],[5.4861,51.98886],[5.48562,51.98897],[5.48529,51.98829],[5.48582,51.98823]]]}},{"type":"Feature","properties":{"class":"forest"},"geometry":{"type":"Polygon","coordinates":[[[5.45922,51.99589],[5.45783,51.99567],[5.45787,51.99534],[5.45713,51.99523],[5.45685,51.99577],[5.45909,51.99624],[5.45922,51.99589]]]}},{"type":"Feature","properties":{"class":"forest"},"geometry":{"type":"Polygon","coordinates":[[[5.44681,52.00159],[5.4461,52.0011],[5.44505,52.00181],[5.44578,52.00224],[5.44681,52.00159]]]}},{"type":"Feature","properties":{"class":"forest"},"geometry":{"type":"Polygon","coordinates":[[[5.4889,51.99001],[5.48966,51.98993],[5.48981,51.99022],[5.48885,51.99032],[5.48858,51.9895],[5.48871,51.99004],[5.48711,51.9902],[5.48856,51.99011],[5.48863,51.99045],[5.48788,51.99061],[5.48994,51.99027],[5.48874,51.98784],[5.48914,51.98776],[5.48872,51.98776],[5.4883,51.98689],[5.48816,51.98692],[5.48856,51.98771],[5.4882,51.9878],[5.48858,51.98775],[5.48907,51.98874],[5.48846,51.98881],[5.48863,51.98946],[5.48875,51.98957],[5.48943,51.9895],[5.48964,51.98989],[5.48888,51.98986],[5.4889,51.99001]],[[5.48934,51.98943],[5.48873,51.98949],[5.48857,51.9889],[5.48911,51.98884],[5.48934,51.98943]]]}},{"type":"Feature","properties":{"class":"forest"},"geometry":{"type":"Polygon","coordinates":[[[5.45894,52.00954],[5.4573,52.00973],[5.45745,52.01029],[5.4591,52.01011],[5.45894,52.00954]]]}},{"type":"Feature","properties":{"class":"forest"},"geometry":{"type":"Polygon","coordinates":[[[5.40061,52.02485],[5.39952,52.02533],[5.39949,52.02582],[5.39986,52.0259],[5.4,52.02615],[5.40077,52.0258],[5.40034,52.02525],[5.40074,52.02513],[5.40061,52.02485]]]}},{"type":"Feature","properties":{"class":"forest"},"geometry":{"type":"Polygon","coordinates":[[[5.40232,52.03162],[5.40219,52.03141],[5.40231,52.03112],[5.40222,52.03063],[5.40101,52.031],[5.40165,52.03182],[5.40232,52.03162]]]}},{"type":"Feature","properties":{"class":"forest"},"geometry":{"type":"Polygon","coordinates":[[[5.41054,52.02021],[5.40952,52.0202],[5.40951,52.02072],[5.41014,52.02078],[5.41079,52.021],[5.4113,52.02052],[5.41054,52.02021]]]}},{"type":"Feature","properties":{"class":"forest"},"geometry":{"type":"Polygon","coordinates":[[[5.44587,52.00228],[5.44636,52.00259],[5.44668,52.00243],[5.44705,52.00254],[5.44775,52.00216],[5.4469,52.00162],[5.44587,52.00228]]]}},{"type":"Feature","properties":{"class":"forest"},"geometry":{"type":"Polygon","coordinates":[[[5.40538,52.0109],[5.40547,52.01099],[5.40547,52.01122],[5.40731,52.0123],[5.4075,52.012],[5.40723,52.01194],[5.40728,52.01183],[5.40784,52.01195],[5.40802,52.01179],[5.40671,52.01159],[5.40489,52.01053],[5.40467,52.01026],[5.40441,52.01027],[5.40538,52.0109]]]}},{"type":"Feature","properties":{"class":"forest"},"geometry":{"type":"Polygon","coordinates":[[[5.39805,52.02232],[5.3981,52.02142],[5.397,52.02157],[5.397,52.02243],[5.39805,52.02232]]]}},{"type":"Feature","properties":{"class":"forest"},"geometry":{"type":"Polygon","coordinates":[[[5.44291,52.00418],[5.44348,52.00453],[5.44479,52.0037],[5.44419,52.00335],[5.44291,52.00418]]]}},{"type":"Feature","properties":{"class":"forest"},"geometry":{"type":"Polygon","coordinates":[[[5.45731,52.03043],[5.45807,52.03171],[5.45859,52.03163],[5.45863,52.03147],[5.45824,52.031],[5.45784,52.03084],[5.45853,52.03067],[5.45732,52.03011],[5.45731,52.03043]]]}},{"type":"Feature","properties":{"class":"forest"},"geometry":{"type":"Polygon","coordinates":[[[5.44267,52.00232],[5.44342,52.00278],[5.44442,52.00213],[5.4437,52.00168],[5.44267,52.00232]]]}},{"type":"Feature","properties":{"class":"forest"},"geometry":{"type":"Polygon","coordinates":[[[5.45927,52.01075],[5.45912,52.01017],[5.45747,52.01035],[5.45759,52.01085],[5.45927,52.01075]]]}},{"type":"Feature","properties":{"class":"forest"},"geometry":{"type":"Polygon","coordinates":[[[5.39967,52.02193],[5.39805,52.02238],[5.397,52.02249],[5.397,52.02299],[5.39974,52.0222],[5.39967,52.02193]]]}},{"type":"Feature","properties":{"class":"forest"},"geometry":{"type":"Polygon","coordinates":[[[5.44081,52.01684],[5.44044,52.01656],[5.43891,52.01659],[5.4381,52.01676],[5.43874,52.01669],[5.4394,52.01683],[5.43945,52.01701],[5.43856,52.01708],[5.43882,52.01726],[5.4406,52.017],[5.44081,52.01684]]]}},{"type":"Feature","properties":{"class":"forest"},"geometry":{"type":"Polygon","coordinates":[[[5.46377,51.9982],[5.46403,51.9974],[5.4629,51.99702],[5.4626,51.99754],[5.46377,51.9982]]]}},{"type":"Feature","properties":{"class":"forest"},"geometry":{"type":"Polygon","coordinates":[[[5.4428,52.00423],[5.44156,52.00502],[5.44153,52.00505],[5.44204,52.00538],[5.4434,52.00458],[5.4428,52.00423]]]}},{"type":"Feature","properties":{"class":"forest"},"geometry":{"type":"Polygon","coordinates":[[[5.44691,52.00689],[5.44532,52.00565],[5.44488,52.00592],[5.44652,52.00709],[5.44691,52.00689]]]}},{"type":"Feature","properties":{"class":"forest"},"geometry":{"type":"Polygon","coordinates":[[[5.44448,52.00217],[5.44348,52.00282],[5.4442,52.00325],[5.44519,52.00261],[5.44448,52.00217]]]}},{"type":"Feature","properties":{"class":"forest"},"geometry":{"type":"Polygon","coordinates":[[[5.40964,52.0174],[5.40921,52.01714],[5.40918,52.01702],[5.40943,52.01666],[5.40941,52.01637],[5.40898,52.01647],[5.40872,52.01675],[5.4089,52.01724],[5.4105,52.01817],[5.41085,52.01795],[5.40964,52.0174]]]}},{"type":"Feature","properties":{"class":"forest"},"geometry":{"type":"Polygon","coordinates":[[[5.45914,51.97346],[5.45978,51.97287],[5.46022,51.97269],[5.45996,51.97238],[5.4589,51.97272],[5.45919,51.97308],[5.45823,51.9734],[5.45847,51.97368],[5.45914,51.97346]]]}},{"type":"Feature","properties":{"class":"forest"},"geometry":{"type":"Polygon","coordinates":[[[5.48681,52.00665],[5.48759,52.00564],[5.48586,52.00593],[5.48625,52.00639],[5.48681,52.00665]]]}},{"type":"Feature","properties":{"class":"forest"},"geometry":{"type":"Polygon","coordinates":[[[5.43926,52.0206],[5.43915,52.02108],[5.43939,52.02123],[5.44022,52.02082],[5.44048,52.02051],[5.44016,52.02001],[5.43997,52.02004],[5.43971,52.02033],[5.43975,52.02047],[5.43926,52.0206]]]}},{"type":"Feature","properties":{"class":"forest"},"geometry":{"type":"Polygon","coordinates":[[[5.4904,51.99601],[5.49059,51.9962],[5.49285,51.9955],[5.49203,51.99444],[5.49205,51.99456],[5.48982,51.99542],[5.49207,51.99461],[5.49257,51.99526],[5.4904,51.99601]]]}},{"type":"Feature","properties":{"class":"forest"},"geometry":{"type":"Polygon","coordinates":[[[5.40196,52.02969],[5.40231,52.03054],[5.40333,52.03024],[5.40262,52.02949],[5.40196,52.02969]]]}},{"type":"Feature","properties":{"class":"forest"},"geometry":{"type":"Polygon","coordinates":[[[5.44229,52.01237],[5.44107,52.01187],[5.44041,52.01228],[5.44146,52.01275],[5.44229,52.01237]]]}},{"type":"Feature","properties":{"class":"forest"},"geometry":{"type":"Polygon","coordinates":[[[5.46244,52.01358],[5.46067,52.01375],[5.46073,52.01418],[5.4626,52.01402],[5.46244,52.01358]]]}},{"type":"Feature","properties":{"class":"forest"},"geometry":{"type":"Polygon","coordinates":[[[5.46769,52.02225],[5.46814,52.02262],[5.46904,52.02272],[5.46974,52.02249],[5.4683,52.022],[5.46769,52.02225]]]}},{"type":"Feature","properties":{"class":"forest"},"geometry":{"type":"Polygon","coordinates":[[[5.46771,51.99464],[5.46844,51.9948],[5.46834,51.99509],[5.46852,51.99506],[5.46872,51.99476],[5.46876,51.99416],[5.46819,51.99418],[5.46794,51.99452],[5.46768,51.99453],[5.46746,51.99449],[5.46742,51.99419],[5.46713,51.99404],[5.46739,51.99501],[5.4677,51.99509],[5.46753,51.99476],[5.46771,51.99464]]]}},{"type":"Feature","properties":{"class":"forest"},"geometry":{"type":"Polygon","coordinates":[[[5.397,52.03038],[5.39791,52.03054],[5.39801,52.03033],[5.3972,52.03005],[5.39784,52.0294],[5.397,52.02908],[5.397,52.03038]]]}},{"type":"Feature","properties":{"class":"forest"},"geometry":{"type":"Polygon","coordinates":[[[5.40615,52.02101],[5.40715,52.02059],[5.40654,52.02017],[5.40547,52.02051],[5.40546,52.02077],[5.4057,52.02071],[5.40615,52.02101]]]}},{"type":"Feature","properties":{"class":"forest"},"geometry":{"type":"Polygon","coordinates":[[[5.44588,52.00304],[5.44527,52.00265],[5.44427,52.0033],[5.44486,52.00366],[5.44588,52.00304]]]}},{"type":"Feature","properties":{"class":"forest"},"geometry":{"type":"Polygon","coordinates":[[[5.44238,52.0124],[5.44155,52.01278],[5.44263,52.01321],[5.44343,52.01279],[5.44238,52.0124]]]}},{"type":"Feature","properties":{"class":"forest"},"geometry":{"type":"Polygon","coordinates":[[[5.39902,52.01543],[5.39914,52.01781],[5.397,52.01801],[5.397,52.01824],[5.39932,52.01788],[5.39912,52.01541],[5.39803,52.0152],[5.39902,52.01543]]]}},{"type":"Feature","properties":{"class":"forest"},"geometry":{"type":"Polygon","coordinates":[[[5.41493,52.0195],[5.41484,52.01924],[5.41449,52.01949],[5.41305,52.01913],[5.41268,52.01936],[5.41415,52.01986],[5.41493,52.0195]]]}},{"type":"Feature","properties":{"class":"forest"},"geometry":{"type":"Polygon","coordinates":[[[5.48951,52.03035],[5.49102,52.03008],[5.49127,52.02961],[5.48942,52.02992],[5.48951,52.03035]]]}},{"type":"Feature","properties":{"class":"forest"},"geometry":{"type":"Polygon","coordinates":[[[5.41858,51.97494],[5.41813,51.97505],[5.41825,51.97516],[5.41857,51.97508],[5.41821,51.97527],[5.41806,51.97555],[5.41919,51.97585],[5.41892,51.97477],[5.41857,51.97472],[5.41858,51.97494]]]}},{"type":"Feature","properties":{"class":"forest"},"geometry":{"type":"Polygon","coordinates":[[[5.48767,52.00552],[5.48713,52.00442],[5.4861,52.0049],[5.48611,52.00494],[5.48767,52.00552]]]}},{"type":"Feature","properties":{"class":"forest"},"geometry":{"type":"Polygon","coordinates":[[[5.48789,52.00566],[5.48834,52.00669],[5.48886,52.00661],[5.4894,52.00625],[5.48789,52.00566]]]}},{"type":"Feature","properties":{"class":"forest"},"geometry":{"type":"Polygon","coordinates":[[[5.47305,51.99829],[5.47578,51.99936],[5.4758,51.99933],[5.47513,51.99902],[5.47535,51.99866],[5.47392,51.99822],[5.47369,51.9985],[5.47305,51.99829]]]}},{"type":"Feature","properties":{"class":"forest"},"geometry":{"type":"Polygon","coordinates":[[[5.40573,52.01866],[5.40618,52.01795],[5.40469,52.01776],[5.40536,52.01859],[5.40573,52.01866]]]}},{"type":"Feature","properties":{"class":"forest"},"geometry":{"type":"Polygon","coordinates":[[[5.45347,52.03064],[5.45262,52.03001],[5.45192,52.02994],[5.45179,52.03042],[5.45299,52.03069],[5.45347,52.03064]]]}},{"type":"Feature","properties":{"class":"forest"},"geometry":{"type":"Polygon","coordinates":[[[5.43041,52.01855],[5.43019,52.01818],[5.43025,52.01883],[5.43061,52.01859],[5.43075,52.0186],[5.43079,52.01883],[5.43027,52.01896],[5.43031,52.01932],[5.43048,52.01932],[5.43047,52.01905],[5.43062,52.01902],[5.43082,52.01904],[5.43095,52.01929],[5.43096,52.01906],[5.43117,52.01889],[5.43161,52.01917],[5.43154,52.0184],[5.43041,52.01855]]]}},{"type":"Feature","properties":{"class":"forest"},"geometry":{"type":"Polygon","coordinates":[[[5.49449,52.038],[5.4941,52.03712],[5.49329,52.03723],[5.49365,52.038],[5.49449,52.038]]]}},{"type":"Feature","properties":{"class":"forest"},"geometry":{"type":"Polygon","coordinates":[[[5.40444,52.0247],[5.40611,52.02411],[5.40605,52.02368],[5.40438,52.02433],[5.40444,52.0247]]]}},{"type":"Feature","properties":{"class":"forest"},"geometry":{"type":"Polygon","coordinates":[[[5.40715,52.02636],[5.40702,52.02604],[5.40622,52.02611],[5.4058,52.02644],[5.40557,52.02685],[5.40644,52.02669],[5.40715,52.02636]]]}},{"type":"Feature","properties":{"class":"forest"},"geometry":{"type":"Polygon","coordinates":[[[5.42728,51.99729],[5.42359,52.00129],[5.42369,52.00136],[5.42763,51.9971],[5.42728,51.99729]]]}},{"type":"Feature","properties":{"class":"forest"},"geometry":{"type":"Polygon","coordinates":[[[5.46433,52.0337],[5.46409,52.03396],[5.46561,52.0346],[5.46561,52.03443],[5.46537,52.03433],[5.46555,52.03411],[5.46506,52.03351],[5.46486,52.03386],[5.46433,52.0337]]]}},{"type":"Feature","properties":{"class":"forest"},"geometry":{"type":"Polygon","coordinates":[[[5.40924,52.01709],[5.40996,52.01752],[5.41063,52.01636],[5.41005,52.01631],[5.41026,52.01654],[5.41021,52.01666],[5.40988,52.0168],[5.40941,52.01673],[5.40924,52.01709]]]}},{"type":"Feature","properties":{"class":"forest"},"geometry":{"type":"Polygon","coordinates":[[[5.43876,52.02096],[5.43818,52.02154],[5.43866,52.02163],[5.43717,52.02182],[5.437,52.02195],[5.43834,52.02194],[5.43912,52.0214],[5.4391,52.02121],[5.43876,52.02096]]]}},{"type":"Feature","properties":{"class":"forest"},"geometry":{"type":"Polygon","coordinates":[[[5.48731,52.03011],[5.48676,52.02975],[5.487,52.03077],[5.4869,52.03084],[5.48806,52.03096],[5.48731,52.03011]]]}},{"type":"Feature","properties":{"class":"forest"},"geometry":{"type":"Polygon","coordinates":[[[5.4426,52.0291],[5.44256,52.03003],[5.44317,52.03011],[5.44287,52.02978],[5.44344,52.02983],[5.44391,52.02965],[5.4426,52.0291]]]}},{"type":"Feature","properties":{"class":"forest"},"geometry":{"type":"Polygon","coordinates":[[[5.44135,52.00162],[5.44047,52.00107],[5.43992,52.00153],[5.44076,52.00202],[5.44135,52.00162]]]}},{"type":"Feature","properties":{"class":"forest"},"geometry":{"type":"Polygon","coordinates":[[[5.49307,52.03077],[5.49471,52.03076],[5.49442,52.03045],[5.49307,52.03049],[5.49234,52.02876],[5.49246,52.0287],[5.4923,52.02869],[5.492,52.02816],[5.49307,52.03077]]]}},{"type":"Feature","properties":{"class":"forest"},"geometry":{"type":"Polygon","coordinates":[[[5.41272,52.038],[5.41313,52.038],[5.41291,52.03788],[5.41303,52.03765],[5.41421,52.0379],[5.41428,52.03777],[5.41354,52.03763],[5.41383,52.03702],[5.41341,52.03693],[5.41355,52.03664],[5.41342,52.03662],[5.41272,52.038]]]}},{"type":"Feature","properties":{"class":"forest"},"geometry":{"type":"Polygon","coordinates":[[[5.50298,51.98246],[5.5005,51.98311],[5.50021,51.98328],[5.50018,51.98346],[5.503,51.98268],[5.50298,51.98246]]]}},{"type":"Feature","properties":{"class":"forest"},"geometry":{"type":"Polygon","coordinates":[[[5.44258,52.03008],[5.44268,52.03055],[5.44318,52.0312],[5.44373,52.03134],[5.44334,52.03039],[5.44258,52.03008]]]}},{"type":"Feature","properties":{"class":"forest"},"geometry":{"type":"Polygon","coordinates":[[[5.44481,52.00588],[5.44526,52.0056],[5.44433,52.00492],[5.444,52.00484],[5.4437,52.00502],[5.44481,52.00588]]]}},{"type":"Feature","properties":{"class":"forest"},"geometry":{"type":"Polygon","coordinates":[[[5.40288,52.02907],[5.40296,52.02883],[5.40273,52.02856],[5.40289,52.02845],[5.40282,52.02835],[5.40162,52.02871],[5.40235,52.02923],[5.40288,52.02907]]]}},{"type":"Feature","properties":{"class":"forest"},"geometry":{"type":"Polygon","coordinates":[[[5.397,52.03353],[5.39781,52.03299],[5.397,52.03193],[5.397,52.03353]]]}},{"type":"Feature","properties":{"class":"forest"},"geometry":{"type":"Polygon","coordinates":[[[5.39793,52.01458],[5.39795,52.01496],[5.39934,52.01491],[5.39824,52.01439],[5.39875,52.01384],[5.39936,52.01414],[5.39946,52.01406],[5.39874,52.01369],[5.39793,52.01458]]]}},{"type":"Feature","properties":{"class":"forest"},"geometry":{"type":"Polygon","coordinates":[[[5.4895,52.0285],[5.48927,52.02896],[5.4894,52.02986],[5.49016,52.02968],[5.4895,52.0285]]]}},{"type":"Feature","properties":{"class":"forest"},"geometry":{"type":"Polygon","coordinates":[[[5.40633,51.98681],[5.40613,51.98675],[5.40352,51.98955],[5.40366,51.9896],[5.40633,51.98681]]]}},{"type":"Feature","properties":{"class":"forest"},"geometry":{"type":"Polygon","coordinates":[[[5.42834,52.01544],[5.42818,52.01532],[5.42768,52.01548],[5.42814,52.01555],[5.42765,52.0157],[5.42876,52.01543],[5.42901,52.0155],[5.42899,52.01569],[5.42893,52.01579],[5.42886,52.01582],[5.42805,52.01587],[5.42806,52.01628],[5.42757,52.0163],[5.42764,52.01642],[5.42804,52.01642],[5.42821,52.01628],[5.42851,52.0161],[5.429,52.01602],[5.42915,52.01581],[5.42917,52.01551],[5.42881,52.01491],[5.42844,52.01497],[5.42878,52.01496],[5.42902,52.01534],[5.42834,52.01544]]]}},{"type":"Feature","properties":{"class":"forest"},"geometry":{"type":"Polygon","coordinates":[[[5.40943,52.0202],[5.40826,52.02014],[5.40823,52.02065],[5.40942,52.02072],[5.40943,52.0202]]]}},{"type":"Feature","properties":{"class":"forest"},"geometry":{"type":"Polygon","coordinates":[[[5.44603,52.00107],[5.44559,52.0008],[5.44516,52.00107],[5.44475,52.00082],[5.44431,52.00129],[5.44551,52.00141],[5.44603,52.00107]]]}},{"type":"Feature","properties":{"class":"forest"},"geometry":{"type":"Polygon","coordinates":[[[5.4579,52.00759],[5.45776,52.00787],[5.45807,52.00794],[5.45833,52.0085],[5.45797,52.00852],[5.45812,52.00861],[5.45785,52.00881],[5.45843,52.00868],[5.45894,52.00827],[5.45845,52.00856],[5.45796,52.00751],[5.45686,52.00771],[5.4571,52.00824],[5.45582,52.00835],[5.4556,52.00792],[5.45545,52.00792],[5.45577,52.00842],[5.45714,52.00831],[5.45732,52.00868],[5.45734,52.00841],[5.457,52.00776],[5.4579,52.00759]]]}},{"type":"Feature","properties":{"class":"forest"},"geometry":{"type":"Polygon","coordinates":[[[5.45222,52.0287],[5.45162,52.02897],[5.4514,52.02949],[5.45306,52.02937],[5.45229,52.02908],[5.45222,52.0287]]]}},{"type":"Feature","properties":{"class":"forest"},"geometry":{"type":"Polygon","coordinates":[[[5.45739,52.0271],[5.45818,52.02754],[5.45837,52.02722],[5.45611,52.02609],[5.45592,52.02625],[5.45721,52.02672],[5.45739,52.0271]]]}},{"type":"Feature","properties":{"class":"forest"},"geometry":{"type":"Polygon","coordinates":[[[5.4393,52.01213],[5.43873,52.0127],[5.43701,52.01338],[5.43797,52.01326],[5.43951,52.0124],[5.44008,52.01272],[5.44016,52.01261],[5.4393,52.01213]]]}},{"type":"Feature","properties":{"class":"forest"},"geometry":{"type":"Polygon","coordinates":[[[5.42919,52.02831],[5.42991,52.02843],[5.42979,52.0278],[5.4283,52.02799],[5.42834,52.02826],[5.42914,52.02811],[5.42919,52.02831]]]}},{"type":"Feature","properties":{"class":"forest"},"geometry":{"type":"Polygon","coordinates":[[[5.40539,52.02701],[5.40439,52.02478],[5.40413,52.0248],[5.40502,52.0267],[5.40483,52.02683],[5.40539,52.02701]]]}},{"type":"Feature","properties":{"class":"forest"},"geometry":{"type":"Polygon","coordinates":[[[5.47036,51.98648],[5.47036,51.98686],[5.47292,51.98576],[5.47253,51.9858],[5.47036,51.98648]]]}},{"type":"Feature","properties":{"class":"forest"},"geometry":{"type":"Polygon","coordinates":[[[5.3976,52.00586],[5.39791,52.00574],[5.39839,52.00564],[5.39891,52.0056],[5.39936,52.00564],[5.39975,52.00539],[5.40023,52.00526],[5.40073,52.00517],[5.39972,52.00516],[5.39899,52.00538],[5.39886,52.00539],[5.39966,52.00541],[5.3996,52.00526],[5.39967,52.00542],[5.39833,52.00556],[5.3976,52.00548],[5.39738,52.00565],[5.3976,52.00586]]]}},{"type":"Feature","properties":{"class":"forest"},"geometry":{"type":"Polygon","coordinates":[[[5.41509,52.02588],[5.41606,52.02623],[5.41666,52.02617],[5.4167,52.02578],[5.4164,52.02578],[5.41637,52.02562],[5.41509,52.02588]]]}},{"type":"Feature","properties":{"class":"forest"},"geometry":{"type":"Polygon","coordinates":[[[5.41272,52.01539],[5.41259,52.01517],[5.41091,52.01418],[5.41065,52.01432],[5.41259,52.01548],[5.41272,52.01539]]]}},{"type":"Feature","properties":{"class":"forest"},"geometry":{"type":"Polygon","coordinates":[[[5.46121,52.01425],[5.46266,52.01481],[5.4626,52.01409],[5.46074,52.01423],[5.46121,52.01425]]]}},{"type":"Feature","properties":{"class":"forest"},"geometry":{"type":"Polygon","coordinates":[[[5.46504,52.03791],[5.4639,52.03764],[5.46426,52.03651],[5.46403,52.03646],[5.46358,52.038],[5.46504,52.03791]]]}},{"type":"Feature","properties":{"class":"forest"},"geometry":{"type":"Polygon","coordinates":[[[5.45951,52.00828],[5.45901,52.00831],[5.4587,52.00857],[5.45891,52.00909],[5.4597,52.00889],[5.45951,52.00828]]]}},{"type":"Feature","properties":{"class":"forest"},"geometry":{"type":"Polygon","coordinates":[[[5.46118,52.03096],[5.46068,52.03067],[5.46013,52.03109],[5.46076,52.03155],[5.4611,52.0314],[5.46118,52.03096]]]}},{"type":"Feature","properties":{"class":"forest"},"geometry":{"type":"Polygon","coordinates":[[[5.44009,52.00247],[5.44065,52.00208],[5.43975,52.00164],[5.43932,52.00202],[5.44009,52.00247]]]}},{"type":"Feature","properties":{"class":"forest"},"geometry":{"type":"Polygon","coordinates":[[[5.46943,51.99449],[5.46973,51.99505],[5.47002,51.99511],[5.47016,51.99488],[5.47009,51.99406],[5.4694,51.99425],[5.46956,51.99444],[5.46943,51.99449]]]}},{"type":"Feature","properties":{"class":"forest"},"geometry":{"type":"Polygon","coordinates":[[[5.45368,52.02188],[5.45327,52.02119],[5.45244,52.02068],[5.45292,52.0217],[5.45368,52.02188]]]}},{"type":"Feature","properties":{"class":"forest"},"geometry":{"type":"Polygon","coordinates":[[[5.40239,52.03276],[5.40266,52.03266],[5.4024,52.03179],[5.40232,52.03168],[5.40169,52.03187],[5.40239,52.03276]]]}},{"type":"Feature","properties":{"class":"forest"},"geometry":{"type":"Polygon","coordinates":[[[5.47089,52.03641],[5.4707,52.03661],[5.47196,52.03734],[5.47212,52.03688],[5.47089,52.03641]]]}},{"type":"Feature","properties":{"class":"forest"},"geometry":{"type":"Polygon","coordinates":[[[5.40794,52.02878],[5.40741,52.02822],[5.40668,52.02897],[5.40728,52.02904],[5.40794,52.02878]]]}},{"type":"Feature","properties":{"class":"forest"},"geometry":{"type":"Polygon","coordinates":[[[5.46511,52.00811],[5.46577,52.00881],[5.46597,52.00881],[5.46515,52.00799],[5.46363,52.00836],[5.46454,52.00849],[5.46489,52.00863],[5.46517,52.00887],[5.46538,52.00879],[5.46568,52.0088],[5.46545,52.00867],[5.46511,52.00873],[5.4646,52.00827],[5.46511,52.00811]]]}},{"type":"Feature","properties":{"class":"forest"},"geometry":{"type":"Polygon","coordinates":[[[5.50236,52.02595],[5.50136,52.02547],[5.50096,52.02555],[5.50106,52.02586],[5.50158,52.02608],[5.50206,52.02613],[5.50236,52.02595]]]}},{"type":"Feature","properties":{"class":"forest"},"geometry":{"type":"Polygon","coordinates":[[[5.45012,52.01908],[5.45054,52.02008],[5.45135,52.02001],[5.45105,52.01964],[5.45012,52.01908]]]}},{"type":"Feature","properties":{"class":"forest"},"geometry":{"type":"Polygon","coordinates":[[[5.40122,52.00915],[5.40104,52.00898],[5.40048,52.00919],[5.40016,52.00913],[5.40024,52.009],[5.40005,52.00885],[5.40016,52.00862],[5.39993,52.00853],[5.39963,52.00932],[5.40021,52.00942],[5.40122,52.00915]]]}},{"type":"Feature","properties":{"class":"forest"},"geometry":{"type":"Polygon","coordinates":[[[5.40319,52.00844],[5.40254,52.0085],[5.40276,52.00869],[5.40334,52.00864],[5.40256,52.00729],[5.40223,52.00734],[5.40287,52.00835],[5.40319,52.00844]]]}},{"type":"Feature","properties":{"class":"forest"},"geometry":{"type":"Polygon","coordinates":[[[5.46418,51.99717],[5.4643,51.99684],[5.46363,51.99655],[5.46325,51.99663],[5.4629,51.99697],[5.4639,51.9973],[5.46418,51.99717]],[[5.46401,51.99696],[5.46375,51.99716],[5.46348,51.99709],[5.46392,51.99694],[5.46348,51.99676],[5.46339,51.99706],[5.46319,51.99697],[5.46358,51.99668],[5.46395,51.99679],[5.46401,51.99696]]]}},{"type":"Feature","properties":{"class":"forest"},"geometry":{"type":"Polygon","coordinates":[[[5.4517,51.98725],[5.45075,51.98755],[5.45068,51.98775],[5.45261,51.98748],[5.4525,51.98734],[5.4517,51.98725]]]}},{"type":"Feature","properties":{"class":"forest"},"geometry":{"type":"Polygon","coordinates":[[[5.40639,51.98683],[5.40374,51.98963],[5.40386,51.98968],[5.40511,51.98837],[5.40651,51.98688],[5.40639,51.98683]]]}},{"type":"Feature","properties":{"class":"forest"},"geometry":{"type":"Polygon","coordinates":[[[5.397,52.00851],[5.39803,52.00881],[5.397,52.0098],[5.397,52.01005],[5.39834,52.00879],[5.397,52.00835],[5.397,52.00851]]]}},{"type":"Feature","properties":{"class":"forest"},"geometry":{"type":"Polygon","coordinates":[[[5.44689,51.99723],[5.44692,51.99709],[5.44369,51.99888],[5.44383,51.99897],[5.44689,51.99723]]]}},{"type":"Feature","properties":{"class":"forest"},"geometry":{"type":"Polygon","coordinates":[[[5.49876,52.02814],[5.49824,52.0287],[5.49874,52.02874],[5.49899,52.02951],[5.49842,52.02963],[5.49799,52.029],[5.49827,52.02961],[5.49845,52.0297],[5.49918,52.02956],[5.49876,52.02814]]]}},{"type":"Feature","properties":{"class":"forest"},"geometry":{"type":"Polygon","coordinates":[[[5.4151,52.03454],[5.4153,52.03396],[5.41464,52.03374],[5.41439,52.03434],[5.4151,52.03454]]]}},{"type":"Feature","properties":{"class":"forest"},"geometry":{"type":"Polygon","coordinates":[[[5.40413,52.01451],[5.40478,52.01407],[5.40395,52.01433],[5.40392,52.01462],[5.4041,52.01493],[5.40489,52.01543],[5.40515,52.0152],[5.40427,52.01481],[5.40413,52.01451]]]}},{"type":"Feature","properties":{"class":"forest"},"geometry":{"type":"Polygon","coordinates":[[[5.45786,52.01432],[5.45757,52.01381],[5.45672,52.01412],[5.45702,52.01454],[5.45762,52.01433],[5.45786,52.01432]]]}},{"type":"Feature","properties":{"class":"forest"},"geometry":{"type":"Polygon","coordinates":[[[5.45915,52.03005],[5.45916,52.03029],[5.45948,52.03056],[5.46002,52.03043],[5.45935,52.0301],[5.45946,52.02992],[5.45986,52.02996],[5.45994,52.03025],[5.46004,52.02988],[5.45879,52.02968],[5.45915,52.03005]]]}},{"type":"Feature","properties":{"class":"forest"},"geometry":{"type":"Polygon","coordinates":[[[5.47105,52.03565],[5.4703,52.03503],[5.47022,52.03525],[5.46983,52.03559],[5.47044,52.03555],[5.47249,52.03608],[5.47254,52.03599],[5.47105,52.03565]]]}},{"type":"Feature","properties":{"class":"forest"},"geometry":{"type":"Polygon","coordinates":[[[5.49677,52.03013],[5.4963,52.02943],[5.49611,52.02946],[5.49653,52.03035],[5.49824,52.02973],[5.49781,52.02899],[5.49811,52.02972],[5.49677,52.03013]]]}},{"type":"Feature","properties":{"class":"forest"},"geometry":{"type":"Polygon","coordinates":[[[5.44898,52.00177],[5.44924,52.00131],[5.44995,52.00086],[5.44986,52.00079],[5.44778,52.00206],[5.44898,52.00177]]]}},{"type":"Feature","properties":{"class":"forest"},"geometry":{"type":"Polygon","coordinates":[[[5.45723,51.99332],[5.45617,51.99535],[5.45618,51.99545],[5.45634,51.99549],[5.45738,51.99333],[5.45723,51.99332]]]}},{"type":"Feature","properties":{"class":"forest"},"geometry":{"type":"Polygon","coordinates":[[[5.45946,52.01109],[5.45977,52.01112],[5.46044,52.01136],[5.46027,52.01068],[5.45939,52.01079],[5.45946,52.01109]]]}},{"type":"Feature","properties":{"class":"forest"},"geometry":{"type":"Polygon","coordinates":[[[5.39799,52.02722],[5.3979,52.02709],[5.397,52.02592],[5.397,52.02668],[5.39754,52.027],[5.39784,52.02727],[5.39799,52.02722]]]}},{"type":"Feature","properties":{"class":"forest"},"geometry":{"type":"Polygon","coordinates":[[[5.4886,52.00477],[5.48908,52.0053],[5.48966,52.00525],[5.48938,52.00486],[5.48882,52.00453],[5.4886,52.00477]]]}},{"type":"Feature","properties":{"class":"forest"},"geometry":{"type":"Polygon","coordinates":[[[5.46815,52.01378],[5.4684,52.01368],[5.46822,52.01327],[5.4676,52.01333],[5.46793,52.0143],[5.46815,52.01378]]]}},{"type":"Feature","properties":{"class":"forest"},"geometry":{"type":"Polygon","coordinates":[[[5.40015,52.02216],[5.40219,52.02168],[5.40536,52.02053],[5.40015,52.02216]]]}},{"type":"Feature","properties":{"class":"forest"},"geometry":{"type":"Polygon","coordinates":[[[5.41358,52.0366],[5.4137,52.03632],[5.41434,52.0363],[5.41456,52.0358],[5.41385,52.03569],[5.41358,52.0366]]]}},{"type":"Feature","properties":{"class":"forest"},"geometry":{"type":"Polygon","coordinates":[[[5.4598,52.01422],[5.46064,52.01418],[5.4606,52.01373],[5.45977,52.01372],[5.4598,52.01422]]]}},{"type":"Feature","properties":{"class":"forest"},"geometry":{"type":"Polygon","coordinates":[[[5.40033,52.02224],[5.39946,52.02236],[5.397,52.02307],[5.397,52.0232],[5.40033,52.02224]]]}},{"type":"Feature","properties":{"class":"forest"},"geometry":{"type":"Polygon","coordinates":[[[5.45412,52.00789],[5.45334,52.00639],[5.45329,52.00639],[5.45335,52.00683],[5.45463,52.0092],[5.45405,52.00799],[5.45465,52.00794],[5.45412,52.00789]]]}},{"type":"Feature","properties":{"class":"forest"},"geometry":{"type":"Polygon","coordinates":[[[5.49165,52.0283],[5.49087,52.02795],[5.49089,52.02783],[5.49115,52.02789],[5.49114,52.0277],[5.49133,52.02771],[5.49117,52.02751],[5.49062,52.02777],[5.49087,52.02842],[5.49165,52.0283]]]}},{"type":"Feature","properties":{"class":"forest"},"geometry":{"type":"Polygon","coordinates":[[[5.4598,52.02946],[5.45946,52.02964],[5.45909,52.02954],[5.45954,52.02906],[5.45877,52.02963],[5.46036,52.02983],[5.46044,52.02949],[5.4598,52.02946]]]}},{"type":"Feature","properties":{"class":"forest"},"geometry":{"type":"Polygon","coordinates":[[[5.40601,52.01453],[5.40506,52.01402],[5.40603,52.01361],[5.40622,52.01371],[5.40667,52.01318],[5.40475,52.01398],[5.40601,52.01453]]]}},{"type":"Feature","properties":{"class":"forest"},"geometry":{"type":"Polygon","coordinates":[[[5.47754,52.02189],[5.47718,52.02132],[5.47682,52.02144],[5.47677,52.02164],[5.47736,52.0217],[5.47734,52.02187],[5.47626,52.02172],[5.47634,52.02204],[5.47754,52.02189]]]}},{"type":"Feature","properties":{"class":"forest"},"geometry":{"type":"Polygon","coordinates":[[[5.40142,52.0289],[5.40196,52.02963],[5.40255,52.02945],[5.40165,52.02883],[5.40142,52.0289]]]}},{"type":"Feature","properties":{"class":"forest"},"geometry":{"type":"Polygon","coordinates":[[[5.471,51.99464],[5.47082,51.99474],[5.47083,51.99542],[5.47106,51.9958],[5.47124,51.99538],[5.47125,51.99482],[5.471,51.99464]]]}},{"type":"Feature","properties":{"class":"forest"},"geometry":{"type":"Polygon","coordinates":[[[5.46132,51.98451],[5.45734,51.9844],[5.45692,51.98456],[5.46132,51.98451]]]}},{"type":"Feature","properties":{"class":"forest"},"geometry":{"type":"Polygon","coordinates":[[[5.44319,51.99987],[5.44292,51.99984],[5.44466,52.00091],[5.44419,52.00039],[5.44337,51.99989],[5.44378,51.9997],[5.44361,51.9996],[5.44319,51.99987]]]}},{"type":"Feature","properties":{"class":"forest"},"geometry":{"type":"Polygon","coordinates":[[[5.47229,52.03746],[5.47165,52.03728],[5.47145,52.03757],[5.47061,52.03761],[5.47203,52.0377],[5.47197,52.038],[5.47219,52.038],[5.47229,52.03746]]]}},{"type":"Feature","properties":{"class":"forest"},"geometry":{"type":"Polygon","coordinates":[[[5.46007,52.03769],[5.46102,52.03776],[5.46111,52.03737],[5.46013,52.03733],[5.46007,52.03769]],[[5.46037,52.03752],[5.46059,52.03747],[5.46072,52.03753],[5.46056,52.03757],[5.46037,52.03752]]]}},{"type":"Feature","properties":{"class":"forest"},"geometry":{"type":"Polygon","coordinates":[[[5.45246,52.02521],[5.45156,52.02697],[5.45156,52.02723],[5.4527,52.02518],[5.45246,52.02521]]]}},{"type":"Feature","properties":{"class":"forest"},"geometry":{"type":"Polygon","coordinates":[[[5.49911,52.02458],[5.49942,52.02448],[5.49929,52.02425],[5.49804,52.0233],[5.49911,52.02458]]]}},{"type":"Feature","properties":{"class":"forest"},"geometry":{"type":"Polygon","coordinates":[[[5.46566,52.02234],[5.46534,52.02242],[5.46549,52.02359],[5.46572,52.02357],[5.46566,52.02234]]]}},{"type":"Feature","properties":{"class":"forest"},"geometry":{"type":"Polygon","coordinates":[[[5.43984,52.01918],[5.44045,52.01845],[5.44028,52.01833],[5.43956,52.01866],[5.43984,52.01918]]]}},{"type":"Feature","properties":{"class":"forest"},"geometry":{"type":"Polygon","coordinates":[[[5.44085,52.00447],[5.44196,52.00374],[5.44164,52.00366],[5.44056,52.00435],[5.44085,52.00447]]]}},{"type":"Feature","properties":{"class":"forest"},"geometry":{"type":"Polygon","coordinates":[[[5.39863,52.00768],[5.39723,52.00687],[5.39716,52.00667],[5.39733,52.00643],[5.39713,52.00633],[5.39709,52.00686],[5.39729,52.00714],[5.39751,52.00731],[5.39809,52.0075],[5.3983,52.00766],[5.39863,52.00768]]]}},{"type":"Feature","properties":{"class":"forest"},"geometry":{"type":"Polygon","coordinates":[[[5.41523,52.02993],[5.41521,52.03017],[5.41566,52.03041],[5.41594,52.0297],[5.41555,52.02969],[5.41523,52.02993]]]}},{"type":"Feature","properties":{"class":"forest"},"geometry":{"type":"Polygon","coordinates":[[[5.46415,52.00604],[5.46514,52.00563],[5.46506,52.00558],[5.46373,52.00601],[5.46427,52.00701],[5.46408,52.00636],[5.46422,52.00621],[5.46415,52.00604]]]}},{"type":"Feature","properties":{"class":"forest"},"geometry":{"type":"Polygon","coordinates":[[[5.49803,52.02152],[5.49803,52.0219],[5.49828,52.02173],[5.4985,52.02181],[5.49832,52.0216],[5.49864,52.02157],[5.49854,52.02142],[5.49867,52.02132],[5.49797,52.02119],[5.49793,52.02141],[5.49754,52.02153],[5.49803,52.02152]]]}},{"type":"Feature","properties":{"class":"forest"},"geometry":{"type":"Polygon","coordinates":[[[5.47356,52.03725],[5.47347,52.03757],[5.47441,52.03776],[5.47445,52.0374],[5.47356,52.03725]]]}},{"type":"Feature","properties":{"class":"forest"},"geometry":{"type":"Polygon","coordinates":[[[5.4348,52.01607],[5.43424,52.01622],[5.43424,52.01665],[5.43461,52.01675],[5.43485,52.01653],[5.4348,52.01607]]]}},{"type":"Feature","properties":{"class":"forest"},"geometry":{"type":"Polygon","coordinates":[[[5.4296,51.98929],[5.43078,51.98989],[5.431,51.98968],[5.42986,51.98919],[5.4296,51.98929]]]}},{"type":"Feature","properties":{"class":"forest"},"geometry":{"type":"Polygon","coordinates":[[[5.47159,52.03345],[5.47177,52.03271],[5.47093,52.03268],[5.47159,52.03345]]]}},{"type":"Feature","properties":{"class":"forest"},"geometry":{"type":"Polygon","coordinates":[[[5.46533,52.02235],[5.46453,52.02212],[5.46385,52.02214],[5.46409,52.02248],[5.46533,52.02235]]]}},{"type":"Feature","properties":{"class":"forest"},"geometry":{"type":"Polygon","coordinates":[[[5.397,52.02747],[5.39781,52.02728],[5.397,52.02671],[5.397,52.02747]]]}},{"type":"Feature","properties":{"class":"forest"},"geometry":{"type":"Polygon","coordinates":[[[5.45632,52.03048],[5.45727,52.03053],[5.45724,52.0301],[5.45672,52.03008],[5.45632,52.03048]]]}},{"type":"Feature","properties":{"class":"forest"},"geometry":{"type":"Polygon","coordinates":[[[5.44346,52.0047],[5.44207,52.00546],[5.44074,52.00465],[5.4406,52.00471],[5.4421,52.0056],[5.44346,52.0047]]]}},{"type":"Feature","properties":{"class":"water"},"geometry":{"type":"Polygon","coordinates":[[[5.397,51.97415],[5.40526,51.97605],[5.40563,51.97596],[5.40715,51.97613],[5.41457,51.97784],[5.41447,51.97803],[5.41953,51.97957],[5.42381,51.98168],[5.42467,51.98231],[5.42571,51.984],[5.42647,51.98445],[5.42758,51.98465],[5.42875,51.9845],[5.42929,51.9842],[5.42962,51.98369],[5.42978,51.98375],[5.42954,51.98345],[5.42983,51.98379],[5.43067,51.98421],[5.43273,51.98506],[5.43218,51.98565],[5.43223,51.98541],[5.43079,51.98457],[5.4298,51.98439],[5.42927,51.98454],[5.42948,51.98503],[5.43014,51.98544],[5.43169,51.98591],[5.43204,51.9858],[5.4317,51.98623],[5.43311,51.98676],[5.43369,51.98624],[5.43355,51.98646],[5.43375,51.98654],[5.43485,51.98679],[5.43533,51.98674],[5.4351,51.98713],[5.43678,51.98738],[5.43703,51.98703],[5.43692,51.98739],[5.43853,51.98775],[5.43867,51.98774],[5.43876,51.98739],[5.4388,51.98773],[5.43985,51.98789],[5.44056,51.98781],[5.44062,51.98741],[5.44074,51.98777],[5.44228,51.98782],[5.44254,51.98774],[5.44238,51.98726],[5.44252,51.98744],[5.4436,51.98749],[5.4443,51.98726],[5.44419,51.98693],[5.44452,51.98714],[5.4452,51.9872],[5.446,51.98685],[5.44573,51.98629],[5.44605,51.9867],[5.44693,51.98668],[5.44772,51.98629],[5.44753,51.986],[5.44789,51.98609],[5.44912,51.98563],[5.44986,51.98568],[5.45104,51.98528],[5.45112,51.98511],[5.4514,51.9852],[5.4524,51.98481],[5.45568,51.98432],[5.45677,51.98426],[5.45792,51.98445],[5.45824,51.98439],[5.45821,51.98409],[5.4583,51.98437],[5.45969,51.98438],[5.45989,51.98433],[5.45993,51.98401],[5.46161,51.98394],[5.46179,51.98429],[5.46314,51.98441],[5.46332,51.9839],[5.46493,51.98387],[5.46509,51.98412],[5.46545,51.98418],[5.46644,51.98406],[5.4665,51.9839],[5.46666,51.98405],[5.46818,51.98386],[5.46856,51.98401],[5.46985,51.98399],[5.46988,51.98385],[5.47371,51.98396],[5.4768,51.98411],[5.47687,51.98429],[5.47746,51.98437],[5.47751,51.98456],[5.47765,51.98443],[5.47887,51.98442],[5.479,51.98421],[5.47903,51.9844],[5.48024,51.9845],[5.48051,51.98474],[5.48235,51.98482],[5.48231,51.9843],[5.48242,51.98429],[5.48251,51.98486],[5.48316,51.98504],[5.48409,51.985],[5.484,51.98421],[5.48417,51.98463],[5.48511,51.98468],[5.48585,51.98454],[5.48567,51.98402],[5.48589,51.98434],[5.48618,51.98439],[5.4876,51.98419],[5.4874,51.98367],[5.48792,51.98425],[5.48874,51.9841],[5.48892,51.98374],[5.48864,51.98356],[5.48929,51.98336],[5.48965,51.98349],[5.49203,51.98339],[5.49184,51.98329],[5.49313,51.98264],[5.49111,51.98333],[5.49081,51.9828],[5.49121,51.98314],[5.49163,51.9831],[5.49216,51.98269],[5.49537,51.98126],[5.49735,51.98065],[5.4989,51.98044],[5.49861,51.98007],[5.49933,51.98052],[5.49937,51.98041],[5.50071,51.98022],[5.5008,51.98009],[5.50017,51.97942],[5.50064,51.97967],[5.50188,51.97929],[5.502,51.97916],[5.50167,51.97882],[5.50204,51.97906],[5.503,51.97886],[5.503,51.97634],[5.50276,51.97616],[5.50182,51.97663],[5.50176,51.97704],[5.50197,51.97728],[5.50141,51.9769],[5.5012,51.97696],[5.50031,51.9777],[5.50053,51.97792],[5.50022,51.97777],[5.4998,51.97812],[5.49728,51.97893],[5.49708,51.97925],[5.49612,51.97941],[5.49589,51.97963],[5.49565,51.97942],[5.49532,51.97945],[5.49431,51.98007],[5.49449,51.98027],[5.49386,51.97985],[5.49288,51.98064],[5.49304,51.98085],[5.49263,51.98047],[5.49229,51.98048],[5.49131,51.98111],[5.49148,51.98137],[5.49117,51.9811],[5.49055,51.98104],[5.48997,51.98132],[5.48981,51.98155],[5.48993,51.98182],[5.48934,51.98141],[5.48815,51.98196],[5.48833,51.98228],[5.48809,51.982],[5.48449,51.98289],[5.48133,51.98296],[5.48129,51.98317],[5.48122,51.98292],[5.4808,51.98269],[5.48152,51.98243],[5.48456,51.9824],[5.48632,51.98211],[5.49098,51.98017],[5.4941,51.9792],[5.4942,51.97887],[5.49407,51.97853],[5.49325,51.97754],[5.49259,51.97767],[5.49167,51.97749],[5.48993,51.97766],[5.49061,51.97753],[5.49054,51.9774],[5.48829,51.97788],[5.48934,51.9778],[5.48857,51.97804],[5.48652,51.97828],[5.48738,51.97809],[5.48732,51.97798],[5.48568,51.97843],[5.48475,51.97819],[5.48378,51.97824],[5.48463,51.97837],[5.48321,51.97859],[5.48085,51.97926],[5.47931,51.97932],[5.48066,51.97915],[5.48152,51.97887],[5.47906,51.9792],[5.47896,51.97945],[5.47715,51.97969],[5.4789,51.97937],[5.47877,51.97926],[5.47595,51.97982],[5.47611,51.98041],[5.47651,51.98075],[5.47658,51.9811],[5.47739,51.98217],[5.48,51.98246],[5.4798,51.98272],[5.47919,51.98286],[5.47914,51.98309],[5.479,51.98273],[5.47834,51.98256],[5.47712,51.98269],[5.47691,51.98297],[5.47693,51.98236],[5.47675,51.98229],[5.4758,51.9823],[5.4749,51.98259],[5.47482,51.98286],[5.47484,51.98217],[5.47448,51.98209],[5.47383,51.98212],[5.47325,51.98235],[5.47318,51.9828],[5.47315,51.98212],[5.47269,51.98198],[5.47165,51.98222],[5.47159,51.98274],[5.47153,51.98214],[5.47108,51.982],[5.46997,51.98218],[5.4699,51.98268],[5.46984,51.98212],[5.46951,51.98207],[5.46831,51.98222],[5.46824,51.98266],[5.4682,51.98221],[5.46778,51.9821],[5.46679,51.98221],[5.46661,51.98266],[5.46656,51.98229],[5.46638,51.98222],[5.46518,51.98238],[5.46497,51.98248],[5.46495,51.98269],[5.46485,51.98245],[5.46448,51.98235],[5.46325,51.98245],[5.46315,51.9827],[5.46311,51.98244],[5.46295,51.98242],[5.46154,51.98242],[5.46144,51.98273],[5.46135,51.9824],[5.46032,51.98241],[5.45978,51.98257],[5.45973,51.98282],[5.45967,51.98249],[5.45863,51.98247],[5.45805,51.98261],[5.45801,51.9829],[5.45795,51.98252],[5.45738,51.98244],[5.45662,51.98261],[5.45633,51.98293],[5.45566,51.98305],[5.4555,51.98303],[5.45533,51.98266],[5.45468,51.98266],[5.45447,51.98273],[5.45445,51.98296],[5.45393,51.98311],[5.45398,51.98331],[5.45376,51.98302],[5.45334,51.98304],[5.45253,51.98335],[5.45252,51.9836],[5.45208,51.983],[5.45082,51.98325],[5.45108,51.9839],[5.4507,51.9833],[5.44996,51.98334],[5.44899,51.98401],[5.44922,51.98434],[5.44878,51.98381],[5.44833,51.98386],[5.44706,51.98443],[5.44728,51.98479],[5.44696,51.98439],[5.44665,51.98436],[5.44494,51.98483],[5.44512,51.98514],[5.44092,51.98533],[5.43655,51.98479],[5.43334,51.98386],[5.4302,51.98231],[5.42462,51.97847],[5.42428,51.97846],[5.42108,51.97695],[5.41863,51.97606],[5.415,51.97508],[5.41254,51.97462],[5.41145,51.9742],[5.41199,51.97399],[5.41339,51.97406],[5.41393,51.97385],[5.41407,51.97354],[5.41392,51.9729],[5.41346,51.97262],[5.41297,51.97261],[5.41125,51.97318],[5.40828,51.97283],[5.40722,51.97314],[5.40415,51.97334],[5.40104,51.97289],[5.397,51.972],[5.397,51.97311],[5.39802,51.97336],[5.40578,51.97475],[5.40711,51.97516],[5.40773,51.975],[5.40826,51.97509],[5.4085,51.97534],[5.41361,51.97609],[5.41847,51.97739],[5.4226,51.97914],[5.42484,51.98047],[5.4266,51.98178],[5.42519,51.98127],[5.4205,51.97892],[5.41756,51.97793],[5.41223,51.97671],[5.41123,51.97682],[5.40721,51.97597],[5.40582,51.97552],[5.40098,51.9745],[5.40103,51.9744],[5.397,51.97329],[5.397,51.97415]],[[5.40782,51.97304],[5.40838,51.97293],[5.41139,51.97341],[5.41262,51.97288],[5.41324,51.9728],[5.41372,51.97303],[5.4139,51.97335],[5.41378,51.97363],[5.41329,51.9739],[5.41197,51.97389],[5.41125,51.97413],[5.40988,51.97352],[5.4089,51.97364],[5.40876,51.97395],[5.40888,51.97414],[5.40802,51.97404],[5.40784,51.97386],[5.40712,51.97387],[5.40813,51.97385],[5.40825,51.97387],[5.40837,51.97358],[5.40761,51.97324],[5.40782,51.97304]],[[5.40844,51.97467],[5.40777,51.9745],[5.4086,51.97463],[5.40844,51.97467]],[[5.43419,51.98554],[5.43377,51.9862],[5.43369,51.98617],[5.43419,51.98554]],[[5.4357,51.98589],[5.43537,51.98666],[5.43528,51.98665],[5.4357,51.98589]],[[5.43701,51.98696],[5.43743,51.98625],[5.43706,51.98698],[5.43701,51.98696]],[[5.44407,51.98648],[5.44421,51.98687],[5.44418,51.98688],[5.44407,51.98648]],[[5.44238,51.98655],[5.44244,51.98719],[5.44237,51.9872],[5.44231,51.98686],[5.44238,51.98655]],[[5.43873,51.98718],[5.43902,51.98642],[5.43874,51.98735],[5.43873,51.98718]],[[5.44076,51.98654],[5.44064,51.98736],[5.44058,51.98737],[5.44057,51.9871],[5.44076,51.98654]],[[5.47742,51.98012],[5.47743,51.97992],[5.47772,51.97988],[5.47763,51.97998],[5.47742,51.98012]]]}},{"type":"Feature","properties":{"class":"water"},"geometry":{"type":"Polygon","coordinates":[[[5.42007,51.97203],[5.42037,51.97211],[5.42057,51.97241],[5.42011,51.97276],[5.42007,51.97325],[5.42146,51.97515],[5.42249,51.9757],[5.42388,51.97608],[5.42482,51.97663],[5.42601,51.97631],[5.4263,51.97595],[5.4275,51.97589],[5.429,51.97541],[5.42949,51.97511],[5.42992,51.9746],[5.43015,51.97384],[5.43005,51.9729],[5.42925,51.972],[5.42007,51.97203]],[[5.42303,51.97529],[5.42324,51.97524],[5.42341,51.97558],[5.42322,51.97548],[5.42303,51.97529]]]}},{"type":"Feature","properties":{"class":"water"},"geometry":{"type":"Polygon","coordinates":[[[5.4753,51.99074],[5.47696,51.9905],[5.47711,51.99069],[5.47657,51.99112],[5.47596,51.99202],[5.47572,51.9922],[5.47541,51.99218],[5.47529,51.9931],[5.47542,51.9934],[5.47443,51.99473],[5.4733,51.99565],[5.47311,51.99563],[5.47325,51.99529],[5.47321,51.99472],[5.47345,51.99451],[5.47339,51.99419],[5.47361,51.99389],[5.47352,51.99262],[5.47328,51.99233],[5.47307,51.99251],[5.47317,51.99346],[5.47282,51.99462],[5.47278,51.99552],[5.47238,51.9961],[5.47212,51.99616],[5.47162,51.99574],[5.47224,51.99213],[5.47187,51.99208],[5.47176,51.99221],[5.47154,51.9931],[5.47108,51.99356],[5.47058,51.99301],[5.47033,51.99304],[5.47013,51.99377],[5.47025,51.99385],[5.47032,51.99445],[5.4702,51.99508],[5.47003,51.99519],[5.4695,51.99494],[5.46925,51.99442],[5.46922,51.99364],[5.46894,51.99357],[5.46888,51.99493],[5.46855,51.99515],[5.46776,51.99528],[5.46719,51.9951],[5.46696,51.99468],[5.46715,51.99175],[5.46703,51.99145],[5.46669,51.99127],[5.46665,51.99558],[5.46728,51.99563],[5.46807,51.99593],[5.46865,51.99639],[5.46873,51.99663],[5.46968,51.99707],[5.47061,51.9973],[5.47148,51.99712],[5.47404,51.99564],[5.47542,51.99405],[5.47654,51.99177],[5.47835,51.99003],[5.47828,51.98992],[5.47759,51.99014],[5.47758,51.99043],[5.47556,51.99051],[5.47306,51.99122],[5.47175,51.9914],[5.47044,51.99151],[5.46718,51.99123],[5.46737,51.99147],[5.46858,51.99171],[5.47121,51.99167],[5.47151,51.99179],[5.47185,51.99159],[5.47301,51.99157],[5.4753,51.99074]],[[5.47065,51.99454],[5.47089,51.99384],[5.47128,51.99373],[5.47143,51.99447],[5.47065,51.99454]],[[5.47094,51.99583],[5.47069,51.99492],[5.47074,51.9947],[5.47116,51.99458],[5.4714,51.99467],[5.47138,51.99543],[5.47121,51.99584],[5.47094,51.99583]]]}},{"type":"Feature","properties":{"class":"water"},"geometry":{"type":"Polygon","coordinates":[[[5.44066,51.99248],[5.44043,51.99096],[5.44517,51.99005],[5.44808,51.98844],[5.44982,51.98796],[5.45497,51.9872],[5.45675,51.98648],[5.45466,51.98724],[5.44818,51.98799],[5.44465,51.98979],[5.441,51.99048],[5.44008,51.99079],[5.43795,51.99088],[5.43592,51.99061],[5.43479,51.99024],[5.43466,51.99],[5.43433,51.99023],[5.43649,51.9908],[5.43899,51.99111],[5.44026,51.99101],[5.44061,51.99243],[5.44053,51.99281],[5.44035,51.99288],[5.44166,51.99302],[5.44255,51.99299],[5.44299,51.9929],[5.4406,51.99286],[5.44066,51.99248]]]}},{"type":"Feature","properties":{"class":"water"},"geometry":{"type":"Polygon","coordinates":[[[5.47336,51.98568],[5.47124,51.98642],[5.47082,51.98674],[5.4705,51.98723],[5.47061,51.9881],[5.47137,51.98812],[5.47187,51.98796],[5.47261,51.98713],[5.47379,51.98636],[5.47594,51.98616],[5.47603,51.9858],[5.47336,51.98568]]]}},{"type":"Feature","properties":{"class":"water"},"geometry":{"type":"Polygon","coordinates":[[[5.4939,51.98348],[5.49691,51.98341],[5.4985,51.98302],[5.49822,51.98277],[5.4965,51.98303],[5.494,51.98308],[5.49544,51.98246],[5.49604,51.98255],[5.49786,51.98215],[5.49773,51.98202],[5.49533,51.98222],[5.49318,51.98309],[5.49264,51.98345],[5.49219,51.98339],[5.49244,51.98351],[5.49214,51.98368],[5.49003,51.98433],[5.4902,51.98449],[5.49132,51.98453],[5.49173,51.9845],[5.49377,51.98412],[5.49178,51.98446],[5.49042,51.98444],[5.4939,51.98348]]]}},{"type":"Feature","properties":{"class":"water"},"geometry":{"type":"Polygon","coordinates":[[[5.45738,51.99389],[5.45643,51.9959],[5.45991,51.99669],[5.46108,51.9941],[5.45738,51.99389]],[[5.45787,51.99534],[5.45785,51.99565],[5.45922,51.99589],[5.45909,51.99624],[5.45685,51.99577],[5.4571,51.99524],[5.45787,51.99534]],[[5.45831,51.99543],[5.45843,51.99524],[5.45901,51.99545],[5.45916,51.99516],[5.45815,51.99499],[5.45792,51.99523],[5.45718,51.99507],[5.45756,51.99411],[5.46066,51.99428],[5.45998,51.9959],[5.45887,51.99569],[5.45898,51.9955],[5.45831,51.99543]],[[5.45951,51.99593],[5.45993,51.99601],[5.45975,51.99641],[5.45933,51.99633],[5.45951,51.99593]]]}},{"type":"Feature","properties":{"class":"water"},"geometry":{"type":"Polygon","coordinates":[[[5.39945,52.00768],[5.3999,52.0075],[5.39983,52.00734],[5.39907,52.00717],[5.39828,52.00607],[5.39766,52.00589],[5.39738,52.00565],[5.3976,52.00548],[5.3982,52.00557],[5.39968,52.00541],[5.3996,52.00527],[5.39966,52.00541],[5.39814,52.00553],[5.397,52.0048],[5.39742,52.00528],[5.39715,52.00572],[5.39752,52.00613],[5.39719,52.00656],[5.39718,52.00681],[5.39765,52.00721],[5.39865,52.00762],[5.39899,52.00803],[5.39883,52.00828],[5.39921,52.0084],[5.39937,52.0087],[5.39956,52.01037],[5.39881,52.01098],[5.3997,52.01031],[5.39966,52.00912],[5.39994,52.00867],[5.39948,52.00844],[5.39936,52.00808],[5.39945,52.00768]],[[5.39732,52.00668],[5.39745,52.00657],[5.39754,52.00665],[5.39745,52.00681],[5.39732,52.00668]],[[5.39821,52.00696],[5.39827,52.00728],[5.39757,52.00687],[5.39779,52.00666],[5.39821,52.00696]]]}},{"type":"Feature","properties":{"class":"water"},"geometry":{"type":"Polygon","coordinates":[[[5.46067,51.98089],[5.45785,51.98116],[5.45735,51.98137],[5.45724,51.98159],[5.45879,51.98186],[5.46088,51.98131],[5.46096,51.98162],[5.46142,51.98176],[5.46208,51.98147],[5.46286,51.98143],[5.46331,51.98112],[5.46281,51.98113],[5.46304,51.98083],[5.4627,51.98114],[5.46215,51.98096],[5.46067,51.98089]]]}},{"type":"Feature","properties":{"class":"water"},"geometry":{"type":"Polygon","coordinates":[[[5.42488,52.0367],[5.42433,52.03615],[5.42405,52.03609],[5.4232,52.03628],[5.42264,52.03661],[5.42297,52.03703],[5.42487,52.038],[5.42637,52.038],[5.42508,52.03717],[5.42488,52.0367]],[[5.42394,52.03698],[5.42417,52.03693],[5.4243,52.03705],[5.42399,52.03711],[5.42394,52.03698]]]}},{"type":"Feature","properties":{"class":"water"},"geometry":{"type":"Polygon","coordinates":[[[5.437,51.97491],[5.43515,51.97367],[5.43364,51.97427],[5.4343,51.97504],[5.43548,51.97534],[5.43629,51.9753],[5.437,51.97491]]]}},{"type":"Feature","properties":{"class":"water"},"geometry":{"type":"Polygon","coordinates":[[[5.42981,51.972],[5.43045,51.97267],[5.43066,51.97321],[5.43056,51.97421],[5.43172,51.97432],[5.43199,51.97386],[5.43195,51.9729],[5.43182,51.97253],[5.43129,51.97256],[5.43118,51.9724],[5.43153,51.972],[5.42981,51.972]]]}},{"type":"Feature","properties":{"class":"water"},"geometry":{"type":"Polygon","coordinates":[[[5.48727,51.98484],[5.48542,51.98576],[5.48398,51.98603],[5.48301,51.98661],[5.47977,51.98694],[5.47915,51.98709],[5.47806,51.98773],[5.47951,51.98728],[5.48282,51.98679],[5.48606,51.98587],[5.4875,51.98489],[5.48857,51.98505],[5.4899,51.98471],[5.48841,51.98501],[5.48713,51.98475],[5.48727,51.98484]]]}},{"type":"Feature","properties":{"class":"water"},"geometry":{"type":"Polygon","coordinates":[[[5.40789,51.97201],[5.4081,51.97219],[5.40938,51.97251],[5.41113,51.97272],[5.41162,51.97258],[5.4123,51.972],[5.40789,51.97201]]]}},{"type":"Feature","properties":{"class":"water"},"geometry":{"type":"Polygon","coordinates":[[[5.49679,51.97446],[5.49537,51.97406],[5.49464,51.97396],[5.49498,51.97457],[5.4956,51.97493],[5.49583,51.97538],[5.49715,51.97503],[5.49728,51.97442],[5.49768,51.97417],[5.49726,51.97418],[5.49679,51.97446]]]}},{"type":"Feature","properties":{"class":"water"},"geometry":{"type":"Polygon","coordinates":[[[5.428,51.98761],[5.42972,51.98829],[5.43104,51.98904],[5.43264,51.98942],[5.43442,51.98954],[5.43468,51.9897],[5.43469,51.98994],[5.43482,51.98978],[5.43521,51.98991],[5.43571,51.98984],[5.43538,51.98955],[5.43484,51.98967],[5.43429,51.98923],[5.43357,51.98943],[5.43117,51.98899],[5.43024,51.9882],[5.42925,51.98806],[5.42803,51.98754],[5.42745,51.98783],[5.42556,51.98672],[5.42502,51.98668],[5.42425,51.98529],[5.42411,51.9853],[5.42479,51.98664],[5.4252,51.98695],[5.42679,51.98749],[5.42751,51.98796],[5.428,51.98761]]]}},{"type":"Feature","properties":{"class":"water"},"geometry":{"type":"Polygon","coordinates":[[[5.50296,51.98116],[5.50224,51.98157],[5.5005,51.98201],[5.49875,51.98278],[5.49902,51.98296],[5.49958,51.98275],[5.50013,51.98286],[5.503,51.98218],[5.503,51.98206],[5.5001,51.98276],[5.49978,51.98268],[5.503,51.98169],[5.50296,51.98116]]]}},{"type":"Feature","properties":{"class":"water"},"geometry":{"type":"Polygon","coordinates":[[[5.50047,51.98073],[5.49877,51.98058],[5.49756,51.98083],[5.49773,51.98126],[5.49909,51.9812],[5.50137,51.98079],[5.50238,51.98046],[5.50283,51.98012],[5.50047,51.98073]]]}},{"type":"Feature","properties":{"class":"water"},"geometry":{"type":"Polygon","coordinates":[[[5.43043,51.9788],[5.43016,51.97954],[5.42939,51.97971],[5.42945,51.98033],[5.42934,51.98045],[5.42952,51.98073],[5.4304,51.98038],[5.43116,51.9803],[5.43037,51.97997],[5.43046,51.9798],[5.43119,51.97962],[5.43083,51.97867],[5.4301,51.97862],[5.43043,51.9788]]]}},{"type":"Feature","properties":{"class":"water"},"geometry":{"type":"Polygon","coordinates":[[[5.41519,51.97869],[5.41082,51.97771],[5.41079,51.97776],[5.41442,51.97873],[5.41838,51.98037],[5.4181,51.9802],[5.41796,51.97986],[5.41665,51.97957],[5.41533,51.97901],[5.41519,51.97869]]]}},{"type":"Feature","properties":{"class":"water"},"geometry":{"type":"Polygon","coordinates":[[[5.46535,51.98686],[5.46635,51.98723],[5.46787,51.98824],[5.46872,51.98859],[5.46725,51.98749],[5.46543,51.98674],[5.46461,51.98576],[5.46323,51.98552],[5.46197,51.98575],[5.4631,51.98562],[5.46433,51.98585],[5.46535,51.98686]]]}},{"type":"Feature","properties":{"class":"water"},"geometry":{"type":"Polygon","coordinates":[[[5.40385,51.99019],[5.40317,51.98994],[5.40349,51.9896],[5.40314,51.98993],[5.39948,51.98792],[5.397,51.98772],[5.39948,51.98797],[5.41586,51.99702],[5.41635,51.99637],[5.41576,51.99694],[5.40588,51.99146],[5.40599,51.99132],[5.40585,51.99143],[5.40421,51.99052],[5.40377,51.99026],[5.40385,51.99019]]]}},{"type":"Feature","properties":{"class":"water"},"geometry":{"type":"Polygon","coordinates":[[[5.41387,51.97204],[5.41438,51.97264],[5.41459,51.9743],[5.41489,51.97467],[5.41469,51.97312],[5.41479,51.97235],[5.41447,51.972],[5.41387,51.97204]]]}},{"type":"Feature","properties":{"class":"water"},"geometry":{"type":"Polygon","coordinates":[[[5.40037,52.0025],[5.40597,52.00591],[5.40456,52.00667],[5.4043,52.0067],[5.40422,52.00678],[5.40264,52.00716],[5.4013,52.00508],[5.40187,52.00491],[5.39931,52.00338],[5.39894,52.00298],[5.3993,52.00285],[5.397,52.00284],[5.3989,52.00298],[5.39921,52.00332],[5.39938,52.00345],[5.40183,52.0049],[5.40084,52.00521],[5.40217,52.0073],[5.40088,52.0052],[5.40128,52.00509],[5.40265,52.00718],[5.40439,52.00675],[5.40437,52.00671],[5.40456,52.00668],[5.40599,52.00592],[5.40949,52.00806],[5.40724,52.00888],[5.40951,52.00807],[5.41166,52.00935],[5.41121,52.00975],[5.41139,52.00986],[5.41124,52.00997],[5.41141,52.00987],[5.41198,52.01021],[5.41124,52.00976],[5.41168,52.00936],[5.41362,52.01054],[5.40046,52.00251],[5.40144,52.0021],[5.40037,52.0025]]]}},{"type":"Feature","properties":{"class":"water"},"geometry":{"type":"Polygon","coordinates":[[[5.43423,51.97843],[5.43237,51.97683],[5.43134,51.97634],[5.43065,51.97609],[5.43249,51.97695],[5.43315,51.97761],[5.43418,51.97843],[5.43413,51.97852],[5.43432,51.97881],[5.43382,51.97891],[5.43372,51.97914],[5.43486,51.97949],[5.43514,51.97931],[5.43512,51.97911],[5.43458,51.97897],[5.43423,51.97843]]]}},{"type":"Feature","properties":{"class":"water"},"geometry":{"type":"Polygon","coordinates":[[[5.45988,51.97332],[5.45948,51.97381],[5.45975,51.97398],[5.46069,51.97529],[5.46183,51.97495],[5.46071,51.97499],[5.46059,51.97455],[5.46012,51.9743],[5.46009,51.974],[5.45976,51.97379],[5.4603,51.97333],[5.45988,51.97332]]]}},{"type":"Feature","properties":{"class":"water"},"geometry":{"type":"Polygon","coordinates":[[[5.44763,51.97938],[5.44538,51.97924],[5.44415,51.97937],[5.44371,51.97955],[5.44509,51.97929],[5.44605,51.9793],[5.44588,51.98151],[5.4461,51.97929],[5.4476,51.97941],[5.44779,51.97952],[5.44769,51.97977],[5.44897,51.98002],[5.44884,51.98035],[5.44917,51.98052],[5.4494,51.9805],[5.44943,51.98027],[5.45024,51.98052],[5.44763,51.97938]]]}},{"type":"Feature","properties":{"class":"water"},"geometry":{"type":"Polygon","coordinates":[[[5.42205,51.98204],[5.42265,51.98247],[5.42306,51.98303],[5.42273,51.98249],[5.42217,51.98206],[5.4217,51.98184],[5.42155,51.98156],[5.42035,51.98088],[5.41964,51.98073],[5.41947,51.98084],[5.41854,51.98041],[5.42205,51.98204]]]}},{"type":"Feature","properties":{"class":"water"},"geometry":{"type":"Polygon","coordinates":[[[5.4307,51.98152],[5.43121,51.98126],[5.43065,51.98049],[5.4302,51.98067],[5.43041,51.98142],[5.4307,51.98152]]]}},{"type":"Feature","properties":{"class":"water"},"geometry":{"type":"Polygon","coordinates":[[[5.41784,51.9755],[5.41806,51.97555],[5.41821,51.97527],[5.41854,51.97516],[5.41813,51.97505],[5.41862,51.97492],[5.41857,51.97472],[5.41892,51.97477],[5.41875,51.97446],[5.41845,51.9745],[5.41846,51.97481],[5.4182,51.97491],[5.41774,51.97485],[5.41755,51.97458],[5.41718,51.97468],[5.41752,51.97469],[5.41784,51.9755]]]}},{"type":"Feature","properties":{"class":"water"},"geometry":{"type":"Polygon","coordinates":[[[5.46208,51.97815],[5.46265,51.97864],[5.46206,51.97801],[5.46072,51.97844],[5.46133,51.9793],[5.46283,51.97886],[5.46259,51.97874],[5.46135,51.97917],[5.46089,51.97845],[5.46208,51.97815]]]}},{"type":"Feature","properties":{"class":"water"},"geometry":{"type":"Polygon","coordinates":[[[5.4647,51.98076],[5.46449,51.98076],[5.46452,51.98048],[5.46442,51.98076],[5.4641,51.98078],[5.46409,51.98051],[5.46401,51.98079],[5.46313,51.98086],[5.46462,51.98082],[5.46482,51.98103],[5.46569,51.9808],[5.46794,51.98091],[5.46704,51.98075],[5.46526,51.98074],[5.46526,51.98055],[5.46511,51.98074],[5.4648,51.98076],[5.46478,51.98051],[5.4647,51.98076]]]}},{"type":"Feature","properties":{"class":"water"},"geometry":{"type":"Polygon","coordinates":[[[5.44354,51.99896],[5.44323,51.99883],[5.4418,51.99976],[5.44206,51.9999],[5.44354,51.99896]]]}},{"type":"Feature","properties":{"class":"water"},"geometry":{"type":"Polygon","coordinates":[[[5.42936,52.03738],[5.43014,52.03713],[5.4298,52.03671],[5.42924,52.03677],[5.42903,52.03703],[5.42936,52.03738]]]}},{"type":"Feature","properties":{"class":"water"},"geometry":{"type":"Polygon","coordinates":[[[5.44897,51.99205],[5.45117,51.99191],[5.45223,51.99203],[5.453,51.99198],[5.45429,51.99223],[5.45613,51.99243],[5.45603,51.99235],[5.45619,51.99205],[5.45596,51.99236],[5.45308,51.99194],[5.45117,51.99189],[5.44903,51.99202],[5.448,51.99181],[5.44897,51.99205]]]}},{"type":"Feature","properties":{"class":"water"},"geometry":{"type":"Polygon","coordinates":[[[5.47581,51.98879],[5.47779,51.988],[5.47412,51.98909],[5.47478,51.98903],[5.47513,51.98929],[5.47497,51.98899],[5.47563,51.98881],[5.47582,51.98889],[5.47581,51.98879]]]}},{"type":"Feature","properties":{"class":"water"},"geometry":{"type":"Polygon","coordinates":[[[5.40154,52.00915],[5.40209,52.00862],[5.40246,52.0086],[5.40286,52.00898],[5.40327,52.00987],[5.40434,52.01055],[5.40323,52.0096],[5.40298,52.00896],[5.40253,52.00848],[5.4032,52.00842],[5.40287,52.00835],[5.40226,52.00735],[5.40282,52.00832],[5.40214,52.00851],[5.40189,52.00874],[5.40151,52.00912],[5.4016,52.00951],[5.40154,52.00915]]]}},{"type":"Feature","properties":{"class":"water"},"geometry":{"type":"Polygon","coordinates":[[[5.43954,52.00126],[5.44171,52.00002],[5.44214,52.00022],[5.44157,51.99986],[5.43943,52.00119],[5.43954,52.00126]]]}},{"type":"Feature","properties":{"class":"water"},"geometry":{"type":"Polygon","coordinates":[[[5.42408,51.98523],[5.42419,51.9852],[5.4242,51.9847],[5.4231,51.98321],[5.42408,51.98523]]]}},{"type":"Feature","properties":{"class":"water"},"geometry":{"type":"Polygon","coordinates":[[[5.4564,51.99048],[5.45756,51.99034],[5.4562,51.99198],[5.45767,51.99032],[5.45905,51.9898],[5.45736,51.99035],[5.45643,51.99044],[5.45646,51.98954],[5.45419,51.9892],[5.45278,51.98909],[5.45635,51.98955],[5.45633,51.99042],[5.4564,51.99048]]]}},{"type":"Feature","properties":{"class":"water"},"geometry":{"type":"Polygon","coordinates":[[[5.43537,51.97213],[5.43544,51.97237],[5.43718,51.97219],[5.43713,51.972],[5.43537,51.97213]]]}},{"type":"Feature","properties":{"class":"water"},"geometry":{"type":"Polygon","coordinates":[[[5.43611,51.97546],[5.43509,51.97534],[5.43476,51.97552],[5.43515,51.97586],[5.43611,51.97546]]]}},{"type":"Feature","properties":{"class":"water"},"geometry":{"type":"Polygon","coordinates":[[[5.46391,51.97277],[5.46169,51.97355],[5.46256,51.97369],[5.46369,51.97475],[5.46372,51.97474],[5.4624,51.97346],[5.46391,51.97277]]]}},{"type":"Feature","properties":{"class":"water"},"geometry":{"type":"Polygon","coordinates":[[[5.39994,52.00539],[5.40031,52.00601],[5.40014,52.00611],[5.3997,52.00545],[5.40012,52.00613],[5.39973,52.00638],[5.39937,52.00585],[5.39972,52.0064],[5.40097,52.00565],[5.40134,52.00617],[5.39963,52.00659],[5.39998,52.00699],[5.39977,52.00664],[5.40131,52.00627],[5.40235,52.00776],[5.40074,52.00521],[5.40096,52.00562],[5.40037,52.00598],[5.39994,52.00539]]]}},{"type":"Feature","properties":{"class":"water"},"geometry":{"type":"Polygon","coordinates":[[[5.46156,51.97319],[5.46235,51.97272],[5.46161,51.97254],[5.46075,51.972],[5.46138,51.97258],[5.46106,51.97278],[5.46143,51.97261],[5.46195,51.97284],[5.46143,51.97296],[5.46156,51.97319]]]}},{"type":"Feature","properties":{"class":"water"},"geometry":{"type":"Polygon","coordinates":[[[5.39733,51.97999],[5.39778,51.97943],[5.39773,51.97931],[5.398,51.97932],[5.39819,51.97899],[5.3979,51.97896],[5.39705,51.97986],[5.39733,51.97999]]]}},{"type":"Feature","properties":{"class":"water"},"geometry":{"type":"Polygon","coordinates":[[[5.40125,52.01407],[5.40178,52.01441],[5.40182,52.01456],[5.40175,52.01486],[5.40174,52.015],[5.40176,52.01509],[5.40185,52.01459],[5.40182,52.01441],[5.40121,52.01395],[5.4015,52.0136],[5.40148,52.0135],[5.40088,52.01305],[5.40012,52.01259],[5.39835,52.01169],[5.40136,52.01344],[5.40147,52.01357],[5.40118,52.01392],[5.40125,52.01407]]]}},{"type":"Feature","properties":{"class":"water"},"geometry":{"type":"Polygon","coordinates":[[[5.42564,52.01001],[5.4253,52.01031],[5.42547,52.01074],[5.42569,52.01068],[5.42589,52.0102],[5.42553,52.00975],[5.42538,52.00977],[5.42539,52.00992],[5.42564,52.01001]]]}}]}
