{"type":"FeatureCollection","features":[{"type":"Feature","geometry":{"type":"Polygon","coordinates":[[[4.8924163,52.3742096],[4.8924889,52.3741114],[4.8924979,52.3741113],[4.8925107,52.3739674],[4.8924816,52.3738777],[4.8924658,52.373833],[4.8924389,52.3737887],[4.8923852,52.3737516],[4.8923626,52.3737299],[4.8923237,52.3736881],[4.8922964,52.3736454],[4.8922586,52.3735919],[4.8924653,52.3735346],[4.8930322,52.3733198],[4.8932344,52.3734652],[4.8933508,52.3735456],[4.8935405,52.3736651],[4.8935733,52.3736482],[4.8937369,52.3737545],[4.8937064,52.3737726],[4.8938552,52.3738692],[4.8941246,52.3740829],[4.8941556,52.3741131],[4.8944115,52.3743263],[4.8946015,52.3744771],[4.8952074,52.3750037],[4.8952837,52.3750618],[4.895875,52.3755412],[4.8973591,52.3766034],[4.8980126,52.3771322],[4.8974204,52.377499],[4.8972854,52.3776333],[4.8970208,52.3778966],[4.8969169,52.377903],[4.8961492,52.3777492],[4.8960487,52.3777167],[4.8957828,52.3775959],[4.8956481,52.3775281],[4.8955327,52.3774078],[4.8951814,52.3769919],[4.8935199,52.3760366],[4.8924633,52.375316],[4.8920098,52.3749368],[4.8913126,52.3741327],[4.8914869,52.3741725],[4.8916963,52.3742144],[4.8920884,52.3742358],[4.8921591,52.3742362],[4.8921726,52.3742294],[4.8922275,52.3741957],[4.8923137,52.3741684],[4.8924163,52.3742096]]]},"properties":{"class":"commercial","class_id":2}},{"type":"Feature","geometry":{"type":"Polygon","coordinates":[[[4.9220142,52.3638322],[4.9204028,52.3635824],[4.9199697,52.363598],[4.9191194,52.3630292],[4.9186387,52.362544],[4.9179235,52.3623401],[4.9164292,52.3622391],[4.9138972,52.3616462],[4.9123039,52.3614103],[4.9121926,52.3615812],[4.911244,52.3613884],[4.9109082,52.3611302],[4.9093362,52.3608108],[4.9087036,52.3609092],[4.9077826,52.3607455],[4.9073047,52.3605053],[4.9069566,52.3602232],[4.9064736,52.3598317],[4.9058239,52.3596702],[4.9053555,52.3606345],[4.904827,52.3605207],[4.9041426,52.3616679],[4.9025711,52.3647764],[4.902083,52.365687],[4.9016947,52.3665917],[4.9030416,52.3676794],[4.9033049,52.367812],[4.9039373,52.3673873],[4.9043935,52.3667971],[4.9046752,52.3662911],[4.905197,52.366358],[4.9064061,52.3664414],[4.906998,52.3663277],[4.908304,52.3658641],[4.9108798,52.3686753],[4.9101884,52.3691231],[4.9102426,52.3691711],[4.9107521,52.3694838],[4.9113092,52.3692945],[4.9135151,52.3685093],[4.9115606,52.3662866],[4.9129241,52.3658356],[4.9122927,52.3650939],[4.9109995,52.3654978],[4.9106635,52.365192],[4.9104255,52.3649755],[4.9107002,52.3644042],[4.9108032,52.3640687],[4.9106932,52.3632586],[4.9113061,52.3619292],[4.9134198,52.3623808],[4.9132471,52.3626901],[4.915653,52.3631682],[4.9157271,52.3635681],[4.9152103,52.363743],[4.9154487,52.363997],[4.9149628,52.3641576],[4.9156745,52.3649501],[4.9189868,52.3639502],[4.9209212,52.3647442],[4.9220142,52.3638322]]]},"properties":{"class":"residential","class_id":1}},{"type":"Feature","geometry":{"type":"Polygon","coordinates":[[[4.8901448,52.3676839],[4.8903664,52.3677535],[4.8903888,52.3677605],[4.8901622,52.3680838],[4.8906979,52.3682647],[4.8904843,52.3687242],[4.8904428,52.3689246],[4.8904367,52.3691111],[4.8905457,52.3695381],[4.8909722,52.3696465],[4.8913192,52.3705391],[4.890624,52.3704919],[4.8906001,52.3710573],[4.8906317,52.3711192],[4.8907088,52.3712703],[4.8907333,52.3713355],[4.8907839,52.3714701],[4.8907975,52.3720163],[4.8907619,52.372556],[4.8912937,52.3726537],[4.891441,52.3726692],[4.8920549,52.3726859],[4.8927735,52.3726537],[4.8928019,52.3725906],[4.8927553,52.3721253],[4.8927307,52.3718263],[4.8927069,52.3716316],[4.8926754,52.3714232],[4.8926286,52.3712879],[4.8925897,52.3710974],[4.8925139,52.370889],[4.8924095,52.3704999],[4.8923729,52.370371],[4.8921867,52.3699725],[4.8919141,52.3692063],[4.8918792,52.3690405],[4.8919699,52.3687805],[4.8921593,52.3684747],[4.8923385,52.3682597],[4.8926757,52.3679838],[4.8929513,52.3677635],[4.8932593,52.3675131],[4.8933572,52.3673999],[4.8931356,52.3672163],[4.892957,52.3672056],[4.892615,52.3670971],[4.8916453,52.3671107],[4.8904142,52.3672818],[4.8900709,52.3673359],[4.8900078,52.3673473],[4.8899716,52.3673629],[4.8897793,52.3675418],[4.8901448,52.3676839]]]},"properties":{"class":"commercial","class_id":2}},{"type":"Feature","geometry":{"type":"Polygon","coordinates":[[[4.8956005,52.3777731],[4.8959187,52.3778694],[4.896479,52.3779932],[4.8949836,52.379028],[4.8943427,52.3787013],[4.8943037,52.3781063],[4.8943401,52.3776862],[4.8945022,52.3774913],[4.8955012,52.3777413],[4.8956005,52.3777731]]]},"properties":{"class":"commercial","class_id":2}},{"type":"Feature","geometry":{"type":"Polygon","coordinates":[[[4.896479,52.3779932],[4.896849,52.3780816],[4.8966294,52.3783115],[4.8957164,52.3788798],[4.8953805,52.3790051],[4.8950881,52.3790443],[4.8949836,52.379028],[4.896479,52.3779932]]]},"properties":{"class":"residential","class_id":1}},{"type":"Feature","geometry":{"type":"Polygon","coordinates":[[[4.8909582,52.3742773],[4.8918919,52.3752958],[4.8932206,52.3762337],[4.893948,52.3766517],[4.8949288,52.377212],[4.8954029,52.3776219],[4.8951181,52.377582],[4.8944951,52.3773435],[4.8941144,52.3776199],[4.8941818,52.3781739],[4.8937462,52.3780679],[4.8935991,52.3780655],[4.8917314,52.3764047],[4.8898468,52.3747059],[4.8895869,52.374371],[4.8894154,52.3740326],[4.8891455,52.3732383],[4.8885547,52.371713],[4.8880784,52.3688796],[4.8891565,52.3689512],[4.8892115,52.3694263],[4.8893561,52.369713],[4.8895892,52.3701233],[4.8897951,52.3703958],[4.8902243,52.3708936],[4.8904475,52.3713547],[4.8904475,52.3715748],[4.8904314,52.3721132],[4.8903402,52.3725979],[4.8903091,52.373218],[4.8903392,52.3732945],[4.8904764,52.3735699],[4.8906045,52.3738422],[4.8906422,52.3739154],[4.8907788,52.3740803],[4.8908266,52.374129],[4.8909582,52.3742773]]]},"properties":{"class":"residential","class_id":1}},{"type":"Feature","geometry":{"type":"Polygon","coordinates":[[[4.8894506,52.3643984],[4.8892661,52.3641901],[4.8885062,52.3646361],[4.8878414,52.3650155],[4.8868672,52.365576],[4.8864306,52.3658033],[4.8864339,52.365825],[4.8864652,52.365843],[4.8864167,52.3658703],[4.8864018,52.3658787],[4.8863689,52.3658973],[4.8863541,52.3659056],[4.8863387,52.3659143],[4.8863256,52.3659217],[4.886312,52.3659293],[4.8862775,52.3659488],[4.8862603,52.3659584],[4.8862142,52.3659844],[4.8864288,52.3660863],[4.8864701,52.366063],[4.8864917,52.3660505],[4.8865255,52.3660312],[4.8865392,52.3660234],[4.8865521,52.366016],[4.8865689,52.3660064],[4.8865827,52.3659986],[4.8865957,52.3659912],[4.886615,52.3659802],[4.8866306,52.3659713],[4.8866772,52.3659447],[4.8867403,52.3659444],[4.887518,52.3655175],[4.8887855,52.3647976],[4.889105,52.3646184],[4.8894411,52.3644226],[4.8894506,52.3643984]]]},"properties":{"class":"water","class_id":4}},{"type":"Feature","geometry":{"type":"Polygon","coordinates":[[[4.90199,52.3659781],[4.9019944,52.3659864],[4.9018393,52.3659571],[4.9017895,52.3659853],[4.902017,52.3660282],[4.9025807,52.3661413],[4.9037653,52.3663652],[4.9044591,52.366497],[4.9044855,52.3664816],[4.9044774,52.3664455],[4.9044766,52.3664438],[4.9044771,52.3664428],[4.9044781,52.3664422],[4.9044792,52.3664422],[4.9044813,52.3664423],[4.9045549,52.3664564],[4.9046008,52.3663681],[4.9045224,52.3663538],[4.904557,52.3663217],[4.9045386,52.3662897],[4.9043238,52.3662537],[4.9021125,52.3658393],[4.9018851,52.3657964],[4.9019006,52.3658318],[4.9020599,52.3658619],[4.9020457,52.365868],[4.9020417,52.3658759],[4.9019934,52.3659714],[4.90199,52.3659781]]]},"properties":{"class":"water","class_id":4}},{"type":"Feature","geometry":{"type":"Polygon","coordinates":[[[4.8868787,52.3680713],[4.8868652,52.3677174],[4.8870953,52.3675837],[4.8874014,52.3674126],[4.8880033,52.3670702],[4.8882514,52.3669355],[4.8882582,52.3668946],[4.8880184,52.3668013],[4.8879977,52.3667956],[4.887928,52.3668115],[4.8872186,52.3672045],[4.8867765,52.3674665],[4.8866778,52.3674943],[4.8866604,52.3675037],[4.8865673,52.3675544],[4.8865316,52.3675738],[4.8864889,52.3676222],[4.8864874,52.3676931],[4.8865184,52.3679193],[4.8865543,52.3684403],[4.8865744,52.3686973],[4.8865798,52.368743],[4.8866077,52.3687459],[4.8866163,52.3688284],[4.8869038,52.3688211],[4.8868989,52.3687359],[4.8868987,52.3687324],[4.8869342,52.3687312],[4.8869328,52.3686788],[4.8868897,52.3681612],[4.8868787,52.3680713]]]},"properties":{"class":"water","class_id":4}},{"type":"Feature","geometry":{"type":"Polygon","coordinates":[[[4.8850462,52.367005],[4.8851347,52.367035],[4.8851278,52.3670474],[4.8851254,52.3670628],[4.8851349,52.3670753],[4.8864076,52.3675369],[4.8864744,52.3675131],[4.8865673,52.3675544],[4.8866604,52.3675037],[4.8865608,52.3674586],[4.8865887,52.3674343],[4.8852565,52.3669685],[4.8852262,52.3669637],[4.8852005,52.3669711],[4.8851842,52.3669838],[4.8850973,52.3669535],[4.8851168,52.3669144],[4.8850861,52.3669047],[4.885099,52.366894],[4.8864087,52.3661434],[4.8864511,52.3661182],[4.8864457,52.3660961],[4.8864288,52.3660863],[4.8862142,52.3659844],[4.8861768,52.3659679],[4.8861409,52.365969],[4.8859526,52.3660706],[4.8847441,52.3667706],[4.8847331,52.3667708],[4.884709,52.3667647],[4.8846908,52.3667637],[4.8846443,52.366789],[4.8845965,52.3668385],[4.8845928,52.3668415],[4.8845797,52.3668715],[4.8845855,52.3668816],[4.8846478,52.3669316],[4.884592,52.3669825],[4.8845534,52.3669784],[4.8845266,52.3669842],[4.8845074,52.3669943],[4.8843515,52.3672221],[4.8842859,52.3673313],[4.8842531,52.3674175],[4.8842483,52.3674871],[4.8842843,52.3679374],[4.8843507,52.3686248],[4.8843635,52.3688073],[4.8844165,52.3688159],[4.8846988,52.3688092],[4.8847474,52.3687919],[4.8846946,52.3684396],[4.8846299,52.3676249],[4.8846289,52.3675483],[4.8846466,52.3674877],[4.8846853,52.3673666],[4.884726,52.3672743],[4.8847745,52.3672026],[4.8848145,52.3671696],[4.884832,52.3671436],[4.8848824,52.3671032],[4.8848342,52.3670702],[4.8848873,52.367017],[4.8849854,52.3670281],[4.8850013,52.3670257],[4.8850462,52.367005]]]},"properties":{"class":"water","class_id":4}},{"type":"Feature","geometry":{"type":"Polygon","coordinates":[[[4.8886271,52.3721355],[4.8886609,52.3720965],[4.8885402,52.3715068],[4.8884259,52.3709648],[4.888376,52.3706983],[4.8882909,52.3702649],[4.8882807,52.3702376],[4.8879266,52.37025],[4.8879297,52.3702914],[4.888043,52.3710427],[4.8881109,52.3713005],[4.8882949,52.372105],[4.8883171,52.3721436],[4.8886271,52.3721355]]]},"properties":{"class":"water","class_id":4}},{"type":"Feature","geometry":{"type":"Polygon","coordinates":[[[4.8850124,52.3723083],[4.8850398,52.3723036],[4.8850678,52.3722889],[4.8850676,52.3721806],[4.8850361,52.3719137],[4.8849909,52.3714206],[4.8848867,52.3704096],[4.8848458,52.3703909],[4.8848259,52.3703917],[4.8845646,52.3704023],[4.8845388,52.3704041],[4.8845015,52.3704264],[4.8845837,52.3713082],[4.8846088,52.3715635],[4.8846529,52.3720586],[4.884657,52.372276],[4.8846692,52.3723043],[4.8847027,52.3723151],[4.884735,52.3723181],[4.8847409,52.3723938],[4.8850164,52.3723839],[4.8850124,52.3723083]]]},"properties":{"class":"water","class_id":4}},{"type":"Feature","geometry":{"type":"Polygon","coordinates":[[[4.8826606,52.3718054],[4.8825437,52.3718093],[4.8825383,52.3718093],[4.8825328,52.371808],[4.8825288,52.3718051],[4.882528,52.3718021],[4.8825268,52.3717977],[4.8825249,52.3717939],[4.8825196,52.3717906],[4.882513,52.3717878],[4.8822028,52.3717071],[4.8821948,52.3717053],[4.882018,52.3716636],[4.8809683,52.3713865],[4.8806701,52.3713099],[4.8799879,52.3711358],[4.8797053,52.3710584],[4.8796447,52.3710433],[4.8795826,52.3710277],[4.8794245,52.3709775],[4.8784466,52.3707235],[4.8775773,52.3704976],[4.8774758,52.3704693],[4.8774683,52.370468],[4.8774605,52.3704686],[4.8774536,52.3704711],[4.8774505,52.3704734],[4.8774481,52.370476],[4.8774444,52.3704778],[4.8774404,52.3704779],[4.8774364,52.3704769],[4.8774305,52.3704753],[4.877432,52.3704733],[4.877383,52.3704605],[4.8773359,52.3704482],[4.877333,52.3704451],[4.8772768,52.3705324],[4.8773252,52.370545],[4.8773788,52.370559],[4.8773847,52.3705608],[4.8773805,52.3705668],[4.877385,52.3705679],[4.8773845,52.3705723],[4.877387,52.3705765],[4.8773913,52.3705792],[4.8773977,52.3705813],[4.8774323,52.3705893],[4.8783811,52.3708372],[4.8795106,52.3711354],[4.8795702,52.3711516],[4.8796299,52.3711676],[4.8804623,52.3713811],[4.8819923,52.3717788],[4.8825109,52.3719124],[4.8825189,52.3719143],[4.8825233,52.3719144],[4.8825274,52.3719137],[4.8825311,52.3719128],[4.8825343,52.3719108],[4.8825367,52.3719092],[4.8825383,52.3719062],[4.8825395,52.3719032],[4.8825423,52.3719008],[4.8825472,52.3718986],[4.8825527,52.3718978],[4.8826694,52.3718942],[4.882675,52.3718946],[4.8826807,52.3718961],[4.8826848,52.3718989],[4.8826871,52.3719024],[4.8826805,52.3717962],[4.8826769,52.3718012],[4.8826727,52.3718036],[4.8826669,52.3718053],[4.8826606,52.3718054]]]},"properties":{"class":"water","class_id":4}},{"type":"Feature","geometry":{"type":"Polygon","coordinates":[[[4.8900623,52.3697225],[4.8902555,52.3697813],[4.8902727,52.3697804],[4.8902795,52.3697705],[4.8902194,52.3694886],[4.890003,52.3694194],[4.8899306,52.3694043],[4.8898581,52.3693949],[4.8898389,52.3694019],[4.8898367,52.3694096],[4.8900094,52.3696746],[4.8900623,52.3697225]]]},"properties":{"class":"park","class_id":3}},{"type":"Feature","geometry":{"type":"Polygon","coordinates":[[[4.8770006,52.370478],[4.8768688,52.370665],[4.8760447,52.371878],[4.8761139,52.3720947],[4.8761679,52.3721346],[4.8763332,52.3721766],[4.8763788,52.3721688],[4.8763871,52.3721406],[4.8763169,52.3719218],[4.8763216,52.3718738],[4.8771322,52.3707221],[4.877221,52.3705792],[4.8772487,52.3705556],[4.8772669,52.3705376],[4.8772716,52.3705346],[4.8772768,52.3705324],[4.877333,52.3704451],[4.8773331,52.3704415],[4.8783164,52.369002],[4.8783369,52.3689548],[4.878297,52.3689193],[4.8782028,52.3688965],[4.878139,52.368902],[4.878091,52.3689422],[4.8780318,52.3690149],[4.8771879,52.3702234],[4.8770813,52.370367],[4.8770866,52.3703703],[4.8770865,52.3703749],[4.8770809,52.3703781],[4.8770732,52.3703779],[4.8770707,52.3703813],[4.8770111,52.370463],[4.8770089,52.3704662],[4.8770148,52.3704698],[4.8770143,52.370475],[4.8770085,52.3704781],[4.8770006,52.370478]]]},"properties":{"class":"water","class_id":4}},{"type":"Feature","geometry":{"type":"Polygon","coordinates":[[[4.8867619,52.3703146],[4.8867534,52.370317],[4.8867447,52.3703208],[4.8867383,52.3703252],[4.8867303,52.3703333],[4.8867268,52.3703421],[4.8867278,52.370353],[4.8867248,52.3703535],[4.8867418,52.3704447],[4.8868199,52.3712445],[4.8868709,52.3717804],[4.8868935,52.3722085],[4.8869503,52.3722414],[4.8869848,52.3722395],[4.887184,52.37223],[4.8872275,52.3722279],[4.8872625,52.3721951],[4.8872129,52.3716852],[4.8871486,52.3711338],[4.8870602,52.3703196],[4.8870584,52.3703144],[4.8870555,52.3703102],[4.8870521,52.3703074],[4.8870467,52.3703041],[4.8870408,52.3703019],[4.8870338,52.3703],[4.8870248,52.3702992],[4.8870206,52.3702255],[4.8870307,52.3702239],[4.8870382,52.3702208],[4.8870437,52.3702173],[4.8870483,52.3702134],[4.8870524,52.3702068],[4.8870529,52.3701997],[4.887052,52.3701946],[4.8867145,52.3702033],[4.8867164,52.3702144],[4.8867194,52.3702201],[4.8867238,52.3702252],[4.8867283,52.3702287],[4.886732,52.3702311],[4.8867381,52.3702342],[4.8867465,52.370237],[4.8867556,52.3702393],[4.8867619,52.3703146]]]},"properties":{"class":"water","class_id":4}},{"type":"Feature","geometry":{"type":"Polygon","coordinates":[[[4.883102,52.3723568],[4.8830598,52.3720411],[4.8830457,52.3717666],[4.8829363,52.3704877],[4.8829223,52.3704715],[4.882896,52.3704686],[4.8828957,52.3704651],[4.8828892,52.3703786],[4.8829124,52.3703707],[4.8829192,52.3703559],[4.8828894,52.3701066],[4.8828698,52.3698476],[4.8828477,52.3695868],[4.8828202,52.3693252],[4.8828019,52.3690003],[4.8827839,52.3689784],[4.8827633,52.3689716],[4.8827421,52.3689709],[4.8827416,52.3689648],[4.8827341,52.368879],[4.8824741,52.3688902],[4.8824819,52.3689754],[4.8824825,52.3689822],[4.8824459,52.3689923],[4.8824332,52.3690151],[4.8824713,52.3694557],[4.8825048,52.3698848],[4.8825359,52.3700923],[4.8825449,52.3701499],[4.8825714,52.3703355],[4.8825716,52.3703456],[4.8825744,52.370475],[4.8825747,52.370487],[4.8825761,52.3705033],[4.8826049,52.3710005],[4.8826494,52.3715108],[4.8826805,52.3717962],[4.8826871,52.3719024],[4.8826943,52.3719567],[4.8827307,52.372347],[4.8827449,52.372367],[4.882777,52.3723839],[4.8827821,52.3724612],[4.8827548,52.3724756],[4.8827397,52.3724936],[4.8827856,52.3730314],[4.8828539,52.3737723],[4.8829066,52.3738296],[4.882949,52.374095],[4.8829152,52.3741043],[4.8829016,52.3741273],[4.8829146,52.3742124],[4.8829228,52.3742655],[4.882965,52.3746637],[4.8829821,52.3747447],[4.8830322,52.3748353],[4.8831214,52.3749444],[4.8833462,52.3751892],[4.8833934,52.3752425],[4.8836963,52.3755841],[4.8840907,52.376011],[4.8841606,52.3760556],[4.884206,52.3760643],[4.8842588,52.3761261],[4.8844822,52.3760501],[4.8844284,52.3759877],[4.8844799,52.3759596],[4.8844886,52.3759271],[4.8844377,52.3758695],[4.8843724,52.3758694],[4.8843569,52.3758612],[4.8838886,52.3753345],[4.8833371,52.3747313],[4.8833182,52.3747035],[4.8833141,52.3746963],[4.8832995,52.3746659],[4.8832902,52.3746416],[4.8832636,52.3743007],[4.8832605,52.3742611],[4.8832566,52.374212],[4.8832512,52.3741784],[4.8832133,52.3741613],[4.8831935,52.3738922],[4.8832404,52.3738616],[4.8831215,52.372734],[4.883108,52.3724643],[4.8830949,52.3724505],[4.8830642,52.372445],[4.8830571,52.3723775],[4.8830897,52.3723722],[4.883102,52.3723568]]]},"properties":{"class":"water","class_id":4}},{"type":"Feature","geometry":{"type":"Polygon","coordinates":[[[4.8830907,52.3662453],[4.8830392,52.3663033],[4.8830279,52.3663171],[4.883026,52.3663204],[4.8830252,52.3663239],[4.8830251,52.3663293],[4.8830288,52.3663357],[4.8830326,52.3663398],[4.8830412,52.3663445],[4.8830597,52.3663506],[4.8830955,52.3663619],[4.8833938,52.3664666],[4.8840816,52.3667105],[4.8843871,52.3668198],[4.8844336,52.36678],[4.8845088,52.366807],[4.8845965,52.3668385],[4.8846443,52.366789],[4.8845566,52.3667575],[4.8844886,52.3667298],[4.8845163,52.3666907],[4.8843291,52.3666381],[4.8840176,52.3665205],[4.8834071,52.3663093],[4.8831723,52.366231],[4.8831478,52.3662234],[4.8831389,52.3662219],[4.883128,52.3662221],[4.8831214,52.3662231],[4.8831143,52.3662252],[4.8831084,52.366228],[4.8831036,52.3662316],[4.8830907,52.3662453]]]},"properties":{"class":"water","class_id":4}},{"type":"Feature","geometry":{"type":"Polygon","coordinates":[[[4.880084,52.3666963],[4.880051,52.36674],[4.8800452,52.3667482],[4.8800449,52.3667554],[4.8800482,52.3667606],[4.880056,52.3667659],[4.8800688,52.3667707],[4.8800805,52.3667718],[4.8800859,52.3667652],[4.8802171,52.366805],[4.8816044,52.3672551],[4.8817914,52.3673158],[4.8817882,52.3673196],[4.8821285,52.3674307],[4.8821436,52.367426],[4.8821383,52.3673612],[4.8821373,52.3673575],[4.8821358,52.3673522],[4.8821281,52.3673492],[4.8819882,52.3673045],[4.881982,52.3673059],[4.8807001,52.3668835],[4.8803917,52.366784],[4.8803141,52.3667568],[4.8802225,52.3667259],[4.8801356,52.3666893],[4.8801383,52.3666854],[4.880123,52.3666808],[4.8801114,52.3666808],[4.8801006,52.3666827],[4.8800912,52.3666874],[4.880084,52.3666963]]]},"properties":{"class":"water","class_id":4}},{"type":"Feature","geometry":{"type":"Polygon","coordinates":[[[4.8870393,52.3681302],[4.8869739,52.3681108],[4.8869003,52.368089],[4.8868989,52.3680802],[4.8868787,52.3680713],[4.8868897,52.3681612],[4.8869035,52.3681562],[4.8869035,52.3681527],[4.8869326,52.3681455],[4.8869779,52.368162],[4.8870454,52.3681865],[4.8870456,52.3681928],[4.8870732,52.3682064],[4.8872002,52.3682518],[4.8872664,52.3682755],[4.8873645,52.3683106],[4.887671,52.3684203],[4.887757,52.3683618],[4.8877535,52.36836],[4.8875322,52.368291],[4.8872578,52.3681857],[4.887165,52.3681533],[4.8870382,52.3681077],[4.8870393,52.3681302]]]},"properties":{"class":"water","class_id":4}},{"type":"Feature","geometry":{"type":"Polygon","coordinates":[[[4.888794,52.3680788],[4.8889549,52.3679615],[4.8891965,52.3677732],[4.88939,52.3676305],[4.8894381,52.3675725],[4.8893354,52.3675262],[4.8892313,52.3674792],[4.8891346,52.3675195],[4.888765,52.3677908],[4.8881836,52.3682037],[4.8881115,52.368259],[4.8879032,52.3684077],[4.8878103,52.3684691],[4.887797,52.3684779],[4.8876889,52.3686464],[4.8876728,52.368695],[4.8876985,52.3687132],[4.8880097,52.3687269],[4.8880444,52.3687131],[4.8882351,52.368563],[4.8884032,52.3684408],[4.8885322,52.3683437],[4.8885922,52.3682962],[4.8885623,52.3682803],[4.8885559,52.3682721],[4.8885581,52.3682624],[4.8886546,52.3681784],[4.888794,52.3680788]]]},"properties":{"class":"water","class_id":4}},{"type":"Feature","geometry":{"type":"Polygon","coordinates":[[[4.8931475,52.3668255],[4.8930633,52.3668017],[4.8929525,52.366786],[4.8927317,52.3667769],[4.8920875,52.3667807],[4.8917645,52.3667931],[4.8915751,52.3668044],[4.8907734,52.3669044],[4.8904276,52.3669528],[4.8900262,52.3670245],[4.8897856,52.3671207],[4.889745,52.3671639],[4.8897649,52.3671981],[4.889864,52.3672685],[4.8899154,52.3672854],[4.8899604,52.3672909],[4.8900008,52.3672867],[4.8914871,52.3670679],[4.8916782,52.3670482],[4.8919018,52.3670414],[4.8921247,52.3670392],[4.8922285,52.3670381],[4.8924789,52.3670356],[4.8927136,52.367038],[4.8928627,52.3670066],[4.8930656,52.367013],[4.8930733,52.3669949],[4.8930901,52.3669782],[4.8931162,52.3669694],[4.8931418,52.36697],[4.8931604,52.3668514],[4.8931474,52.366846],[4.8931475,52.3668255]]]},"properties":{"class":"water","class_id":4}},{"type":"Feature","geometry":{"type":"Polygon","coordinates":[[[4.887052,52.3701946],[4.8870571,52.3701943],[4.8870154,52.3696878],[4.8869861,52.3694224],[4.886937,52.3688677],[4.8869311,52.3688292],[4.8869038,52.3688211],[4.8866163,52.3688284],[4.8865918,52.3688281],[4.8866304,52.3691691],[4.8866913,52.3699853],[4.8867113,52.3702034],[4.8867145,52.3702033],[4.887052,52.3701946]]]},"properties":{"class":"water","class_id":4}},{"type":"Feature","geometry":{"type":"Polygon","coordinates":[[[4.8799867,52.3666666],[4.8799906,52.3666588],[4.8799916,52.3666517],[4.8799895,52.3666454],[4.8799836,52.3666391],[4.8799725,52.3666331],[4.8798603,52.3666031],[4.8797909,52.3665844],[4.879782,52.3665836],[4.8797721,52.3665842],[4.879762,52.3665871],[4.8797535,52.3665925],[4.8797475,52.3665982],[4.8797296,52.3666234],[4.8795766,52.3668405],[4.8794247,52.3670553],[4.8794026,52.3670868],[4.8794009,52.3670904],[4.8794009,52.3670942],[4.8794033,52.3670979],[4.8794623,52.367117],[4.8794204,52.3671746],[4.8795082,52.3672025],[4.8795499,52.3671453],[4.879604,52.3671627],[4.8796148,52.3671623],[4.8796207,52.36716],[4.8796264,52.3671529],[4.8796513,52.3671178],[4.8798263,52.3668783],[4.8799529,52.3667099],[4.8799867,52.3666666]]]},"properties":{"class":"water","class_id":4}},{"type":"Feature","geometry":{"type":"Polygon","coordinates":[[[4.887757,52.3683618],[4.887671,52.3684203],[4.8877238,52.3684151],[4.8877633,52.3684287],[4.8878044,52.3684429],[4.8878103,52.3684691],[4.8879032,52.3684077],[4.8878511,52.36841],[4.8878102,52.3683948],[4.8877686,52.3683789],[4.887757,52.3683618]]]},"properties":{"class":"water","class_id":4}},{"type":"Feature","geometry":{"type":"Polygon","coordinates":[[[4.8813572,52.3684385],[4.8810229,52.3683194],[4.8807118,52.3682178],[4.8804061,52.3681145],[4.8801016,52.3680152],[4.8793569,52.3677663],[4.879324,52.3677672],[4.8792924,52.3677758],[4.8791957,52.3677491],[4.8791547,52.3678071],[4.8792515,52.3678341],[4.8792597,52.3678624],[4.8792893,52.3678814],[4.8796003,52.3679872],[4.8801804,52.3681725],[4.8804677,52.3682701],[4.8812938,52.3685236],[4.8813572,52.3684385]]]},"properties":{"class":"water","class_id":4}},{"type":"Feature","geometry":{"type":"Polygon","coordinates":[[[4.879577,52.3672244],[4.8795082,52.3672025],[4.8794204,52.3671746],[4.879358,52.3671547],[4.8787965,52.3679267],[4.8784414,52.3684335],[4.8782566,52.3687213],[4.8782619,52.3687412],[4.8782926,52.3687606],[4.8782028,52.3688965],[4.878297,52.3689193],[4.8783826,52.3687859],[4.8784229,52.3687852],[4.8784511,52.3687786],[4.8784779,52.3687655],[4.8786818,52.3684742],[4.8790476,52.3679545],[4.8791317,52.3678397],[4.8791547,52.3678071],[4.8791957,52.3677491],[4.8792124,52.3677254],[4.8792279,52.3677036],[4.8794133,52.3674494],[4.8795479,52.3672564],[4.879577,52.3672244]]]},"properties":{"class":"water","class_id":4}},{"type":"Feature","geometry":{"type":"Polygon","coordinates":[[[4.8876322,52.3688171],[4.8876431,52.3689153],[4.8876777,52.3691053],[4.88788,52.3701059],[4.8879118,52.370149],[4.8882629,52.3701283],[4.8882304,52.3699245],[4.8880994,52.3691284],[4.8880335,52.3688324],[4.8879954,52.3688118],[4.8876771,52.3687944],[4.8876322,52.3688171]]]},"properties":{"class":"water","class_id":4}},{"type":"Feature","geometry":{"type":"Polygon","coordinates":[[[4.8814889,52.3684783],[4.8813572,52.3684385],[4.8812938,52.3685236],[4.8814062,52.3685588],[4.8814889,52.3684783]]]},"properties":{"class":"water","class_id":4}},{"type":"Feature","geometry":{"type":"Polygon","coordinates":[[[4.8825302,52.3660254],[4.8825332,52.3660208],[4.8825328,52.3660149],[4.8825306,52.366011],[4.8825229,52.3660065],[4.8824931,52.3659945],[4.882336,52.3659315],[4.8822698,52.3659076],[4.8820444,52.3658255],[4.8811424,52.3654987],[4.8810555,52.3654672],[4.8810448,52.3654635],[4.8810344,52.3654612],[4.8810238,52.3654609],[4.8810162,52.3654641],[4.8810094,52.3654686],[4.8810034,52.3654659],[4.8809148,52.3655573],[4.8809214,52.3655593],[4.8809184,52.3655632],[4.8809179,52.3655686],[4.8809198,52.3655738],[4.8809259,52.3655783],[4.8810459,52.3656215],[4.8813954,52.3657468],[4.882417,52.3661136],[4.8824244,52.3661155],[4.8824311,52.3661158],[4.8824374,52.3661148],[4.8824427,52.366113],[4.8824469,52.3661103],[4.8824552,52.3661022],[4.8825302,52.3660254]]]},"properties":{"class":"water","class_id":4}},{"type":"Feature","geometry":{"type":"Polygon","coordinates":[[[4.8848347,52.3703019],[4.8848853,52.3702833],[4.884857,52.370037],[4.8848136,52.3695326],[4.884766,52.3690355],[4.8847597,52.3689451],[4.8847473,52.3689054],[4.884716,52.3688923],[4.8847048,52.3688918],[4.8844231,52.3688997],[4.8844158,52.3688998],[4.8843785,52.3689118],[4.8843726,52.3689609],[4.884402,52.3691983],[4.8844503,52.3697277],[4.8844914,52.3702989],[4.8845451,52.3703138],[4.8845566,52.3703133],[4.8848179,52.3703026],[4.8848347,52.3703019]]]},"properties":{"class":"water","class_id":4}},{"type":"Feature","geometry":{"type":"Polygon","coordinates":[[[4.8822698,52.36874],[4.8822691,52.3687303],[4.8822615,52.3687207],[4.8822507,52.368714],[4.8822377,52.3687082],[4.88217,52.3686923],[4.8817433,52.368564],[4.8814889,52.3684783],[4.8814062,52.3685588],[4.8817366,52.3686861],[4.8822192,52.3688343],[4.8822414,52.3688376],[4.8822578,52.3688305],[4.8822762,52.3688018],[4.8822759,52.368793],[4.8824037,52.3687894],[4.8823989,52.368735],[4.8822698,52.36874]]]},"properties":{"class":"water","class_id":4}},{"type":"Feature","geometry":{"type":"Polygon","coordinates":[[[4.8856782,52.3755212],[4.8858039,52.3754773],[4.8857459,52.3754192],[4.8856237,52.3754639],[4.8856048,52.3754728],[4.8852402,52.3755904],[4.8851599,52.3756224],[4.8849707,52.3756881],[4.8845323,52.3758406],[4.8844377,52.3758695],[4.8844886,52.3759271],[4.8845779,52.3758954],[4.8851468,52.375699],[4.8856584,52.3755187],[4.8856782,52.3755212]]]},"properties":{"class":"water","class_id":4}},{"type":"Feature","geometry":{"type":"Polygon","coordinates":[[[4.9041372,52.3708733],[4.9029133,52.3703534],[4.9024511,52.370165],[4.9023554,52.3701202],[4.9023084,52.3701012],[4.902362,52.3700642],[4.9024977,52.3699706],[4.9025908,52.3699063],[4.9028359,52.3697329],[4.9029067,52.3696474],[4.9028011,52.3695693],[4.9027984,52.369567],[4.9020173,52.3698824],[4.9019814,52.3698938],[4.9019043,52.3699288],[4.9018079,52.3699648],[4.9017987,52.3699636],[4.9017552,52.369934],[4.9017152,52.3699501],[4.9016874,52.3699469],[4.9016747,52.3699407],[4.9016241,52.3699057],[4.9016053,52.3699487],[4.9015312,52.3699581],[4.9015969,52.3699991],[4.9016043,52.3700182],[4.9015945,52.370031],[4.9015808,52.3700545],[4.9012818,52.3704566],[4.9012832,52.3704642],[4.9012851,52.370468],[4.9012898,52.3704734],[4.9012882,52.3704774],[4.9013624,52.3704973],[4.9013661,52.370495],[4.9013784,52.3704949],[4.9013866,52.3704926],[4.9014024,52.3704843],[4.9015251,52.3703328],[4.9015439,52.3703084],[4.9015624,52.3703033],[4.901607,52.3702956],[4.9016324,52.3703071],[4.9017861,52.3703732],[4.9022302,52.3705655],[4.9025103,52.3706894],[4.9037381,52.3712316],[4.9037764,52.3712276],[4.9037819,52.3712241],[4.9038863,52.3712672],[4.9038809,52.3712717],[4.9038914,52.3712982],[4.9043902,52.3715142],[4.9044927,52.3715575],[4.9045872,52.3715961],[4.9046545,52.371628],[4.9051605,52.3718253],[4.9055451,52.3719822],[4.9056706,52.3719685],[4.9057428,52.371998],[4.9057596,52.37207],[4.9056776,52.3720972],[4.9057283,52.3721461],[4.9057468,52.3721533],[4.906208,52.3723553],[4.9064121,52.3723586],[4.9070114,52.3726136],[4.9073883,52.3727776],[4.9074967,52.372714],[4.907493,52.3727042],[4.9075081,52.3726797],[4.907525,52.3726728],[4.9075556,52.3726766],[4.9078894,52.3728428],[4.9079838,52.3727881],[4.9076448,52.3726252],[4.9076387,52.3726071],[4.9076495,52.3725945],[4.9076934,52.3725858],[4.9077123,52.372591],[4.9078456,52.3724928],[4.9070958,52.37213],[4.9070694,52.372117],[4.9070139,52.3720898],[4.906977,52.3720705],[4.9069487,52.3720393],[4.9069308,52.3720213],[4.9069277,52.3719926],[4.9069386,52.3719657],[4.9070137,52.3719104],[4.9074791,52.3716185],[4.9074426,52.3716017],[4.9073879,52.3715771],[4.9073812,52.3715821],[4.9073754,52.3715826],[4.9073708,52.3715814],[4.9073661,52.3715784],[4.9073641,52.3715754],[4.907363,52.3715723],[4.9073634,52.3715684],[4.9073657,52.3715645],[4.90737,52.3715621],[4.9072654,52.3715131],[4.9072294,52.3715417],[4.9071845,52.3715203],[4.9072092,52.371495],[4.9071412,52.371463],[4.9071133,52.3714602],[4.907092,52.3714641],[4.90704,52.3714885],[4.9069935,52.3715131],[4.9064038,52.3718132],[4.9063697,52.3718047],[4.9042917,52.3709384],[4.90425,52.3709419],[4.9042451,52.3709473],[4.9041402,52.3709037],[4.9041454,52.3708992],[4.9041372,52.3708733]]]},"properties":{"class":"water","class_id":4}},{"type":"Feature","geometry":{"type":"Polygon","coordinates":[[[4.8845514,52.3765181],[4.8844957,52.376538],[4.8844431,52.376557],[4.8845266,52.3766447],[4.88458,52.3766261],[4.8846341,52.3766079],[4.8845514,52.3765181]]]},"properties":{"class":"water","class_id":4}},{"type":"Feature","geometry":{"type":"Polygon","coordinates":[[[4.8861164,52.3781725],[4.8860991,52.3782142],[4.8863426,52.3784531],[4.8865706,52.3786926],[4.8875301,52.3797327],[4.8878457,52.3801055],[4.8881086,52.3803999],[4.8881175,52.3804054],[4.8881294,52.3804084],[4.8881416,52.3804081],[4.8881547,52.3804041],[4.8882185,52.3804638],[4.8884301,52.380344],[4.888368,52.3802828],[4.8883805,52.3802751],[4.8883902,52.3802669],[4.8883961,52.3802569],[4.8883972,52.3802463],[4.8879025,52.3797006],[4.8869097,52.378667],[4.8864216,52.3781044],[4.8863537,52.3780913],[4.8862803,52.3780094],[4.8862971,52.3779671],[4.8858566,52.377506],[4.8845515,52.3760641],[4.8844822,52.3760501],[4.8842588,52.3761261],[4.8842466,52.3761733],[4.8845514,52.3765181],[4.8846341,52.3766079],[4.8858264,52.3778995],[4.8859743,52.378075],[4.8860436,52.3780912],[4.8861164,52.3781725]]]},"properties":{"class":"water","class_id":4}},{"type":"Feature","geometry":{"type":"Polygon","coordinates":[[[4.8948968,52.3707478],[4.894894,52.3707431],[4.8948883,52.3707233],[4.8948665,52.3706724],[4.894681,52.3701055],[4.894376,52.3701409],[4.8943934,52.3701924],[4.8946009,52.3707538],[4.8946066,52.3707737],[4.8946085,52.3707769],[4.8948968,52.3707478]]]},"properties":{"class":"water","class_id":4}},{"type":"Feature","geometry":{"type":"Polygon","coordinates":[[[4.8890365,52.3733686],[4.8890293,52.3733439],[4.8890172,52.3733062],[4.8890059,52.3732625],[4.8890013,52.373251],[4.8889976,52.3732398],[4.8889846,52.3731994],[4.888967,52.3731366],[4.8886648,52.3731504],[4.8886842,52.3732153],[4.888696,52.3732545],[4.8886989,52.3732669],[4.8887025,52.3732782],[4.888712,52.3733195],[4.8887187,52.3733592],[4.8887182,52.373384],[4.8890365,52.3733686]]]},"properties":{"class":"water","class_id":4}},{"type":"Feature","geometry":{"type":"Polygon","coordinates":[[[4.894193,52.369391],[4.8941799,52.3694442],[4.8942501,52.3697267],[4.894376,52.3701409],[4.894681,52.3701055],[4.8946801,52.3700886],[4.8946413,52.3699648],[4.8946043,52.3698256],[4.8944726,52.369406],[4.8944067,52.3693849],[4.8943621,52.3693753],[4.894274,52.3693768],[4.8942736,52.3693731],[4.8942289,52.3693731],[4.894193,52.369391]]]},"properties":{"class":"water","class_id":4}},{"type":"Feature","geometry":{"type":"Polygon","coordinates":[[[4.8969848,52.3726622],[4.8967828,52.3727355],[4.8968141,52.3727707],[4.8981664,52.3738267],[4.8983056,52.3739252],[4.8985235,52.3738622],[4.8985046,52.3738503],[4.8970226,52.3726698],[4.8969848,52.3726622]]]},"properties":{"class":"water","class_id":4}},{"type":"Feature","geometry":{"type":"Polygon","coordinates":[[[4.8988405,52.374366],[4.8992239,52.3747312],[4.8992553,52.3747416],[4.8993106,52.3747287],[4.8993283,52.3747245],[4.8994048,52.3747066],[4.8994224,52.3747025],[4.8994778,52.3746896],[4.8994903,52.3746614],[4.8991495,52.3743672],[4.8989789,52.3742157],[4.898813,52.3740743],[4.8985957,52.3739174],[4.8983834,52.3739727],[4.8984535,52.3740196],[4.8985795,52.3741116],[4.8988405,52.374366]]]},"properties":{"class":"water","class_id":4}},{"type":"Feature","geometry":{"type":"Polygon","coordinates":[[[4.8880863,52.3747863],[4.8881149,52.3747476],[4.8877021,52.3743195],[4.8873977,52.3739831],[4.8873869,52.3738862],[4.8873737,52.3736389],[4.8873677,52.3735262],[4.8873517,52.373511],[4.8873193,52.3735032],[4.8870972,52.3735319],[4.8870527,52.3735469],[4.8870293,52.3735691],[4.8870363,52.3736622],[4.8870606,52.3739865],[4.8870653,52.3740307],[4.88731,52.3743178],[4.8876683,52.3747064],[4.887671,52.3747443],[4.8877567,52.3748393],[4.8877905,52.3748536],[4.8878247,52.374851],[4.887853,52.3748889],[4.8878797,52.3749247],[4.8881756,52.3748426],[4.8881868,52.3748405],[4.8881451,52.3748461],[4.8880863,52.3747863]]]},"properties":{"class":"water","class_id":4}},{"type":"Feature","geometry":{"type":"Polygon","coordinates":[[[4.888967,52.3731366],[4.8890042,52.3731295],[4.8890387,52.3731013],[4.8886905,52.3722919],[4.8886802,52.3722708],[4.8886354,52.3722433],[4.8883255,52.3722532],[4.8882979,52.372357],[4.8885548,52.3731237],[4.8885793,52.373141],[4.8886175,52.3731516],[4.8886648,52.3731504],[4.888967,52.3731366]]]},"properties":{"class":"water","class_id":4}},{"type":"Feature","geometry":{"type":"Polygon","coordinates":[[[4.8966831,52.3726595],[4.8967492,52.3727074],[4.8969517,52.3726348],[4.8969414,52.3726013],[4.8962909,52.3720738],[4.8960546,52.3718752],[4.8960319,52.3718768],[4.8959608,52.3718844],[4.8958768,52.3719128],[4.895835,52.3719375],[4.8957967,52.371959],[4.8966831,52.3726595]]]},"properties":{"class":"water","class_id":4}},{"type":"Feature","geometry":{"type":"Polygon","coordinates":[[[4.8811323,52.3747306],[4.8793553,52.3743231],[4.8793262,52.3743323],[4.8792486,52.3743142],[4.8792005,52.3743855],[4.879278,52.3744036],[4.8792829,52.3744192],[4.8810837,52.3748301],[4.8811053,52.3748176],[4.8811865,52.3748345],[4.8812234,52.3747713],[4.8811425,52.374752],[4.8811323,52.3747306]]]},"properties":{"class":"water","class_id":4}},{"type":"Feature","geometry":{"type":"Polygon","coordinates":[[[4.8974363,52.3786769],[4.8974309,52.3786777],[4.8974254,52.3786774],[4.8974224,52.3786761],[4.8974198,52.3786742],[4.897419,52.378672],[4.8974196,52.3786692],[4.8974222,52.3786666],[4.897429,52.3786634],[4.8974147,52.3786514],[4.8973869,52.3786281],[4.8973819,52.378625],[4.8973793,52.3786236],[4.8973769,52.3786223],[4.8973705,52.3786197],[4.8973676,52.378619],[4.8973559,52.378616],[4.8973464,52.3786136],[4.8973231,52.3786205],[4.8972517,52.3786603],[4.8972082,52.3786824],[4.8971047,52.3787381],[4.8957337,52.3794763],[4.8954888,52.379604],[4.8960006,52.3800255],[4.8959917,52.3800041],[4.8959852,52.3799801],[4.8959814,52.3799522],[4.8959824,52.3799275],[4.8959857,52.3799062],[4.8959899,52.379891],[4.8959976,52.3798709],[4.8960065,52.3798529],[4.8960155,52.3798378],[4.8960272,52.3798222],[4.8960365,52.3798108],[4.8960524,52.3797936],[4.8960644,52.379783],[4.8960799,52.3797703],[4.8960971,52.3797574],[4.8961168,52.3797439],[4.8961489,52.3797265],[4.8961468,52.379713],[4.896148,52.3797017],[4.8961504,52.3796932],[4.8961574,52.3796792],[4.8961681,52.3796667],[4.8961784,52.3796572],[4.8961931,52.3796481],[4.8962107,52.3796392],[4.8962263,52.3796337],[4.8962428,52.3796293],[4.8962607,52.3796262],[4.8962779,52.3796247],[4.8962937,52.3796239],[4.8963265,52.3796088],[4.8963544,52.3796305],[4.8966399,52.3794903],[4.8976441,52.3790153],[4.8976422,52.379013],[4.8976258,52.378993],[4.8976156,52.3789744],[4.8976085,52.3789483],[4.8976088,52.3789251],[4.8976161,52.3789003],[4.8976308,52.3788762],[4.8976551,52.3788536],[4.8976457,52.3788445],[4.8976388,52.3788475],[4.8976331,52.3788483],[4.8976281,52.3788476],[4.8976247,52.3788461],[4.8976229,52.3788439],[4.8976222,52.3788417],[4.897623,52.3788394],[4.8976262,52.3788365],[4.8976691,52.3788159],[4.897731,52.3787884],[4.8977587,52.378777],[4.8977891,52.3787628],[4.8978061,52.3787548],[4.8978273,52.3787455],[4.8978718,52.3787259],[4.8979276,52.3787015],[4.8979372,52.3786973],[4.8979416,52.3786956],[4.8978963,52.3786583],[4.8978526,52.3786203],[4.8978481,52.3786223],[4.8978386,52.3786263],[4.8975368,52.3787611],[4.8975328,52.3787619],[4.897528,52.3787619],[4.8975245,52.378761],[4.8975224,52.3787597],[4.8975204,52.378758],[4.8975198,52.3787552],[4.8975202,52.3787533],[4.8975228,52.3787503],[4.8978254,52.3786152],[4.8978346,52.378611],[4.8978393,52.378609],[4.8977518,52.3785362],[4.8977479,52.3785379],[4.8977388,52.378542],[4.8976838,52.3785665],[4.8976164,52.3785966],[4.8975467,52.3786277],[4.8975052,52.3786462],[4.8974793,52.3786577],[4.8974519,52.3786699],[4.8974415,52.3786746],[4.8974363,52.3786769]]]},"properties":{"class":"water","class_id":4}},{"type":"Feature","geometry":{"type":"Polygon","coordinates":[[[4.8833934,52.3752425],[4.8833462,52.3751892],[4.8831809,52.3752029],[4.8832002,52.3752258],[4.8832295,52.375256],[4.8833934,52.3752425]]]},"properties":{"class":"water","class_id":4}},{"type":"Feature","geometry":{"type":"Polygon","coordinates":[[[4.8922292,52.3791577],[4.8921905,52.3791664],[4.8921459,52.3791705],[4.8921066,52.3791582],[4.8920674,52.3791165],[4.8916521,52.3786446],[4.8912532,52.3782093],[4.8901219,52.376928],[4.8900818,52.3768627],[4.890078,52.3768586],[4.890037,52.3768144],[4.8899611,52.3768208],[4.8898916,52.3767534],[4.8896717,52.3768308],[4.8897383,52.376904],[4.8897428,52.3769593],[4.8901638,52.3774199],[4.8915749,52.3789813],[4.8917004,52.3791166],[4.8917139,52.3791629],[4.8918172,52.3793315],[4.8918983,52.3793401],[4.8922946,52.3792681],[4.8922292,52.3791577]]]},"properties":{"class":"water","class_id":4}},{"type":"Feature","geometry":{"type":"Polygon","coordinates":[[[4.9012396,52.3705412],[4.9012328,52.3705427],[4.9012212,52.3705521],[4.9011137,52.3705738],[4.9010736,52.3706759],[4.9010502,52.3707704],[4.9010381,52.370841],[4.9010642,52.3708467],[4.9012108,52.37088],[4.9013318,52.3709075],[4.9014325,52.3709296],[4.9015482,52.3709962],[4.9015628,52.3710008],[4.9015754,52.3710012],[4.9016152,52.3709554],[4.9016126,52.3709499],[4.9016088,52.3709438],[4.9015459,52.370911],[4.9012345,52.3707488],[4.901233,52.3707424],[4.9012296,52.3707286],[4.9012505,52.3706978],[4.9013227,52.3705869],[4.9013239,52.3705759],[4.901315,52.370565],[4.9013143,52.3705623],[4.9012396,52.3705412]]]},"properties":{"class":"water","class_id":4}},{"type":"Feature","geometry":{"type":"Polygon","coordinates":[[[4.8777624,52.3751351],[4.877647,52.3751302],[4.8777531,52.3752697],[4.8778583,52.3752601],[4.8804527,52.3758329],[4.8804874,52.3758199],[4.8805826,52.3758396],[4.8806279,52.3757671],[4.8805315,52.3757456],[4.8805165,52.375723],[4.8777624,52.3751351]]]},"properties":{"class":"water","class_id":4}},{"type":"Feature","geometry":{"type":"Polygon","coordinates":[[[4.9002115,52.3753386],[4.9001984,52.3753275],[4.9001922,52.3753305],[4.9001717,52.3753288],[4.9001597,52.3753191],[4.9001428,52.3753056],[4.900145,52.3752926],[4.9001506,52.3752896],[4.9001376,52.3752789],[4.8996098,52.3747754],[4.899546,52.3747506],[4.8995396,52.374752],[4.899485,52.3747647],[4.8994673,52.3747689],[4.8993899,52.3747868],[4.8993736,52.3747906],[4.8993182,52.3748035],[4.8993102,52.3748319],[4.8997595,52.3752871],[4.8998563,52.3753879],[4.8998686,52.3753994],[4.8998738,52.3753971],[4.899895,52.3753991],[4.8999122,52.3754153],[4.8999282,52.3754304],[4.8999233,52.3754428],[4.8999169,52.3754449],[4.8999299,52.3754562],[4.9001939,52.3756655],[4.9002195,52.3756844],[4.900278,52.3757178],[4.9002971,52.3757294],[4.900305,52.3757333],[4.900375,52.3757625],[4.9003912,52.3757463],[4.9003993,52.3757506],[4.9004188,52.3757341],[4.9004238,52.3757321],[4.9004294,52.3757333],[4.9005756,52.3758129],[4.900609,52.3757903],[4.9004639,52.3757114],[4.9004619,52.3757077],[4.9004622,52.3757041],[4.9004821,52.3756889],[4.9004747,52.3756848],[4.9004689,52.3756651],[4.9004655,52.3756506],[4.9004898,52.3756279],[4.9007247,52.3753608],[4.9007505,52.3753035],[4.9007563,52.3751756],[4.900755,52.3751706],[4.900748,52.3751446],[4.9006617,52.3751526],[4.900662,52.3751548],[4.9006658,52.3751792],[4.9006666,52.3751846],[4.9006576,52.3752426],[4.9006501,52.3752455],[4.9006578,52.3752541],[4.9006543,52.3752619],[4.9006477,52.3752642],[4.9006206,52.37531],[4.9005887,52.3753559],[4.9005434,52.3754029],[4.9003758,52.3754916],[4.9002725,52.3753998],[4.9002387,52.3753657],[4.9002202,52.3753472],[4.9002192,52.375346],[4.9002173,52.3753451],[4.9002115,52.3753386]]]},"properties":{"class":"water","class_id":4}},{"type":"Feature","geometry":{"type":"Polygon","coordinates":[[[4.8992371,52.3680974],[4.8991586,52.3680227],[4.8991205,52.3680372],[4.898822,52.3680953],[4.8988929,52.3681605],[4.8988131,52.3681912],[4.8993727,52.3687041],[4.9000249,52.369291],[4.9000693,52.3692705],[4.900124,52.3693177],[4.900134,52.3693397],[4.9001221,52.3693574],[4.9000907,52.369372],[4.9001152,52.3693933],[4.9001163,52.3693973],[4.9001766,52.3694434],[4.9002058,52.3694489],[4.9004637,52.3693248],[4.9005123,52.3693229],[4.900911,52.3695789],[4.9009237,52.3695714],[4.90096,52.3695727],[4.9011471,52.3696988],[4.9015312,52.3699581],[4.9016053,52.3699487],[4.9016241,52.3699057],[4.9011864,52.3696138],[4.901105,52.369559],[4.9010621,52.3695288],[4.9010012,52.3694867],[4.9005714,52.3690893],[4.9004353,52.3689647],[4.9003116,52.3689448],[4.9001663,52.3688091],[4.8993773,52.3680854],[4.899263,52.3680943],[4.8992371,52.3680974]]]},"properties":{"class":"water","class_id":4}},{"type":"Feature","geometry":{"type":"Polygon","coordinates":[[[4.9028394,52.3724695],[4.9027259,52.3725415],[4.9026946,52.3725689],[4.9019336,52.3729906],[4.9020475,52.3730321],[4.9023051,52.3728898],[4.9024722,52.3727948],[4.9028266,52.3725941],[4.9029133,52.3725459],[4.9028394,52.3724695]]]},"properties":{"class":"water","class_id":4}},{"type":"Feature","geometry":{"type":"Polygon","coordinates":[[[4.8844431,52.376557],[4.8842431,52.3765438],[4.8825347,52.3761585],[4.8824982,52.3761721],[4.8824529,52.3762482],[4.8824638,52.3762674],[4.8839889,52.3766015],[4.8843401,52.3766681],[4.8844672,52.3766618],[4.8845266,52.3766447],[4.8844431,52.376557]]]},"properties":{"class":"water","class_id":4}},{"type":"Feature","geometry":{"type":"Polygon","coordinates":[[[4.9000973,52.37449],[4.9001525,52.3745457],[4.9002347,52.3745177],[4.9001791,52.3744622],[4.9000704,52.374371],[4.8993958,52.3737383],[4.8993509,52.3736999],[4.8992474,52.3737237],[4.8993164,52.3737956],[4.9000973,52.37449]]]},"properties":{"class":"water","class_id":4}},{"type":"Feature","geometry":{"type":"Polygon","coordinates":[[[4.8963587,52.3683934],[4.8963267,52.3683575],[4.8962946,52.3683217],[4.8962936,52.3683196],[4.8962976,52.3683183],[4.896304,52.3683178],[4.896308,52.3683168],[4.8963451,52.3683039],[4.8963515,52.3683012],[4.8963578,52.3682982],[4.8963641,52.3682933],[4.8963693,52.3682882],[4.896373,52.3682815],[4.8963742,52.3682749],[4.8963737,52.3682694],[4.896372,52.368265],[4.8963689,52.3682597],[4.8959454,52.3677873],[4.895934,52.3677721],[4.8959223,52.3677544],[4.8959093,52.3677276],[4.8958792,52.3676399],[4.8957664,52.3673092],[4.895671,52.3672118],[4.8955797,52.3671345],[4.8955329,52.3671221],[4.8953309,52.3671158],[4.895126,52.3671181],[4.8951097,52.3671183],[4.8950934,52.3671185],[4.895048,52.367119],[4.8946268,52.3671461],[4.8942734,52.3671768],[4.8940813,52.3671917],[4.8939446,52.3672392],[4.8933454,52.3668942],[4.8931604,52.3668514],[4.8931418,52.36697],[4.89333,52.3670112],[4.8937616,52.3672657],[4.8938061,52.3673462],[4.8937288,52.3674107],[4.8937295,52.3674398],[4.8937559,52.3674592],[4.8936353,52.3675603],[4.8938877,52.3676734],[4.89401,52.3675709],[4.8941259,52.3674683],[4.8942119,52.3674043],[4.8942515,52.3673806],[4.8943107,52.3673646],[4.8943698,52.3673609],[4.8944223,52.3673611],[4.8945401,52.3673818],[4.8946578,52.3674225],[4.8950231,52.3676007],[4.8953623,52.3677748],[4.8955485,52.3678328],[4.8955609,52.3678162],[4.8956572,52.3678424],[4.8956828,52.3678557],[4.8957136,52.3679195],[4.8957027,52.3679247],[4.8956839,52.3679291],[4.8958437,52.3681031],[4.8958957,52.3681447],[4.8960368,52.3682737],[4.8961093,52.368349],[4.8961163,52.368354],[4.8961238,52.3683577],[4.8961321,52.3683607],[4.8961396,52.3683627],[4.8961472,52.368364],[4.8961573,52.3683643],[4.8961688,52.3683633],[4.8961764,52.3683616],[4.896196,52.368355],[4.896229,52.3683913],[4.8962621,52.3684276],[4.8962274,52.3684399],[4.8962107,52.3684462],[4.8961971,52.3684535],[4.8961855,52.368461],[4.8961765,52.3684688],[4.8961681,52.3684776],[4.8961611,52.3684879],[4.8961561,52.3684979],[4.8961539,52.3685075],[4.8961534,52.368518],[4.8961551,52.3685291],[4.8961591,52.36854],[4.8961674,52.368552],[4.8974591,52.3698705],[4.897549,52.3699674],[4.8985463,52.3709818],[4.8985935,52.3709914],[4.8988452,52.370914],[4.898856,52.3708992],[4.8988622,52.3708797],[4.8980592,52.3700387],[4.8980547,52.3699925],[4.8979931,52.3699126],[4.8979574,52.369903],[4.8978549,52.3698063],[4.8976094,52.3695637],[4.8965401,52.3684181],[4.8965294,52.3684077],[4.8965215,52.3684027],[4.8965125,52.3683972],[4.8965016,52.3683923],[4.8964912,52.3683884],[4.8964789,52.3683847],[4.8964653,52.3683817],[4.8964521,52.3683798],[4.8964384,52.3683789],[4.8964264,52.3683787],[4.8964118,52.3683794],[4.8964023,52.3683805],[4.8963916,52.3683822],[4.8963809,52.3683846],[4.89637,52.3683877],[4.8963672,52.3683893],[4.896364,52.3683915],[4.8963587,52.3683934]]]},"properties":{"class":"water","class_id":4}},{"type":"Feature","geometry":{"type":"Polygon","coordinates":[[[4.9021425,52.3765088],[4.9020555,52.3764637],[4.9010564,52.3759856],[4.9008767,52.3759395],[4.9006729,52.3758255],[4.9006394,52.3758481],[4.9008035,52.3759417],[4.9008049,52.375944],[4.9008035,52.3759458],[4.9007763,52.375964],[4.9008506,52.3760044],[4.9009377,52.3760459],[4.900978,52.3760647],[4.9009789,52.3760654],[4.9009798,52.3760661],[4.9010763,52.3761154],[4.9010758,52.3761158],[4.9010787,52.3761172],[4.9010816,52.3761187],[4.9010828,52.3761178],[4.9011478,52.3761519],[4.9012107,52.3761794],[4.9014684,52.3762921],[4.9014865,52.3763072],[4.9014867,52.3763074],[4.9016245,52.376377],[4.9018388,52.3764792],[4.9019086,52.3765152],[4.9019968,52.3765545],[4.9020332,52.3765707],[4.9020651,52.3765516],[4.9020892,52.376552],[4.9025472,52.3767564],[4.9025936,52.3767158],[4.9021425,52.3765088]]]},"properties":{"class":"water","class_id":4}},{"type":"Feature","geometry":{"type":"Polygon","coordinates":[[[4.8880167,52.3774495],[4.8880245,52.3774167],[4.887554,52.376891],[4.8863699,52.3755856],[4.8862785,52.3754586],[4.886233,52.3754507],[4.8859487,52.3755515],[4.8859174,52.375581],[4.8876761,52.3775173],[4.8877457,52.3775374],[4.8880167,52.3774495]]]},"properties":{"class":"water","class_id":4}},{"type":"Feature","geometry":{"type":"Polygon","coordinates":[[[4.8989077,52.370989],[4.8988735,52.3709483],[4.8988452,52.370914],[4.8985935,52.3709914],[4.8986571,52.3710676],[4.8986507,52.3710866],[4.8995514,52.3720955],[4.8996105,52.3720712],[4.8998549,52.3719709],[4.8989507,52.3710029],[4.8989077,52.370989]]]},"properties":{"class":"water","class_id":4}},{"type":"Feature","geometry":{"type":"Polygon","coordinates":[[[4.8786412,52.3742809],[4.8791727,52.3743975],[4.8792005,52.3743855],[4.8792486,52.3743142],[4.8792395,52.3742956],[4.8789077,52.3742231],[4.8786067,52.3741572],[4.878307,52.3740854],[4.8780089,52.3740162],[4.877407,52.3738807],[4.8771551,52.3738235],[4.8771424,52.3738226],[4.877137,52.3738226],[4.877014,52.3737997],[4.8769464,52.3737866],[4.8769775,52.3739012],[4.8770007,52.3739007],[4.8771259,52.3739241],[4.8771337,52.3739259],[4.8771365,52.3739284],[4.8771445,52.3739359],[4.8771556,52.3739417],[4.877166,52.3739451],[4.8774242,52.3740037],[4.8776144,52.3740468],[4.8776949,52.3740658],[4.8783823,52.3742209],[4.8786412,52.3742809]]]},"properties":{"class":"water","class_id":4}},{"type":"Feature","geometry":{"type":"Polygon","coordinates":[[[4.8981672,52.3699601],[4.8981079,52.3698924],[4.8979931,52.3699126],[4.8980547,52.3699925],[4.8981672,52.3699601]]]},"properties":{"class":"water","class_id":4}},{"type":"Feature","geometry":{"type":"Polygon","coordinates":[[[4.877027,52.3740326],[4.8770214,52.3740246],[4.8770129,52.374014],[4.8770048,52.374009],[4.8769939,52.3740058],[4.8769555,52.3740019],[4.876965,52.3739594],[4.8769746,52.3739164],[4.8769775,52.3739012],[4.8769464,52.3737866],[4.8765118,52.3725534],[4.8764931,52.3724865],[4.8764005,52.3724643],[4.8762308,52.3724769],[4.8763467,52.3728749],[4.8765389,52.3731453],[4.8766727,52.3736134],[4.8766744,52.3736184],[4.8767869,52.3738385],[4.8768034,52.3738868],[4.8768104,52.3738976],[4.8768209,52.3739079],[4.8768299,52.3739138],[4.8768457,52.373918],[4.8768866,52.3739205],[4.8768827,52.3739377],[4.876879,52.3739555],[4.8768706,52.3739955],[4.8768559,52.3739946],[4.876849,52.3739966],[4.8768464,52.3740004],[4.8768467,52.3740101],[4.8769551,52.3742974],[4.8769886,52.3743821],[4.8781716,52.3762722],[4.8783383,52.3762334],[4.8777531,52.3752697],[4.877647,52.3751302],[4.8771045,52.3742718],[4.8770326,52.3740449],[4.877027,52.3740326]]]},"properties":{"class":"water","class_id":4}},{"type":"Feature","geometry":{"type":"Polygon","coordinates":[[[4.8793128,52.3777537],[4.8793063,52.3777494],[4.8792678,52.3776841],[4.8792224,52.3776196],[4.8792208,52.3776114],[4.8792027,52.3775827],[4.87908,52.3776392],[4.8790937,52.3776481],[4.879177,52.3777805],[4.8791786,52.3777869],[4.8791841,52.3778015],[4.8791804,52.3778136],[4.8791642,52.3778312],[4.8791595,52.3778419],[4.8791599,52.377852],[4.8791934,52.3778999],[4.8810318,52.3807739],[4.8812005,52.3807318],[4.8793128,52.3777537]]]},"properties":{"class":"water","class_id":4}},{"type":"Feature","geometry":{"type":"Polygon","coordinates":[[[4.9002347,52.3745177],[4.9001525,52.3745457],[4.9004695,52.3748481],[4.9005523,52.3749294],[4.9006093,52.3750058],[4.9006495,52.3750933],[4.9006617,52.3751526],[4.900748,52.3751446],[4.9007075,52.3750123],[4.9006514,52.3749172],[4.9005197,52.3747375],[4.9002684,52.3745054],[4.9002347,52.3745177]]]},"properties":{"class":"water","class_id":4}},{"type":"Feature","geometry":{"type":"Polygon","coordinates":[[[4.9018807,52.3730138],[4.901348,52.3733114],[4.9013074,52.3733373],[4.9013031,52.3733415],[4.901304,52.3733468],[4.9013332,52.3734096],[4.9013379,52.3734173],[4.9013535,52.3734197],[4.9013673,52.3734165],[4.901388,52.373407],[4.901459,52.3733675],[4.9019699,52.373073],[4.9018807,52.3730138]]]},"properties":{"class":"water","class_id":4}},{"type":"Feature","geometry":{"type":"Polygon","coordinates":[[[4.8937105,52.3789297],[4.8936463,52.3788709],[4.8936433,52.3788718],[4.8936411,52.3788723],[4.8936385,52.3788723],[4.8936359,52.3788716],[4.8936308,52.3788695],[4.8936269,52.3788686],[4.8936215,52.378868],[4.8936143,52.3788679],[4.8934464,52.3788952],[4.8923731,52.3791286],[4.8922667,52.3791488],[4.8923328,52.37926],[4.8924024,52.3792462],[4.8924076,52.3792529],[4.893545,52.3790001],[4.8936861,52.378952],[4.8936918,52.3789505],[4.893697,52.3789479],[4.8937019,52.3789442],[4.8937049,52.3789399],[4.8937058,52.3789332],[4.8937066,52.3789318],[4.8937105,52.3789297]]]},"properties":{"class":"water","class_id":4}},{"type":"Feature","geometry":{"type":"Polygon","coordinates":[[[4.8792027,52.3775827],[4.8783467,52.3762465],[4.8783383,52.3762334],[4.8781716,52.3762722],[4.8781806,52.3762856],[4.8783592,52.3765498],[4.8789485,52.3774919],[4.8790107,52.3775962],[4.87908,52.3776392],[4.8792027,52.3775827]]]},"properties":{"class":"water","class_id":4}},{"type":"Feature","geometry":{"type":"Polygon","coordinates":[[[4.8875622,52.3747791],[4.8868217,52.3750359],[4.8863784,52.3751977],[4.8863464,52.3751903],[4.8862436,52.3752255],[4.8862448,52.3752456],[4.8861234,52.3752876],[4.8861789,52.3753482],[4.8863044,52.3753084],[4.8868766,52.3751232],[4.8876558,52.3748727],[4.8877567,52.3748393],[4.887671,52.3747443],[4.8875622,52.3747791]]]},"properties":{"class":"water","class_id":4}},{"type":"Feature","geometry":{"type":"Polygon","coordinates":[[[4.9019336,52.3729906],[4.9019298,52.3729925],[4.9019036,52.3730079],[4.9018977,52.3730104],[4.9018909,52.3730083],[4.9018807,52.3730138],[4.9019699,52.373073],[4.9019874,52.3730641],[4.9020149,52.3730496],[4.9020475,52.3730321],[4.9019336,52.3729906]]]},"properties":{"class":"water","class_id":4}},{"type":"Feature","geometry":{"type":"Polygon","coordinates":[[[4.9000311,52.369435],[4.8999844,52.3694294],[4.8996496,52.3695941],[4.8991384,52.369692],[4.8990846,52.3696791],[4.8990364,52.3696383],[4.8990692,52.3696177],[4.8981218,52.368598],[4.8977984,52.3682516],[4.8977832,52.3682473],[4.8976176,52.368258],[4.8976157,52.368281],[4.8988923,52.3696535],[4.8989366,52.3696557],[4.8989742,52.3697001],[4.8989301,52.36971],[4.8981094,52.3698674],[4.8981079,52.3698924],[4.8981672,52.3699601],[4.8982088,52.369969],[4.8997229,52.369683],[4.8997836,52.3696643],[4.9000979,52.369495],[4.9000912,52.3694809],[4.9001766,52.3694434],[4.9001163,52.3693973],[4.9000311,52.369435]]]},"properties":{"class":"water","class_id":4}},{"type":"Feature","geometry":{"type":"Polygon","coordinates":[[[4.8919801,52.3771112],[4.8919788,52.3771472],[4.8928221,52.3779084],[4.893015,52.3780826],[4.8931421,52.3782051],[4.8937408,52.3787677],[4.893743,52.3787709],[4.8937451,52.3787756],[4.893747,52.3787939],[4.8937506,52.3788029],[4.8937554,52.3788107],[4.8937612,52.3788176],[4.8937623,52.3788195],[4.8937608,52.3788221],[4.8937572,52.3788239],[4.893822,52.3788825],[4.8938263,52.3788809],[4.8938323,52.3788811],[4.8938389,52.3788861],[4.8938471,52.3788888],[4.8938576,52.3788899],[4.8938718,52.3788879],[4.8939204,52.3788694],[4.8939278,52.3788434],[4.8939666,52.3788292],[4.8939767,52.3788361],[4.8939742,52.3788391],[4.8940665,52.3789024],[4.8940716,52.378901],[4.8940779,52.378905],[4.8940787,52.3789101],[4.8940293,52.3789382],[4.8941752,52.3790635],[4.894213,52.379049],[4.8942515,52.3790277],[4.8942669,52.3790292],[4.8943031,52.379053],[4.8943717,52.3790079],[4.894383,52.3790014],[4.8944474,52.3789452],[4.8942537,52.3787779],[4.8941765,52.37882],[4.8941836,52.3788565],[4.894149,52.3788649],[4.8940423,52.3787862],[4.8940719,52.3787714],[4.8941166,52.3787647],[4.8941809,52.3787151],[4.8941596,52.3786966],[4.8936499,52.3782558],[4.8925711,52.377266],[4.8923718,52.3770553],[4.8922838,52.3770223],[4.8919801,52.3771112]]]},"properties":{"class":"water","class_id":4}},{"type":"Feature","geometry":{"type":"Polygon","coordinates":[[[4.9014958,52.3741368],[4.9012043,52.3742317],[4.9012246,52.3742699],[4.9012128,52.3743011],[4.9011926,52.3743317],[4.9011556,52.3743531],[4.9011193,52.3743666],[4.9021398,52.3762821],[4.9022496,52.3762504],[4.902285,52.376305],[4.9022944,52.3763032],[4.9023362,52.3763732],[4.9023191,52.3763883],[4.9023365,52.3763985],[4.9024506,52.3763042],[4.9024136,52.3762855],[4.9024072,52.3762741],[4.9024108,52.3762653],[4.9024207,52.3762602],[4.9024326,52.3762584],[4.9024475,52.3762611],[4.9024738,52.3762726],[4.9024969,52.3762396],[4.9025069,52.3762251],[4.9025087,52.3762138],[4.9025086,52.3762056],[4.9024917,52.376166],[4.9014958,52.3741368]]]},"properties":{"class":"water","class_id":4}},{"type":"Feature","geometry":{"type":"Polygon","coordinates":[[[4.902311,52.3714578],[4.9022258,52.3712688],[4.9021918,52.3712485],[4.9017209,52.3709923],[4.9017121,52.3709893],[4.9016992,52.3709872],[4.901682,52.3709923],[4.9016395,52.3710361],[4.9016408,52.3710495],[4.9016448,52.371057],[4.9016507,52.371063],[4.9018485,52.3711625],[4.901943,52.371212],[4.9019733,52.3712349],[4.9020005,52.3712672],[4.9021916,52.371475],[4.9022092,52.3714951],[4.902311,52.3714578]]]},"properties":{"class":"water","class_id":4}},{"type":"Feature","geometry":{"type":"Polygon","coordinates":[[[4.8927852,52.3692195],[4.8930099,52.369164],[4.8931065,52.369172],[4.8932045,52.36918],[4.8934817,52.3692019],[4.8935344,52.3692527],[4.893569,52.3692801],[4.8938462,52.3692959],[4.8942261,52.3692995],[4.8944035,52.3692985],[4.8944582,52.3692753],[4.8946661,52.3692751],[4.8946662,52.3692774],[4.8948015,52.3692761],[4.8948251,52.369259],[4.8948624,52.3692328],[4.8948209,52.369194],[4.8947625,52.3691856],[4.8946077,52.3691766],[4.8945842,52.3691751],[4.8943378,52.3691909],[4.8938227,52.3691913],[4.893549,52.3691594],[4.8929147,52.3691067],[4.8927519,52.3690932],[4.8926997,52.3691905],[4.8927852,52.3692195]]]},"properties":{"class":"water","class_id":4}},{"type":"Feature","geometry":{"type":"Polygon","coordinates":[[[4.9011453,52.3733854],[4.9011318,52.373385],[4.9011249,52.3733823],[4.9011201,52.3733786],[4.9011671,52.3734752],[4.901168,52.3734705],[4.9011722,52.3734667],[4.901183,52.3734624],[4.9011453,52.3733854]]]},"properties":{"class":"water","class_id":4}},{"type":"Feature","geometry":{"type":"Polygon","coordinates":[[[4.8957923,52.3702179],[4.8950119,52.3693455],[4.8949577,52.3693376],[4.8948787,52.3693627],[4.8948996,52.36939],[4.8953307,52.3699101],[4.8955984,52.3702202],[4.895663,52.3702632],[4.8957923,52.3702179]]]},"properties":{"class":"water","class_id":4}},{"type":"Feature","geometry":{"type":"Polygon","coordinates":[[[4.8890366,52.3744611],[4.8890901,52.3744874],[4.8891636,52.3744913],[4.8893133,52.3744522],[4.8894395,52.3744192],[4.8895584,52.3743841],[4.8893563,52.3739571],[4.8891685,52.3735058],[4.8891305,52.3734048],[4.889107,52.3733825],[4.8890731,52.3733713],[4.8890365,52.3733686],[4.8887182,52.373384],[4.8886868,52.3733923],[4.8886652,52.3734121],[4.8887149,52.3735559],[4.8887864,52.3737672],[4.8888859,52.3740318],[4.8890366,52.3744611]]]},"properties":{"class":"water","class_id":4}},{"type":"Feature","geometry":{"type":"Polygon","coordinates":[[[4.8910329,52.3764772],[4.891147,52.3764327],[4.891097,52.3763852],[4.8909829,52.3764309],[4.8909303,52.3764347],[4.8901514,52.3767409],[4.8901433,52.3767693],[4.890037,52.3768144],[4.890078,52.3768586],[4.8901866,52.376818],[4.8902331,52.3768192],[4.8910074,52.3765089],[4.8910329,52.3764772]]]},"properties":{"class":"water","class_id":4}},{"type":"Feature","geometry":{"type":"Polygon","coordinates":[[[4.901304,52.3733468],[4.9012124,52.3733691],[4.9011453,52.3733854],[4.901183,52.3734624],[4.9012514,52.3734394],[4.9013332,52.3734096],[4.901304,52.3733468]]]},"properties":{"class":"water","class_id":4}},{"type":"Feature","geometry":{"type":"Polygon","coordinates":[[[4.8880895,52.3775194],[4.8880615,52.3774925],[4.8880319,52.3774641],[4.8880167,52.3774495],[4.8877457,52.3775374],[4.8877614,52.3775542],[4.8877859,52.3775802],[4.8878096,52.3776055],[4.8880895,52.3775194]]]},"properties":{"class":"water","class_id":4}},{"type":"Feature","geometry":{"type":"Polygon","coordinates":[[[4.889491,52.3748168],[4.8894726,52.3748458],[4.8894928,52.374895],[4.8910151,52.3762539],[4.8910532,52.3762626],[4.8910814,52.3763078],[4.8911011,52.3763388],[4.8914216,52.3762632],[4.8914039,52.3762351],[4.8913743,52.3761878],[4.8913837,52.376162],[4.8902518,52.3751262],[4.8898391,52.3747187],[4.8897942,52.3747009],[4.8897118,52.3747069],[4.8895987,52.3747632],[4.889491,52.3748168]]]},"properties":{"class":"water","class_id":4}},{"type":"Feature","geometry":{"type":"Polygon","coordinates":[[[4.8994077,52.3777326],[4.8994534,52.3777472],[4.8995685,52.3777729],[4.8996721,52.3777886],[4.8999471,52.3776848],[4.8999426,52.3776466],[4.8999282,52.377559],[4.8999167,52.377478],[4.8999769,52.3774723],[4.9005261,52.3774204],[4.9007442,52.377378],[4.9007767,52.3774331],[4.9009565,52.377581],[4.9009725,52.3775931],[4.9010114,52.3775976],[4.9010421,52.3776147],[4.9016285,52.3774006],[4.9017158,52.3773803],[4.901804,52.377361],[4.9019386,52.3773408],[4.901943,52.3773267],[4.9019597,52.377315],[4.9019839,52.3773096],[4.9019699,52.3772976],[4.901907,52.3771818],[4.9018861,52.3771857],[4.9018732,52.3771848],[4.901861,52.3771812],[4.901848,52.3771747],[4.9018331,52.3771613],[4.9018102,52.3771444],[4.9017849,52.3771302],[4.9017593,52.3771215],[4.9017381,52.3771157],[4.9017172,52.3771133],[4.9015043,52.3771005],[4.9013609,52.3770914],[4.9011965,52.3771033],[4.9010038,52.3771037],[4.9008273,52.3770885],[4.9006869,52.377071],[4.9005357,52.3770482],[4.9003728,52.3770133],[4.9002278,52.3769775],[4.8999449,52.376902],[4.8994883,52.3768545],[4.899093,52.3768146],[4.8990662,52.3768162],[4.8990479,52.3768237],[4.8990318,52.3768364],[4.899088,52.3768714],[4.8990963,52.3768766],[4.8991032,52.3768803],[4.8991083,52.376885],[4.8991112,52.3768903],[4.8991114,52.3768946],[4.8991098,52.3768988],[4.8991065,52.3769025],[4.8991018,52.3769057],[4.8990956,52.376908],[4.8990887,52.3769092],[4.8990814,52.3769093],[4.8990744,52.3769081],[4.8990682,52.3769058],[4.8990632,52.3769027],[4.8990491,52.3768936],[4.8990545,52.3768905],[4.8990077,52.3768617],[4.8990025,52.3768648],[4.8989926,52.3768587],[4.8989203,52.3769014],[4.8989305,52.3769077],[4.898926,52.3769105],[4.8989716,52.3769396],[4.8989772,52.3769367],[4.8989934,52.3769467],[4.8989981,52.3769506],[4.8990008,52.3769551],[4.8990014,52.3769599],[4.8989999,52.3769647],[4.8989962,52.3769689],[4.8989908,52.3769724],[4.8989835,52.3769749],[4.8989754,52.3769759],[4.8989672,52.3769755],[4.8989595,52.3769737],[4.898953,52.3769706],[4.8989373,52.376961],[4.8989408,52.3769584],[4.8988951,52.3769293],[4.8988909,52.376932],[4.8988799,52.3769251],[4.8988421,52.3769474],[4.8988073,52.3769679],[4.8988187,52.376975],[4.8988135,52.3769781],[4.89886,52.377007],[4.8988653,52.3770038],[4.8988825,52.3770146],[4.8988871,52.3770184],[4.8988897,52.377023],[4.8988901,52.3770277],[4.8988881,52.3770324],[4.8988841,52.3770365],[4.8988783,52.3770397],[4.8988716,52.3770414],[4.8988644,52.3770419],[4.8988572,52.3770413],[4.8988506,52.3770395],[4.898845,52.3770367],[4.8987727,52.3769883],[4.8986648,52.3770499],[4.8986447,52.3770664],[4.8986344,52.3770749],[4.8986174,52.3771022],[4.8986151,52.3771346],[4.8986174,52.3771656],[4.8986298,52.3771917],[4.8986585,52.3772197],[4.8986927,52.3772445],[4.8989274,52.3774147],[4.8989648,52.377402],[4.8990076,52.3774032],[4.8990431,52.3774178],[4.8990609,52.3774416],[4.8990557,52.3774675],[4.8990291,52.377488],[4.8990515,52.3775032],[4.8991117,52.377545],[4.8991212,52.377551],[4.8991586,52.3775773],[4.8992123,52.3776149],[4.8992219,52.377621],[4.8992824,52.3776638],[4.8993023,52.3776778],[4.8993316,52.3776686],[4.8993644,52.3776686],[4.8993936,52.3776776],[4.8994129,52.3776938],[4.899418,52.3777136],[4.8994077,52.3777326]]]},"properties":{"class":"water","class_id":4}},{"type":"Feature","geometry":{"type":"Polygon","coordinates":[[[4.9005711,52.3732727],[4.9010173,52.3741386],[4.9011567,52.3741421],[4.9011643,52.3741611],[4.901452,52.3740629],[4.9011671,52.3734752],[4.9011201,52.3733786],[4.9010361,52.3731954],[4.9009472,52.373207],[4.9005711,52.3732727]]]},"properties":{"class":"water","class_id":4}},{"type":"Feature","geometry":{"type":"Polygon","coordinates":[[[4.8778954,52.3784461],[4.8779298,52.3785003],[4.8779613,52.3785512],[4.8779688,52.3785628],[4.8779737,52.3785711],[4.8779881,52.3785943],[4.8780158,52.3786373],[4.8780301,52.3786596],[4.8780686,52.3787339],[4.878243,52.3790702],[4.8796055,52.3813056],[4.8796061,52.381315],[4.8796042,52.381325],[4.8795964,52.3813403],[4.8796092,52.3813437],[4.8796052,52.3813491],[4.8795253,52.3814591],[4.8795048,52.381468],[4.879404,52.3815615],[4.8793559,52.3816433],[4.8793229,52.3817129],[4.8793385,52.3817178],[4.8793441,52.3817273],[4.8793375,52.3817498],[4.8793719,52.3817599],[4.8793851,52.3817668],[4.8793804,52.3817783],[4.8793313,52.3818434],[4.879325,52.3818462],[4.8793163,52.3818465],[4.8792725,52.3818345],[4.8792387,52.3819425],[4.8792585,52.3819481],[4.8792632,52.381955],[4.8792573,52.3819717],[4.8792767,52.3819762],[4.879283,52.3819847],[4.8792687,52.3820318],[4.879383,52.3821138],[4.8795049,52.3822123],[4.87959,52.3822588],[4.8798456,52.3823579],[4.8800801,52.3824392],[4.8801971,52.3824953],[4.8802928,52.3825483],[4.8803419,52.3825867],[4.8803936,52.3826271],[4.8804888,52.3827193],[4.8806572,52.3829621],[4.8815226,52.3843258],[4.8818938,52.3848153],[4.8818989,52.3848321],[4.8818963,52.3848469],[4.8818826,52.3848559],[4.8818988,52.3848562],[4.881991,52.3848364],[4.8820015,52.3848384],[4.8820058,52.3848445],[4.8821132,52.3850134],[4.8822764,52.3849738],[4.8821669,52.3848047],[4.8821654,52.3847977],[4.8821783,52.3847922],[4.8822624,52.3847719],[4.8821238,52.3845866],[4.8821068,52.3845614],[4.8820949,52.3845354],[4.8820785,52.3844879],[4.8820757,52.3844744],[4.8816404,52.3837024],[4.8811865,52.3829717],[4.8807867,52.3823052],[4.880683,52.3821485],[4.8806563,52.3821082],[4.8797933,52.3818611],[4.8797841,52.381842],[4.879896,52.3816809],[4.8799677,52.3815777],[4.8799337,52.3815677],[4.8800122,52.3814581],[4.8800153,52.3814537],[4.8800521,52.3814616],[4.8801641,52.3813139],[4.8796338,52.3804406],[4.8792288,52.3797791],[4.8787864,52.3791172],[4.8784234,52.3785645],[4.8784099,52.3785426],[4.8783976,52.3785228],[4.8783811,52.3784963],[4.8783638,52.3784693],[4.8783552,52.3784563],[4.8783484,52.3784457],[4.8783088,52.3783847],[4.8782871,52.3783512],[4.8779035,52.3777355],[4.8776529,52.377335],[4.8769336,52.3762026],[4.8765962,52.3756647],[4.8765348,52.3755636],[4.8765286,52.3755534],[4.8761285,52.3749422],[4.8760835,52.3748788],[4.8760717,52.3748573],[4.8759781,52.3746861],[4.8759407,52.3746292],[4.8758536,52.3744941],[4.8758118,52.3744282],[4.875719,52.3741974],[4.8756046,52.374208],[4.875452,52.3742228],[4.8753601,52.3742419],[4.8753611,52.3742515],[4.8753256,52.3742848],[4.8753778,52.3744038],[4.8754019,52.3745069],[4.8754764,52.3746704],[4.8755849,52.3748472],[4.8758973,52.3753252],[4.8760261,52.3755479],[4.8763587,52.3760948],[4.877446,52.3778563],[4.8778388,52.3784205],[4.8778954,52.3784461]]]},"properties":{"class":"water","class_id":4}},{"type":"Feature","geometry":{"type":"Polygon","coordinates":[[[4.889926,52.3794958],[4.8899253,52.3794847],[4.8896279,52.3791571],[4.889243,52.3787412],[4.888801,52.3782557],[4.8881405,52.3775194],[4.8880895,52.3775194],[4.8878096,52.3776055],[4.8877981,52.3776324],[4.8882888,52.3781649],[4.8893113,52.3793046],[4.8895896,52.37961],[4.8896314,52.3796108],[4.889926,52.3794958]]]},"properties":{"class":"water","class_id":4}},{"type":"Feature","geometry":{"type":"Polygon","coordinates":[[[4.8806279,52.3757671],[4.8805826,52.3758396],[4.8805969,52.3758652],[4.880967,52.3759439],[4.8823278,52.37624],[4.8823612,52.3762269],[4.8824529,52.3762482],[4.8824982,52.3761721],[4.8824049,52.3761516],[4.8823912,52.3761312],[4.8806553,52.3757573],[4.8806279,52.3757671]]]},"properties":{"class":"water","class_id":4}},{"type":"Feature","geometry":{"type":"Polygon","coordinates":[[[4.8977783,52.3724025],[4.8977874,52.3724085],[4.8984865,52.3730465],[4.8988718,52.3734021],[4.8992063,52.3736959],[4.8993216,52.373666],[4.8993012,52.3736469],[4.8989737,52.3733595],[4.8986497,52.3730655],[4.8980038,52.3724842],[4.8978983,52.3723764],[4.8978888,52.3723666],[4.897881,52.3723601],[4.8978671,52.372345],[4.8978616,52.3723413],[4.8978558,52.3723376],[4.8978411,52.3723238],[4.8977123,52.3722139],[4.8969908,52.3715372],[4.896897,52.3715744],[4.8977359,52.3723667],[4.8977409,52.3723731],[4.8977452,52.372378],[4.8977783,52.3724025]]]},"properties":{"class":"water","class_id":4}},{"type":"Feature","geometry":{"type":"Polygon","coordinates":[[[4.892226,52.3769494],[4.8922334,52.3769144],[4.8918168,52.3765646],[4.8915364,52.3762895],[4.8914216,52.3762632],[4.8911011,52.3763388],[4.891097,52.3763852],[4.891147,52.3764327],[4.8918506,52.3770188],[4.8919116,52.3770345],[4.892226,52.3769494]]]},"properties":{"class":"water","class_id":4}},{"type":"Feature","geometry":{"type":"Polygon","coordinates":[[[4.8848743,52.3743666],[4.8849867,52.3743914],[4.8849,52.3744431],[4.8851713,52.3747672],[4.8856979,52.3753353],[4.8857356,52.3753815],[4.8857459,52.3754192],[4.8858039,52.3754773],[4.8858804,52.3754746],[4.8859487,52.3755515],[4.886233,52.3754507],[4.8861621,52.3753791],[4.8861789,52.3753482],[4.8861234,52.3752876],[4.8860364,52.3752278],[4.8855872,52.3747448],[4.8852745,52.3743821],[4.885241,52.3743091],[4.8852434,52.374247],[4.8852481,52.3741244],[4.8851589,52.3741164],[4.8850513,52.3741195],[4.8850478,52.3741275],[4.8850371,52.3741275],[4.8850331,52.3741199],[4.8849237,52.3741253],[4.8848804,52.3741281],[4.8848517,52.3741443],[4.8848575,52.3742493],[4.8848743,52.3743666]]]},"properties":{"class":"water","class_id":4}},{"type":"Feature","geometry":{"type":"Polygon","coordinates":[[[4.8869083,52.3723292],[4.8869148,52.3723672],[4.8869578,52.3727749],[4.8869929,52.3731858],[4.8869987,52.3732646],[4.887006,52.3732809],[4.8870291,52.3732924],[4.8870686,52.3732967],[4.887295,52.3732722],[4.8873234,52.3732613],[4.8873418,52.3732469],[4.8873484,52.3732294],[4.8873561,52.3731503],[4.8872569,52.3722997],[4.8872179,52.3722868],[4.8871911,52.3722886],[4.887184,52.37223],[4.8869848,52.3722395],[4.8869907,52.3722975],[4.8869594,52.3722989],[4.8869083,52.3723292]]]},"properties":{"class":"water","class_id":4}},{"type":"Feature","geometry":{"type":"Polygon","coordinates":[[[4.8881868,52.3748405],[4.8881756,52.3748426],[4.8878797,52.3749247],[4.8884705,52.3755981],[4.8892263,52.3763988],[4.8896388,52.3768315],[4.8896717,52.3768308],[4.8898916,52.3767534],[4.8899138,52.3767212],[4.8893585,52.3760826],[4.8891474,52.3759018],[4.8888686,52.3755981],[4.8881868,52.3748405]]]},"properties":{"class":"water","class_id":4}},{"type":"Feature","geometry":{"type":"Polygon","coordinates":[[[4.9016152,52.3709554],[4.9015754,52.3710012],[4.9016032,52.3710165],[4.9016059,52.3710181],[4.9016395,52.3710361],[4.901682,52.3709923],[4.9016152,52.3709554]]]},"properties":{"class":"water","class_id":4}},{"type":"Feature","geometry":{"type":"Polygon","coordinates":[[[4.8831809,52.3752029],[4.883172,52.3751952],[4.8831649,52.3751895],[4.8831501,52.3751851],[4.8812477,52.3747592],[4.8812234,52.3747713],[4.8811865,52.3748345],[4.8811946,52.3748542],[4.8830755,52.3752892],[4.8830994,52.3752915],[4.8831352,52.3752933],[4.8831588,52.3752917],[4.8831864,52.375287],[4.8832059,52.3752834],[4.883222,52.3752786],[4.8832314,52.3752736],[4.8832357,52.3752677],[4.8832333,52.3752602],[4.8832295,52.375256],[4.8832002,52.3752258],[4.8831809,52.3752029]]]},"properties":{"class":"water","class_id":4}},{"type":"Feature","geometry":{"type":"Polygon","coordinates":[[[4.8936353,52.3675603],[4.8936034,52.367584],[4.8935658,52.3675842],[4.8926101,52.3683593],[4.8925153,52.3684459],[4.8924455,52.3685342],[4.8922558,52.3688623],[4.8922149,52.3689483],[4.8921949,52.369022],[4.8922005,52.3690784],[4.8922099,52.3691035],[4.8922289,52.3691241],[4.89225,52.3691366],[4.8922796,52.3691464],[4.8925592,52.369168],[4.8925819,52.3691605],[4.8926207,52.3690686],[4.8926153,52.3690306],[4.8926689,52.3689529],[4.8927644,52.3688084],[4.8929118,52.3686087],[4.8930351,52.368468],[4.8938437,52.3677672],[4.8938102,52.3677424],[4.8938877,52.3676734],[4.8936353,52.3675603]]]},"properties":{"class":"water","class_id":4}},{"type":"Feature","geometry":{"type":"Polygon","coordinates":[[[4.8968073,52.3714685],[4.8968759,52.3714426],[4.896888,52.3714239],[4.8962121,52.3706746],[4.8958648,52.3702942],[4.8957287,52.3703379],[4.8964594,52.3711587],[4.896771,52.371465],[4.8968073,52.3714685]]]},"properties":{"class":"water","class_id":4}},{"type":"Feature","geometry":{"type":"Polygon","coordinates":[[[4.8849073,52.3738861],[4.8849237,52.3741253],[4.8850331,52.3741199],[4.8850098,52.3738841],[4.8850146,52.3738766],[4.885026,52.3738765],[4.8850306,52.3738832],[4.8850513,52.3741195],[4.8851589,52.3741164],[4.8851319,52.3738798],[4.8852022,52.3738574],[4.8852287,52.3738374],[4.8851242,52.3728931],[4.885095,52.3725428],[4.8850788,52.3723949],[4.8850587,52.3723862],[4.8850164,52.3723839],[4.8847409,52.3723938],[4.8846887,52.3724052],[4.8847059,52.3725658],[4.8847276,52.3728078],[4.8848294,52.3738469],[4.8849073,52.3738861]]]},"properties":{"class":"water","class_id":4}},{"type":"Feature","geometry":{"type":"Polygon","coordinates":[[[4.9012882,52.3704774],[4.9012396,52.3705412],[4.9013143,52.3705623],[4.9013624,52.3704973],[4.9012882,52.3704774]]]},"properties":{"class":"water","class_id":4}},{"type":"Feature","geometry":{"type":"Polygon","coordinates":[[[4.8958407,52.3696136],[4.8964064,52.3695198],[4.8963133,52.3692924],[4.8960919,52.3693205],[4.8960711,52.3693467],[4.8959914,52.3693571],[4.8959585,52.3693386],[4.8957289,52.3693649],[4.8958407,52.3696136]]]},"properties":{"class":"park","class_id":3}},{"type":"Feature","geometry":{"type":"Polygon","coordinates":[[[4.8956777,52.3696952],[4.8957574,52.3696781],[4.8957269,52.3696059],[4.8956152,52.3696197],[4.8956777,52.3696952]]]},"properties":{"class":"park","class_id":3}},{"type":"Feature","geometry":{"type":"Polygon","coordinates":[[[4.8972179,52.3709192],[4.8973702,52.3708793],[4.8975144,52.3708415],[4.8974489,52.3707476],[4.8973767,52.3706441],[4.8972273,52.3706788],[4.8970801,52.370713],[4.8971528,52.3708218],[4.8972179,52.3709192]]]},"properties":{"class":"park","class_id":3}},{"type":"Feature","geometry":{"type":"Polygon","coordinates":[[[4.8955528,52.3695337],[4.8954864,52.3694656],[4.8956006,52.3694485],[4.8956245,52.3695069],[4.8955807,52.3695118],[4.89559,52.3695264],[4.8955528,52.3695337]]]},"properties":{"class":"park","class_id":3}},{"type":"Feature","geometry":{"type":"Polygon","coordinates":[[[4.8964308,52.366063],[4.8964253,52.3661254],[4.8961647,52.3661256],[4.8961523,52.3661254],[4.8961391,52.3661239],[4.8961287,52.3661216],[4.8961175,52.3661184],[4.8961067,52.3661144],[4.8960965,52.3661091],[4.8960876,52.3661034],[4.896079,52.3660959],[4.8960718,52.3660864],[4.896068,52.3660781],[4.8960661,52.3660688],[4.8960666,52.3660522],[4.8964308,52.366063]]]},"properties":{"class":"park","class_id":3}},{"type":"Feature","geometry":{"type":"Polygon","coordinates":[[[4.8964989,52.366065],[4.8964946,52.3661252],[4.8971337,52.3661261],[4.8971501,52.3661253],[4.8971605,52.366124],[4.897174,52.3661219],[4.897191,52.3661176],[4.8972035,52.3661135],[4.8972135,52.3661094],[4.8972272,52.3661024],[4.8972395,52.3660943],[4.8972486,52.3660861],[4.8972573,52.366076],[4.8972632,52.3660658],[4.8972674,52.3660552],[4.8972689,52.3660472],[4.8972688,52.3660334],[4.8972669,52.3660247],[4.8972617,52.3660137],[4.8972566,52.3660052],[4.8972483,52.3659958],[4.8972395,52.365988],[4.897229,52.3659806],[4.8972176,52.3659743],[4.8972066,52.3659695],[4.8971945,52.3659651],[4.8971846,52.3659624],[4.8971741,52.36596],[4.8965131,52.3658721],[4.8965086,52.3659263],[4.8966963,52.3659315],[4.8966861,52.3660705],[4.8964989,52.366065]]]},"properties":{"class":"park","class_id":3}},{"type":"Feature","geometry":{"type":"Polygon","coordinates":[[[4.8891636,52.3744913],[4.8893133,52.3744522],[4.8894395,52.3744192],[4.8897118,52.3747069],[4.8895987,52.3747632],[4.889491,52.3748168],[4.8891636,52.3744913]]]},"properties":{"class":"water","class_id":4}},{"type":"Feature","geometry":{"type":"Polygon","coordinates":[[[4.8787951,52.3776083],[4.878815,52.3776422],[4.8788419,52.3776586],[4.8788808,52.3776651],[4.87908,52.3776392],[4.8790107,52.3775962],[4.8789485,52.3774919],[4.8788412,52.3775139],[4.8788858,52.3775879],[4.8787951,52.3776083]]]},"properties":{"class":"park","class_id":3}},{"type":"Feature","geometry":{"type":"Polygon","coordinates":[[[4.8789845,52.3779349],[4.8789532,52.377889],[4.8789745,52.3778545],[4.8790393,52.3778315],[4.8791517,52.3777969],[4.8791879,52.3777896],[4.8791973,52.3777863],[4.879155,52.3778473],[4.8791865,52.3778976],[4.8789845,52.3779349]]]},"properties":{"class":"park","class_id":3}},{"type":"Feature","geometry":{"type":"Polygon","coordinates":[[[4.8918326,52.3778851],[4.8919052,52.3779873],[4.8920725,52.3779276],[4.8919165,52.3777385],[4.8917407,52.3778001],[4.8918326,52.3778851]]]},"properties":{"class":"park","class_id":3}},{"type":"Feature","geometry":{"type":"Polygon","coordinates":[[[4.8832427,52.3685991],[4.8833806,52.3685947],[4.8833866,52.3686665],[4.8837385,52.3686554],[4.8837257,52.3685034],[4.8836549,52.3685057],[4.8836294,52.368204],[4.8835407,52.3682068],[4.8835532,52.3683556],[4.883223,52.368366],[4.8832427,52.3685991]]]},"properties":{"class":"park","class_id":3}},{"type":"Feature","geometry":{"type":"Polygon","coordinates":[[[4.8853183,52.3680759],[4.88554,52.3680672],[4.8855305,52.3679757],[4.8856307,52.3679718],[4.8856374,52.3680361],[4.885773,52.3680308],[4.8857653,52.3679567],[4.8859996,52.3679476],[4.8859891,52.3678465],[4.8858219,52.367853],[4.8858148,52.3677628],[4.8858284,52.3677512],[4.885825,52.3676433],[4.8856251,52.3676471],[4.8855275,52.3676498],[4.8855252,52.3676949],[4.8854564,52.3676976],[4.8854774,52.3676649],[4.8854724,52.3676651],[4.8854719,52.3676601],[4.8854703,52.3676453],[4.8854698,52.3676402],[4.885483,52.3676305],[4.8854844,52.3676086],[4.8854831,52.3675957],[4.8854744,52.3675916],[4.885473,52.3675795],[4.8855385,52.3675772],[4.8855191,52.3675717],[4.8854779,52.3675612],[4.8854399,52.3675487],[4.8854129,52.367529],[4.8853669,52.3674692],[4.8852262,52.3674743],[4.8852392,52.367592],[4.8852667,52.3675911],[4.885272,52.3676335],[4.8852738,52.367651],[4.8852801,52.3677102],[4.8852424,52.3677115],[4.8852494,52.3677659],[4.8852612,52.3678595],[4.8852703,52.3679147],[4.8853018,52.3679227],[4.8853183,52.3680759]]]},"properties":{"class":"park","class_id":3}},{"type":"Feature","geometry":{"type":"Polygon","coordinates":[[[4.8852932,52.3684637],[4.8854605,52.368455],[4.8854906,52.3684539],[4.8854797,52.3683533],[4.8854265,52.3683537],[4.8853555,52.368311],[4.8853488,52.368207],[4.8852863,52.3681907],[4.8850842,52.3681989],[4.885105,52.3683791],[4.8852802,52.36837],[4.8852932,52.3684637]]]},"properties":{"class":"park","class_id":3}},{"type":"Feature","geometry":{"type":"Polygon","coordinates":[[[4.8853359,52.3686542],[4.8854433,52.3686521],[4.88544,52.36859],[4.8858275,52.3685825],[4.885808,52.3682111],[4.8855928,52.3682153],[4.8856097,52.3685365],[4.88533,52.3685419],[4.8853359,52.3686542]]]},"properties":{"class":"park","class_id":3}},{"type":"Feature","geometry":{"type":"Polygon","coordinates":[[[4.885641,52.373519],[4.8857181,52.3735702],[4.8856965,52.3735824],[4.8857077,52.3735898],[4.8856858,52.3736021],[4.8856747,52.3735947],[4.8856531,52.3736069],[4.8856315,52.3736191],[4.8856427,52.3736265],[4.8855543,52.3736765],[4.8855431,52.3736691],[4.8855221,52.3736809],[4.8855403,52.373693],[4.8855134,52.3737082],[4.8855208,52.3737132],[4.8854972,52.3737265],[4.8854947,52.3736444],[4.8855236,52.3736433],[4.8855207,52.3736122],[4.8855956,52.3736096],[4.8855931,52.3735835],[4.8855873,52.3735209],[4.885641,52.373519]]]},"properties":{"class":"park","class_id":3}},{"type":"Feature","geometry":{"type":"Polygon","coordinates":[[[4.8989926,52.3768587],[4.8987233,52.3766923],[4.8986523,52.3767344],[4.8989203,52.3769014],[4.8989926,52.3768587]]]},"properties":{"class":"water","class_id":4}},{"type":"Feature","geometry":{"type":"Polygon","coordinates":[[[4.89854,52.376801],[4.8988073,52.3769679],[4.8988421,52.3769474],[4.8988799,52.3769251],[4.8986114,52.3767586],[4.8985756,52.3767799],[4.89854,52.376801]]]},"properties":{"class":"water","class_id":4}},{"type":"Feature","geometry":{"type":"Polygon","coordinates":[[[4.8987915,52.3777264],[4.8988361,52.3777575],[4.8988828,52.3777901],[4.8992123,52.3776149],[4.8991586,52.3775773],[4.8991212,52.377551],[4.8987915,52.3777264]]]},"properties":{"class":"water","class_id":4}},{"type":"Feature","geometry":{"type":"Polygon","coordinates":[[[4.8988905,52.3777955],[4.8989514,52.3778381],[4.8992824,52.3776638],[4.8992219,52.377621],[4.8988905,52.3777955]]]},"properties":{"class":"water","class_id":4}},{"type":"Feature","geometry":{"type":"Polygon","coordinates":[[[4.8987838,52.377721],[4.8987238,52.3776791],[4.8990515,52.3775032],[4.8991117,52.377545],[4.8987838,52.377721]]]},"properties":{"class":"water","class_id":4}},{"type":"Feature","geometry":{"type":"Polygon","coordinates":[[[4.892646,52.3653049],[4.8926683,52.3652982],[4.892669,52.3652867],[4.8926098,52.3651192],[4.892601,52.365108],[4.8925848,52.3651015],[4.8925638,52.3651002],[4.8921022,52.3651635],[4.8904335,52.3653854],[4.8902331,52.3655036],[4.8882956,52.3666027],[4.8882817,52.3666234],[4.8882807,52.3666511],[4.8882747,52.3666574],[4.8885375,52.3667409],[4.8886134,52.366718],[4.8906096,52.3655781],[4.892646,52.3653049]]]},"properties":{"class":"water","class_id":4}},{"type":"Feature","geometry":{"type":"Polygon","coordinates":[[[4.8788778,52.3733509],[4.8789788,52.3731836],[4.8791045,52.3732117],[4.8790012,52.3733804],[4.8788778,52.3733509]]]},"properties":{"class":"park","class_id":3}},{"type":"Feature","geometry":{"type":"Polygon","coordinates":[[[4.8884984,52.3803491],[4.8901129,52.3794416],[4.8922536,52.3790961],[4.8935907,52.3787982],[4.8918961,52.3771448],[4.8890159,52.374535],[4.888604,52.3735283],[4.8885511,52.3732874],[4.8883248,52.3726371],[4.8880639,52.3713633],[4.8878903,52.3703107],[4.887679,52.3690294],[4.8876564,52.3686179],[4.8891946,52.3674604],[4.8893807,52.3673199],[4.890092,52.3670707],[4.8906852,52.3669584],[4.8918163,52.366813],[4.8930495,52.3667923],[4.8934727,52.3667498],[4.8938215,52.3670632],[4.894806,52.3669686],[4.8957422,52.3669559],[4.8970646,52.3670329],[4.8989049,52.3669759],[4.9001237,52.3666136],[4.9003267,52.3662866],[4.9020186,52.3628445],[4.8961285,52.3617064],[4.8958529,52.3616898],[4.8880453,52.3627935],[4.8831607,52.3660269],[4.8826135,52.3666885],[4.8833216,52.3747194],[4.8838886,52.3753345],[4.8884984,52.3803491]]]},"properties":{"class":"residential","class_id":1}},{"type":"Feature","geometry":{"type":"Polygon","coordinates":[[[4.8835365,52.3854857],[4.8842113,52.3851846],[4.8849288,52.3847918],[4.8867571,52.3837644],[4.8884214,52.3828308],[4.8896362,52.3822806],[4.8897291,52.3821558],[4.8901607,52.3819033],[4.8932392,52.3803423],[4.8945452,52.3795849],[4.8938017,52.3789993],[4.8902551,52.3797642],[4.8888174,52.3804518],[4.8848049,52.382602],[4.8829912,52.3836333],[4.8828645,52.3838416],[4.8827728,52.3838938],[4.8822621,52.3841846],[4.8821356,52.3843987],[4.8831553,52.3856197],[4.8835365,52.3854857]]]},"properties":{"class":"residential","class_id":1}},{"type":"Feature","geometry":{"type":"Polygon","coordinates":[[[4.8656061,52.3603892],[4.8639887,52.3629444],[4.8668536,52.3636733],[4.8679856,52.3639557],[4.8680447,52.3639705],[4.8714158,52.3648116],[4.8738941,52.3656175],[4.8771932,52.3665051],[4.8784829,52.3657206],[4.8788369,52.364941],[4.8793423,52.3641593],[4.8760452,52.363046],[4.8693773,52.3612705],[4.8656061,52.3603892]]]},"properties":{"class":"residential","class_id":1}},{"type":"Feature","geometry":{"type":"Polygon","coordinates":[[[4.8882133,52.3805093],[4.8836435,52.3755578],[4.882989,52.3746867],[4.8829938,52.3741483],[4.8822594,52.3666296],[4.8824955,52.3662299],[4.8810943,52.3656012],[4.8803237,52.3653224],[4.8795229,52.3650784],[4.8792786,52.3654457],[4.8790622,52.3658172],[4.875055,52.3712806],[4.8747761,52.3723352],[4.8752696,52.3727151],[4.8757309,52.3733898],[4.8758758,52.3743133],[4.8816908,52.3837181],[4.8821307,52.3839276],[4.8854293,52.3820739],[4.8882133,52.3805093]]]},"properties":{"class":"residential","class_id":1}},{"type":"Feature","geometry":{"type":"Polygon","coordinates":[[[4.9082192,52.3702535],[4.903593,52.3684954],[4.9033822,52.3685972],[4.9029355,52.3682069],[4.9020042,52.368599],[4.9007607,52.3691082],[4.9002497,52.3693615],[4.8993101,52.3684735],[4.8982852,52.3675591],[4.896153,52.3675278],[4.8957614,52.3675897],[4.8959518,52.3679079],[4.8978369,52.3699477],[4.8997746,52.3719849],[4.9006996,52.3722347],[4.9013674,52.3734988],[4.901706,52.3743232],[4.9025806,52.3760418],[4.9029156,52.3759192],[4.9030439,52.3758905],[4.9029899,52.375734],[4.9024941,52.3743201],[4.9029447,52.3735636],[4.9042257,52.3728535],[4.9056101,52.3721023],[4.9056754,52.3721007],[4.9057513,52.3720592],[4.9063798,52.3717416],[4.9064054,52.3717076],[4.906861,52.3714764],[4.9069266,52.371422],[4.9071001,52.3712927],[4.9072773,52.3713697],[4.9075981,52.371177],[4.908232,52.3708481],[4.9086717,52.3706114],[4.9088222,52.3705301],[4.9088249,52.3705282],[4.9087715,52.3704905],[4.9086932,52.3704367],[4.9086786,52.3704306],[4.9082192,52.3702535]]]},"properties":{"class":"residential","class_id":1}},{"type":"Feature","geometry":{"type":"Polygon","coordinates":[[[4.9009987,52.3720587],[4.9011271,52.3721127],[4.9013816,52.3719733],[4.9011177,52.3718708],[4.9009987,52.3720587]]]},"properties":{"class":"park","class_id":3}},{"type":"Feature","geometry":{"type":"Polygon","coordinates":[[[4.8969813,52.3758354],[4.8970326,52.3758757],[4.8972056,52.3760025],[4.8972549,52.3760407],[4.8974392,52.37617],[4.8974868,52.3762078],[4.897594,52.3762895],[4.8976508,52.3763305],[4.8977444,52.3764005],[4.897799,52.3764413],[4.8978958,52.3765129],[4.8979519,52.3765558],[4.8982047,52.3767454],[4.8982369,52.3767283],[4.8983772,52.3768387],[4.8984162,52.3768364],[4.8984492,52.3768299],[4.8984883,52.3768152],[4.8984849,52.376813],[4.8984809,52.3768088],[4.8984791,52.376804],[4.8984797,52.3767992],[4.8984826,52.3767946],[4.8984876,52.3767908],[4.8984932,52.3767883],[4.8984997,52.3767869],[4.8985066,52.3767865],[4.8985134,52.3767872],[4.8985197,52.3767889],[4.898525,52.3767916],[4.89854,52.376801],[4.8985756,52.3767799],[4.8986114,52.3767586],[4.8985988,52.3767512],[4.8985894,52.3767426],[4.8985877,52.376738],[4.8985883,52.3767333],[4.8985909,52.3767289],[4.8985955,52.3767251],[4.8986037,52.3767213],[4.8986105,52.3767198],[4.8986176,52.3767194],[4.8986247,52.3767202],[4.8986313,52.376722],[4.8986369,52.3767248],[4.8986523,52.3767344],[4.8987233,52.3766923],[4.8987127,52.3766867],[4.8987043,52.3766801],[4.8986985,52.3766726],[4.8986983,52.3766681],[4.8987,52.3766637],[4.8987037,52.3766598],[4.8987121,52.3766556],[4.8987193,52.3766539],[4.898727,52.3766535],[4.8987346,52.3766545],[4.8987414,52.3766568],[4.8987443,52.376659],[4.8987479,52.3766615],[4.8987612,52.3766698],[4.8990006,52.3765203],[4.899005,52.376489],[4.8990523,52.3764633],[4.8990794,52.3764477],[4.8989734,52.3763804],[4.8989111,52.3763343],[4.898859,52.3762972],[4.8988038,52.3762571],[4.8986657,52.3761636],[4.898607,52.3761232],[4.8985722,52.376094],[4.8985314,52.376065],[4.8984736,52.3760215],[4.8984183,52.3759814],[4.8983725,52.3759507],[4.8982779,52.3758872],[4.898235,52.3758498],[4.8981957,52.3758156],[4.8980726,52.3757335],[4.8979626,52.375661],[4.8977594,52.3757388],[4.8977861,52.3757628],[4.8976902,52.3758031],[4.8973304,52.3754889],[4.8968241,52.3757256],[4.8969813,52.3758354]]]},"properties":{"class":"water","class_id":4}},{"type":"Feature","geometry":{"type":"Polygon","coordinates":[[[4.895507,52.3714737],[4.8952228,52.3711955],[4.8949873,52.3709276],[4.894916,52.3708174],[4.8948968,52.3707478],[4.8946085,52.3707769],[4.894681,52.3709063],[4.8948495,52.3710956],[4.8951412,52.3713807],[4.8953589,52.3716004],[4.8956257,52.3718038],[4.8956678,52.3718002],[4.895734,52.3717952],[4.8958154,52.3717669],[4.8958641,52.3717369],[4.8958726,52.3717312],[4.8955491,52.3714718],[4.8955318,52.3714747],[4.8955259,52.3714769],[4.895519,52.3714774],[4.8955124,52.3714763],[4.895507,52.3714737]]]},"properties":{"class":"water","class_id":4}},{"type":"Feature","geometry":{"type":"Polygon","coordinates":[[[4.8839517,52.3773138],[4.8844319,52.3774218],[4.884574,52.3771828],[4.8840859,52.377067],[4.8839517,52.3773138]]]},"properties":{"class":"residential","class_id":1}},{"type":"Feature","geometry":{"type":"Polygon","coordinates":[[[4.8960732,52.3676039],[4.8959522,52.3672724],[4.895978,52.3671847],[4.8958194,52.3671987],[4.895671,52.3672118],[4.8957664,52.3673092],[4.8958792,52.3676399],[4.8959798,52.3676177],[4.8960732,52.3676039]]]},"properties":{"class":"water","class_id":4}},{"type":"Feature","geometry":{"type":"Polygon","coordinates":[[[4.8868089,52.3660439],[4.8866569,52.3661372],[4.887875,52.3667253],[4.8880289,52.3666365],[4.8868089,52.3660439]]]},"properties":{"class":"commercial","class_id":2}},{"type":"Feature","geometry":{"type":"Polygon","coordinates":[[[4.8880184,52.3668013],[4.8882747,52.3666574],[4.8885375,52.3667409],[4.8884762,52.3667746],[4.8884107,52.3668106],[4.8883763,52.3668296],[4.8882582,52.3668946],[4.8880184,52.3668013]]]},"properties":{"class":"water","class_id":4}},{"type":"Feature","geometry":{"type":"Polygon","coordinates":[[[4.901452,52.3740629],[4.9014958,52.3741368],[4.9012043,52.3742317],[4.9011643,52.3741611],[4.901452,52.3740629]]]},"properties":{"class":"water","class_id":4}},{"type":"Feature","geometry":{"type":"Polygon","coordinates":[[[4.8798558,52.3717202],[4.8798233,52.3717119],[4.8798189,52.3717183],[4.8797875,52.3717643],[4.8798197,52.3717725],[4.8798527,52.371781],[4.8798612,52.3717685],[4.8800509,52.371817],[4.8800424,52.3718294],[4.8800761,52.371838],[4.8800983,52.3718056],[4.8801744,52.3718251],[4.8802505,52.3718446],[4.8803266,52.3718642],[4.8803456,52.3718363],[4.8804159,52.3718544],[4.8804097,52.3718635],[4.88048,52.3718815],[4.8804845,52.3718749],[4.8805551,52.371893],[4.8806156,52.3718048],[4.8805574,52.3717898],[4.8806218,52.3716958],[4.8804925,52.3716618],[4.8804276,52.3717565],[4.8803412,52.3717343],[4.8804354,52.3715969],[4.8804005,52.3715877],[4.8804228,52.3715551],[4.8803907,52.3715467],[4.8803633,52.3715395],[4.8803406,52.3715719],[4.8803052,52.3715629],[4.8802107,52.3717008],[4.8801759,52.3716919],[4.8801331,52.3717548],[4.8800384,52.3717305],[4.8798776,52.3716892],[4.8798558,52.3717202]]]},"properties":{"class":"park","class_id":3}},{"type":"Feature","geometry":{"type":"Polygon","coordinates":[[[4.9010891,52.3719507],[4.9012702,52.372021],[4.9013325,52.3719611],[4.9011515,52.3718908],[4.9010891,52.3719507]]]},"properties":{"class":"park","class_id":3}},{"type":"Feature","geometry":{"type":"Polygon","coordinates":[[[4.8999116,52.3701642],[4.8999169,52.3701631],[4.8999206,52.3701647],[4.8999275,52.3701683],[4.8999297,52.3701745],[4.8999281,52.3701768],[4.8999254,52.37018],[4.8999116,52.3701834],[4.8998944,52.3701685],[4.8999116,52.3701642]]]},"properties":{"class":"park","class_id":3}},{"type":"Feature","geometry":{"type":"Polygon","coordinates":[[[4.8778061,52.3736811],[4.8780639,52.373735],[4.8780804,52.3737119],[4.8778202,52.3736539],[4.8778061,52.3736811]]]},"properties":{"class":"residential","class_id":1}},{"type":"Feature","geometry":{"type":"Polygon","coordinates":[[[4.8795022,52.3646434],[4.8794952,52.3645608],[4.8795026,52.3644992],[4.8795186,52.364439],[4.8795475,52.3643899],[4.8796157,52.3642871],[4.8797227,52.3641848],[4.8798575,52.3641025],[4.8800389,52.3640345],[4.8802256,52.3639852],[4.880405,52.3639319],[4.8804833,52.363906],[4.8805647,52.3638749],[4.8806031,52.3638587],[4.8806401,52.3638413],[4.8807094,52.3638073],[4.8807741,52.3637734],[4.8808306,52.3637411],[4.8808676,52.3637176],[4.8808789,52.3637105],[4.8809449,52.3636659],[4.8810012,52.3636278],[4.880944,52.3635488],[4.8809533,52.3635415],[4.8810028,52.3635025],[4.8810122,52.3635064],[4.8810206,52.3634995],[4.8810115,52.3634947],[4.8810188,52.3634891],[4.8810275,52.3634824],[4.8811572,52.3634943],[4.8811561,52.3634912],[4.8812358,52.3634376],[4.8812375,52.3634319],[4.8812366,52.3634285],[4.8812329,52.3634249],[4.8812226,52.3634203],[4.8812286,52.3634144],[4.8810024,52.3633074],[4.8809976,52.3633117],[4.880987,52.3633067],[4.8809787,52.3633057],[4.8809707,52.3633071],[4.8808846,52.3633538],[4.8808792,52.363355],[4.8808452,52.3633811],[4.8808232,52.3633977],[4.8807857,52.363426],[4.8807458,52.3634563],[4.880742,52.3634559],[4.8807284,52.3634546],[4.880715,52.3634533],[4.8806866,52.3634505],[4.8804949,52.3635198],[4.8800324,52.3636878],[4.880006,52.3636974],[4.8799771,52.3637068],[4.87992,52.3637253],[4.8796833,52.363802],[4.8796872,52.3638063],[4.8796584,52.3638159],[4.8796303,52.3638226],[4.8795993,52.3638256],[4.8795601,52.3638251],[4.8795324,52.3638212],[4.8795112,52.3638167],[4.8795042,52.3638243],[4.8794914,52.363827],[4.8794873,52.3638259],[4.8794702,52.363845],[4.8794753,52.3638467],[4.879272,52.3640874],[4.8792669,52.3640854],[4.8792497,52.3641052],[4.8792543,52.3641068],[4.8792576,52.364114],[4.8791782,52.3642092],[4.8791631,52.3642101],[4.8790873,52.3642974],[4.8790599,52.3643574],[4.8790399,52.3644156],[4.8790265,52.3644723],[4.8790214,52.3645143],[4.8790187,52.3645683],[4.8790225,52.3646221],[4.8790241,52.3646805],[4.8790233,52.3647264],[4.8790182,52.3648013],[4.8789989,52.3649457],[4.8789733,52.3650647],[4.8789463,52.3651528],[4.8789148,52.3652397],[4.8788689,52.3653391],[4.8788241,52.3654217],[4.8787955,52.3654705],[4.8787647,52.3655189],[4.878723,52.365579],[4.8786788,52.3656375],[4.8786848,52.3656401],[4.8786515,52.3656795],[4.8786463,52.3656778],[4.8786063,52.3657236],[4.8785667,52.3657674],[4.8785428,52.3657923],[4.878503,52.365833],[4.8784686,52.3658658],[4.8784394,52.365893],[4.8784158,52.3659146],[4.8783367,52.3659725],[4.8782557,52.3660327],[4.8781765,52.3660908],[4.8781184,52.3661339],[4.8781262,52.3661393],[4.8781228,52.366143],[4.8780142,52.3662055],[4.8780094,52.3662097],[4.8780002,52.3662084],[4.8777666,52.3663407],[4.8776062,52.3664548],[4.8774829,52.3665605],[4.8774397,52.3665522],[4.8773762,52.366578],[4.8773126,52.3666607],[4.8772534,52.3667374],[4.8771893,52.3668208],[4.8771918,52.3668725],[4.8771699,52.3669195],[4.8771237,52.3670595],[4.8770872,52.3672565],[4.8770827,52.3674329],[4.8770768,52.3674865],[4.8770567,52.3676063],[4.876987,52.3678465],[4.87692,52.3679832],[4.8768628,52.3680774],[4.8767154,52.3682879],[4.8767143,52.368305],[4.8767189,52.3683189],[4.8767292,52.3683319],[4.8767483,52.3683445],[4.876766,52.3683512],[4.8767729,52.3683578],[4.8767681,52.3683678],[4.8765995,52.3686126],[4.8768067,52.3686658],[4.8769753,52.368421],[4.876981,52.3684126],[4.8769952,52.3684106],[4.8770108,52.368399],[4.8771136,52.36838],[4.8771526,52.3683326],[4.8772421,52.368206],[4.8773207,52.3681161],[4.8772613,52.3681007],[4.87766,52.3675264],[4.8775702,52.3675066],[4.8775407,52.3674961],[4.8775206,52.3674817],[4.8775131,52.3674597],[4.8775181,52.3674274],[4.8775941,52.3673073],[4.8775431,52.3672933],[4.8776704,52.3671194],[4.8776129,52.3671015],[4.8776016,52.367088],[4.8777189,52.3668868],[4.8778233,52.3667538],[4.8779255,52.3666579],[4.8780167,52.3665878],[4.8782623,52.3664372],[4.8783637,52.3663868],[4.8783689,52.3663743],[4.878365,52.3663604],[4.8784745,52.3662942],[4.8784796,52.3662907],[4.87849,52.3662946],[4.878499,52.3662964],[4.8785108,52.3662962],[4.8785212,52.3662937],[4.8785387,52.3662836],[4.8786843,52.3661861],[4.878761,52.3661291],[4.8788341,52.3660698],[4.8788874,52.3660238],[4.8789145,52.3659989],[4.8789383,52.3659772],[4.8790316,52.3658817],[4.8790751,52.3658319],[4.8791182,52.3657798],[4.879165,52.365717],[4.879207,52.3656551],[4.8792538,52.3655777],[4.8792939,52.3655025],[4.8793148,52.3654578],[4.8793339,52.365412],[4.8793531,52.3653617],[4.8793579,52.3653479],[4.8793637,52.3653366],[4.8793739,52.365322],[4.8795022,52.3646434]]]},"properties":{"class":"water","class_id":4}},{"type":"Feature","geometry":{"type":"Polygon","coordinates":[[[4.8977518,52.3785362],[4.8978393,52.378609],[4.8978435,52.3786082],[4.8978478,52.3786085],[4.8978517,52.3786097],[4.8978546,52.3786116],[4.8978561,52.3786142],[4.8978561,52.3786162],[4.8978552,52.3786181],[4.8978526,52.3786203],[4.8978963,52.3786583],[4.8979416,52.3786956],[4.8979456,52.3786949],[4.8979496,52.3786952],[4.8979531,52.3786963],[4.8979558,52.3786982],[4.8979572,52.3787005],[4.8979571,52.378703],[4.8979556,52.3787052],[4.8979536,52.3787067],[4.8979405,52.3787124],[4.8979863,52.3787495],[4.8979949,52.3787562],[4.8980047,52.3787623],[4.8980155,52.3787677],[4.8980272,52.3787723],[4.8980397,52.3787761],[4.8980528,52.3787791],[4.8980664,52.3787812],[4.8980802,52.3787823],[4.8980942,52.3787825],[4.8981081,52.3787818],[4.8981218,52.3787801],[4.8981352,52.3787775],[4.8981479,52.3787741],[4.89816,52.3787698],[4.8981712,52.3787647],[4.8981815,52.3787589],[4.8986955,52.3784074],[4.8987474,52.3783721],[4.8987951,52.3783347],[4.8988384,52.3782953],[4.8988771,52.3782542],[4.8989117,52.3782127],[4.8989413,52.3781683],[4.8989658,52.3781221],[4.8989827,52.3780769],[4.8990043,52.3780051],[4.8990058,52.3779982],[4.8990067,52.3779912],[4.8990063,52.3779842],[4.8990046,52.3779773],[4.8990015,52.3779705],[4.8989972,52.3779641],[4.8989916,52.3779579],[4.8989849,52.3779522],[4.8988929,52.3778886],[4.8988901,52.3778867],[4.8988879,52.3778844],[4.8988865,52.377882],[4.8988859,52.3778795],[4.898886,52.3778769],[4.898887,52.3778744],[4.8988887,52.3778721],[4.8988911,52.37787],[4.8989514,52.3778381],[4.8988905,52.3777955],[4.8988828,52.3777901],[4.8988361,52.3777575],[4.8987915,52.3777264],[4.8987838,52.377721],[4.8987238,52.3776791],[4.8986678,52.3777098],[4.8986634,52.3777114],[4.8986586,52.3777126],[4.8986536,52.377713],[4.8986485,52.3777127],[4.8986437,52.3777116],[4.8986394,52.3777099],[4.8986363,52.3777079],[4.898476,52.3775945],[4.8984624,52.3775844],[4.8984471,52.3775751],[4.8984304,52.3775669],[4.8984124,52.3775597],[4.8983933,52.3775537],[4.8983733,52.377549],[4.8983525,52.3775455],[4.8983313,52.3775433],[4.8983099,52.3775424],[4.8982884,52.3775429],[4.8982671,52.3775448],[4.8982463,52.3775479],[4.898226,52.3775523],[4.8982067,52.377558],[4.8981883,52.3775649],[4.8981717,52.3775732],[4.8981264,52.3775933],[4.8980823,52.3776142],[4.8980394,52.3776361],[4.8979978,52.3776589],[4.8979574,52.3776825],[4.8979185,52.377707],[4.8978809,52.3777322],[4.8978448,52.3777583],[4.8978212,52.3777754],[4.8978021,52.3777893],[4.8977613,52.3778213],[4.8977218,52.3778539],[4.8976836,52.3778871],[4.8976467,52.3779208],[4.8976111,52.377955],[4.897577,52.3779898],[4.8975442,52.3780251],[4.8975352,52.3780351],[4.8975298,52.378046],[4.8975267,52.3780573],[4.8975258,52.3780687],[4.8975273,52.3780801],[4.897531,52.3780913],[4.8975369,52.3781021],[4.897545,52.3781125],[4.8979344,52.3784415],[4.8979364,52.3784448],[4.897936,52.3784481],[4.8979335,52.3784512],[4.8979304,52.378453],[4.8977546,52.3785281],[4.8977555,52.3785299],[4.8977554,52.3785324],[4.8977539,52.3785347],[4.8977518,52.3785362]]]},"properties":{"class":"water","class_id":4}},{"type":"Feature","geometry":{"type":"Polygon","coordinates":[[[4.8908107,52.371389],[4.8907714,52.371483],[4.8907233,52.3715496],[4.8907129,52.3715597],[4.8906896,52.3715823],[4.8906431,52.3716029],[4.8905975,52.3716058],[4.8905398,52.3715975],[4.8904869,52.3715701],[4.8904532,52.3715373],[4.8904444,52.3714884],[4.8904468,52.3714184],[4.890462,52.3714047],[4.8905991,52.37139],[4.8906187,52.3713888],[4.8906329,52.3713879],[4.8906735,52.3713854],[4.8906945,52.3713841],[4.8907089,52.3713832],[4.8908107,52.371389]]]},"properties":{"class":"park","class_id":3}},{"type":"Feature","geometry":{"type":"Polygon","coordinates":[[[4.8908131,52.3712178],[4.8908227,52.3712682],[4.8908227,52.3713147],[4.8908163,52.3713646],[4.8907834,52.3713608],[4.8907605,52.3713582],[4.8906937,52.3713505],[4.8906821,52.3713491],[4.8906574,52.3713463],[4.8906144,52.3713413],[4.8905968,52.3713393],[4.890438,52.371321],[4.8904219,52.3713137],[4.8904171,52.371299],[4.8904243,52.3712868],[4.8905539,52.3712561],[4.8905685,52.3712526],[4.890604,52.3712442],[4.8906199,52.3712404],[4.8906496,52.3712334],[4.8906793,52.3712306],[4.8907172,52.3712269],[4.8908131,52.3712178]]]},"properties":{"class":"park","class_id":3}},{"type":"Feature","geometry":{"type":"Polygon","coordinates":[[[4.8906351,52.3709555],[4.8906993,52.3710122],[4.8907786,52.3711204],[4.8907864,52.3711399],[4.8908083,52.3711948],[4.8906536,52.3712075],[4.8906072,52.3712177],[4.8905908,52.3712213],[4.8905538,52.3712295],[4.8905402,52.3712325],[4.8904227,52.3712584],[4.8903987,52.3712535],[4.8903843,52.3712148],[4.8903466,52.3711047],[4.8903346,52.3710724],[4.8903514,52.3710558],[4.8904165,52.3710263],[4.8904229,52.3710234],[4.890442,52.3710147],[4.8904568,52.3710096],[4.8904699,52.3710051],[4.8905622,52.3709731],[4.8906351,52.3709555]]]},"properties":{"class":"park","class_id":3}},{"type":"Feature","geometry":{"type":"Polygon","coordinates":[[[4.8901157,52.3706711],[4.8901686,52.3707671],[4.8903201,52.3709711],[4.8903434,52.370979],[4.8903758,52.3709732],[4.8903895,52.3709708],[4.890428,52.3709639],[4.8904481,52.3709603],[4.8906071,52.370932],[4.8904764,52.3708204],[4.8903394,52.3707264],[4.890256,52.3706756],[4.8902366,52.3706692],[4.8902175,52.3706628],[4.8901799,52.3706594],[4.8901478,52.3706614],[4.8901157,52.3706711]]]},"properties":{"class":"park","class_id":3}},{"type":"Feature","geometry":{"type":"Polygon","coordinates":[[[4.8804081,52.3724298],[4.8804359,52.3724376],[4.8804416,52.3724427],[4.8804472,52.3724543],[4.8804538,52.3724698],[4.8804538,52.3724833],[4.8801992,52.3724171],[4.8801864,52.3724214],[4.8801713,52.3724165],[4.8801723,52.3723805],[4.8802614,52.372253],[4.8803015,52.3721974],[4.8803588,52.3722127],[4.8803536,52.3722222],[4.8803515,52.3722275],[4.8803562,52.3722347],[4.8803647,52.372239],[4.8803744,52.37224],[4.8803852,52.3722393],[4.8803937,52.3722369],[4.8804031,52.3722235],[4.8806194,52.3722809],[4.8806241,52.3722916],[4.8806321,52.3723011],[4.8806415,52.3723063],[4.8806528,52.3723129],[4.8806368,52.3723342],[4.8806236,52.3723394],[4.8806137,52.3723454],[4.880608,52.3723581],[4.8806085,52.3723682],[4.8806113,52.3723736],[4.8806047,52.3723831],[4.8805948,52.3723863],[4.8805779,52.372399],[4.8805717,52.372407],[4.8805708,52.3724157],[4.8805727,52.3724252],[4.8805684,52.3724329],[4.8805269,52.3724217],[4.8805147,52.3724183],[4.8805081,52.3723912],[4.8805142,52.3723846],[4.8805279,52.3723823],[4.8805463,52.372382],[4.8805467,52.3723739],[4.8805335,52.3723736],[4.8805227,52.3723687],[4.8805161,52.3723535],[4.8804982,52.3723192],[4.8804868,52.3723022],[4.8804703,52.3722858],[4.8804505,52.3722749],[4.8804288,52.3722639],[4.8803996,52.3722567],[4.8803633,52.3722501],[4.8803454,52.3722487],[4.8803355,52.3722495],[4.8803147,52.3722694],[4.8802595,52.3723569],[4.8802595,52.372363],[4.8802718,52.3723754],[4.8802977,52.3723961],[4.8803175,52.372407],[4.880343,52.3724154],[4.8804081,52.3724298]]]},"properties":{"class":"park","class_id":3}},{"type":"Feature","geometry":{"type":"Polygon","coordinates":[[[4.8994224,52.3747025],[4.899485,52.3747647],[4.8995396,52.374752],[4.8995091,52.3747212],[4.8994778,52.3746896],[4.8994224,52.3747025]]]},"properties":{"class":"water","class_id":4}},{"type":"Feature","geometry":{"type":"Polygon","coordinates":[[[4.8993283,52.3747245],[4.8993899,52.3747868],[4.8994673,52.3747689],[4.8994048,52.3747066],[4.8993283,52.3747245]]]},"properties":{"class":"water","class_id":4}},{"type":"Feature","geometry":{"type":"Polygon","coordinates":[[[4.8992553,52.3747416],[4.8992869,52.3747728],[4.8993182,52.3748035],[4.8993736,52.3747906],[4.8993106,52.3747287],[4.8992553,52.3747416]]]},"properties":{"class":"water","class_id":4}},{"type":"Feature","geometry":{"type":"Polygon","coordinates":[[[4.8817832,52.3787169],[4.8819717,52.3787407],[4.8820038,52.378636],[4.8818115,52.3786154],[4.8817832,52.3787169]]]},"properties":{"class":"park","class_id":3}},{"type":"Feature","geometry":{"type":"Polygon","coordinates":[[[4.8816186,52.3787013],[4.8814276,52.3786801],[4.8814575,52.378569],[4.8816495,52.3785883],[4.8816186,52.3787013]]]},"properties":{"class":"park","class_id":3}},{"type":"Feature","geometry":{"type":"Polygon","coordinates":[[[4.895376,52.3741846],[4.8953808,52.3741829],[4.8953861,52.3741819],[4.8953917,52.3741818],[4.8953972,52.3741824],[4.8954022,52.3741839],[4.8954066,52.374186],[4.89541,52.3741887],[4.8954122,52.3741918],[4.8954131,52.3741952],[4.8954127,52.3741986],[4.895411,52.3742018],[4.895408,52.3742047],[4.895404,52.3742071],[4.8953992,52.3742088],[4.8953939,52.3742098],[4.8953883,52.3742099],[4.8953828,52.3742093],[4.8953778,52.3742079],[4.8953734,52.3742057],[4.89537,52.374203],[4.8953678,52.3741999],[4.8953669,52.3741965],[4.8953673,52.3741931],[4.895369,52.3741899],[4.895372,52.374187],[4.895376,52.3741846]]]},"properties":{"class":"water","class_id":4}},{"type":"Feature","geometry":{"type":"Polygon","coordinates":[[[4.8950695,52.3743271],[4.8950744,52.3743253],[4.8950797,52.3743244],[4.8950853,52.3743242],[4.8950908,52.3743249],[4.8950958,52.3743263],[4.8951002,52.3743284],[4.8951035,52.3743312],[4.8951058,52.3743343],[4.8951067,52.3743376],[4.8951063,52.374341],[4.8951046,52.3743443],[4.8951016,52.3743472],[4.8950976,52.3743495],[4.8950928,52.3743513],[4.8950874,52.3743522],[4.8950819,52.3743524],[4.8950764,52.3743517],[4.8950713,52.3743503],[4.895067,52.3743482],[4.8950636,52.3743455],[4.8950614,52.3743423],[4.8950605,52.374339],[4.8950609,52.3743356],[4.8950626,52.3743323],[4.8950655,52.3743294],[4.8950695,52.3743271]]]},"properties":{"class":"water","class_id":4}},{"type":"Feature","geometry":{"type":"Polygon","coordinates":[[[4.9011931,52.3666694],[4.901195,52.3666669],[4.9012028,52.3666512],[4.9012066,52.3666351],[4.9012064,52.3666187],[4.9012022,52.3666026],[4.901194,52.366587],[4.9011821,52.3665723],[4.9011636,52.3665566],[4.9004565,52.3663882],[4.9003807,52.3664027],[4.9003406,52.3664212],[4.9003098,52.3664469],[4.9002282,52.3665515],[4.9002015,52.3665832],[4.9001585,52.3666042],[4.9000669,52.3666367],[4.8996479,52.366763],[4.8994261,52.3668497],[4.8993623,52.3668747],[4.8990992,52.3669686],[4.8990194,52.3669884],[4.8989357,52.3669918],[4.8976807,52.3670683],[4.8973671,52.3671175],[4.8971278,52.3671526],[4.8966838,52.3670894],[4.8964117,52.367074],[4.8960877,52.3670632],[4.8960689,52.3671455],[4.8960145,52.3671411],[4.895978,52.3671847],[4.8959522,52.3672724],[4.8960732,52.3676039],[4.8960913,52.3676381],[4.8962501,52.3676447],[4.8967583,52.3676761],[4.8969396,52.3676853],[4.8971297,52.3676986],[4.8971698,52.3677688],[4.8973501,52.3679796],[4.8975627,52.368215],[4.8977355,52.3682059],[4.8977347,52.3681814],[4.8974723,52.3679007],[4.8973706,52.3677951],[4.8973517,52.3677116],[4.8973496,52.3677052],[4.8973485,52.3677002],[4.8973899,52.367693],[4.8974453,52.3676837],[4.8974726,52.3676819],[4.898171,52.3676124],[4.8984577,52.3678764],[4.8986575,52.3680361],[4.8986756,52.3680954],[4.898822,52.3680953],[4.8991205,52.3680372],[4.8991586,52.3680227],[4.8991773,52.3680149],[4.8991861,52.3680108],[4.8988182,52.3676827],[4.8988026,52.3676686],[4.8987913,52.3676525],[4.8987852,52.3676354],[4.8987844,52.3676179],[4.898789,52.3676006],[4.8987989,52.3675842],[4.8988136,52.3675692],[4.8988329,52.367556],[4.8989454,52.3675111],[4.89896,52.3675064],[4.8989762,52.3675034],[4.8989931,52.3675026],[4.89901,52.3675037],[4.8990261,52.367507],[4.8990408,52.3675121],[4.8990535,52.367519],[4.8990635,52.3675271],[4.8990657,52.3675294],[4.9011054,52.3667257],[4.9011293,52.3667173],[4.9011502,52.3667072],[4.9011684,52.3666952],[4.9011835,52.3666816],[4.9011854,52.3666792],[4.901183,52.3666772],[4.9011822,52.3666748],[4.9011831,52.3666725],[4.9011855,52.3666706],[4.901189,52.3666695],[4.9011931,52.3666694]]]},"properties":{"class":"water","class_id":4}},{"type":"Feature","geometry":{"type":"Polygon","coordinates":[[[4.878855,52.3783279],[4.8788021,52.3782481],[4.8788182,52.3782149],[4.8788795,52.3781989],[4.8789892,52.3783439],[4.8789221,52.3783312],[4.878855,52.3783279]]]},"properties":{"class":"park","class_id":3}},{"type":"Feature","geometry":{"type":"Polygon","coordinates":[[[4.8901337,52.3706587],[4.8901834,52.3706534],[4.8902162,52.3706567],[4.8902652,52.3706763],[4.8904677,52.3708147],[4.890634,52.3709551],[4.8906983,52.3710137],[4.8907768,52.3711218],[4.890809,52.3711938],[4.8908224,52.3712675],[4.8908224,52.3713187],[4.8908177,52.3713637],[4.8907875,52.3714456],[4.8907667,52.3714845],[4.8907265,52.3715471],[4.890695,52.3715783],[4.8906454,52.3716016],[4.8905957,52.371604],[4.8905394,52.3715946],[4.8904871,52.3715688],[4.8904583,52.371532],[4.8904469,52.3714505],[4.8904187,52.3713027],[4.8903939,52.3712405],[4.8903289,52.3710702],[4.8903181,52.3709687],[4.8901646,52.3707664],[4.890113,52.3706694],[4.8901337,52.3706587]]]},"properties":{"class":"park","class_id":3}},{"type":"Feature","geometry":{"type":"Polygon","coordinates":[[[4.8823812,52.3796306],[4.8823772,52.3796085],[4.8823651,52.3795971],[4.8823436,52.3795905],[4.8823115,52.379584],[4.8822873,52.3795741],[4.8822444,52.3795668],[4.8821827,52.3795586],[4.882121,52.379561],[4.8820741,52.3795676],[4.8820513,52.3795758],[4.8820258,52.3795766],[4.8818984,52.3795594],[4.8818595,52.3795537],[4.881838,52.3795324],[4.8818327,52.379516],[4.8818461,52.3794882],[4.8818662,52.3794644],[4.8819091,52.379444],[4.8819467,52.3794374],[4.8819909,52.3794276],[4.8820312,52.3794137],[4.882058,52.3793899],[4.8820566,52.3793834],[4.8820258,52.3793777],[4.8819963,52.3793646],[4.8819708,52.379349],[4.8819668,52.379331],[4.8819681,52.3793179],[4.8819748,52.3793007],[4.8819976,52.3792729],[4.882003,52.3792532],[4.8820017,52.3792221],[4.881995,52.3791959],[4.8819923,52.3791673],[4.8819909,52.3791476],[4.882003,52.3791247],[4.8820097,52.3790936],[4.8820245,52.3790698],[4.8820419,52.3790535],[4.882058,52.3790404],[4.8820996,52.3790297],[4.882117,52.3790142],[4.8821237,52.3789921],[4.8821344,52.3789593],[4.8820057,52.3789413],[4.881767,52.3795512],[4.8823812,52.3796306]]]},"properties":{"class":"park","class_id":3}},{"type":"Feature","geometry":{"type":"Polygon","coordinates":[[[4.8825813,52.3793823],[4.882533,52.379361],[4.8824982,52.3793324],[4.8824888,52.3792988],[4.8824901,52.3792669],[4.8825102,52.3792358],[4.8825585,52.3792112],[4.8825746,52.3791932],[4.8825545,52.3791596],[4.8825438,52.3791203],[4.8825263,52.3790974],[4.8824982,52.3790818],[4.8824696,52.379078],[4.8824376,52.3790887],[4.8824038,52.3790957],[4.882352,52.3790921],[4.8822912,52.3790862],[4.8822399,52.3790725],[4.8822077,52.3790565],[4.8821897,52.3790393],[4.8821548,52.379027],[4.8821414,52.3790057],[4.8821468,52.3789852],[4.8821562,52.378964],[4.8828468,52.3790548],[4.8826993,52.3794036],[4.8826376,52.3793995],[4.8825813,52.3793823]]]},"properties":{"class":"park","class_id":3}},{"type":"Feature","geometry":{"type":"Polygon","coordinates":[[[4.8852625,52.3677057],[4.8854564,52.3676976],[4.8854732,52.3676714],[4.8854774,52.3676649],[4.8854864,52.3676509],[4.8854783,52.3676453],[4.885478,52.3676402],[4.8854956,52.3676308],[4.8854949,52.367622],[4.8854943,52.3676138],[4.8854931,52.3675979],[4.8854766,52.3675845],[4.8852667,52.3675911],[4.8852392,52.367592],[4.88524,52.367601],[4.8852406,52.3676074],[4.8852409,52.3676108],[4.8852343,52.3676112],[4.8852264,52.3676116],[4.8852151,52.3676122],[4.8852195,52.3676557],[4.8852556,52.3676543],[4.8852559,52.3676583],[4.8852563,52.3676636],[4.8852568,52.3676711],[4.8852224,52.3676726],[4.8852241,52.3676913],[4.8852308,52.367691],[4.8852303,52.3676855],[4.8852597,52.3676837],[4.8852625,52.3677057]]]},"properties":{"class":"park","class_id":3}},{"type":"Feature","geometry":{"type":"Polygon","coordinates":[[[4.8853053,52.3676918],[4.8853315,52.367691],[4.8853303,52.3676794],[4.8853045,52.3676801],[4.8853053,52.3676918]]]},"properties":{"class":"water","class_id":4}},{"type":"Feature","geometry":{"type":"Polygon","coordinates":[[[4.8853025,52.3676658],[4.8853807,52.3676636],[4.8853785,52.367648],[4.8853507,52.3676489],[4.8853495,52.367629],[4.8853001,52.3676311],[4.8853025,52.3676658]]]},"properties":{"class":"park","class_id":3}},{"type":"Feature","geometry":{"type":"Polygon","coordinates":[[[4.885409,52.3676625],[4.8854719,52.3676601],[4.8854781,52.3676532],[4.8854703,52.3676453],[4.8854698,52.3676402],[4.885483,52.3676305],[4.8854833,52.3676256],[4.8854422,52.3676265],[4.8854432,52.3676457],[4.8854064,52.3676467],[4.885409,52.3676625]]]},"properties":{"class":"park","class_id":3}},{"type":"Feature","geometry":{"type":"Polygon","coordinates":[[[4.8852438,52.3675853],[4.885473,52.3675795],[4.8854744,52.3675916],[4.8852456,52.3675968],[4.8852438,52.3675853]]]},"properties":{"class":"park","class_id":3}},{"type":"Feature","geometry":{"type":"Polygon","coordinates":[[[4.8836463,52.3682311],[4.8837425,52.3682267],[4.8837409,52.3681845],[4.8836704,52.368187],[4.8836604,52.3680679],[4.8835943,52.3680706],[4.8836039,52.3681983],[4.8836422,52.3681968],[4.8836463,52.3682311]]]},"properties":{"class":"park","class_id":3}},{"type":"Feature","geometry":{"type":"Polygon","coordinates":[[[4.8834894,52.3680363],[4.8836869,52.3680304],[4.8836835,52.3679756],[4.8837344,52.3679705],[4.8837307,52.3679326],[4.883556,52.3679396],[4.883537,52.3678295],[4.8834674,52.3678289],[4.8834703,52.3678518],[4.8833315,52.3678551],[4.8833245,52.367824],[4.8832425,52.3678276],[4.8832644,52.3679621],[4.8833851,52.3679561],[4.8833817,52.3679296],[4.8835202,52.3679238],[4.8835287,52.3679948],[4.8834888,52.3679963],[4.8834894,52.3680363]]]},"properties":{"class":"park","class_id":3}},{"type":"Feature","geometry":{"type":"Polygon","coordinates":[[[4.8864707,52.3671253],[4.8867102,52.3669951],[4.8866929,52.3669858],[4.8867279,52.3669623],[4.8867642,52.3669806],[4.8869094,52.3668943],[4.8868894,52.3668812],[4.8869843,52.3668237],[4.8870064,52.3668371],[4.8870423,52.366816],[4.8870143,52.3667995],[4.8872669,52.3666587],[4.887094,52.3665863],[4.8870164,52.3666276],[4.8869713,52.3665949],[4.8869102,52.3666264],[4.8869565,52.3666597],[4.8868308,52.3667307],[4.8868429,52.3667366],[4.8863867,52.3669886],[4.8863752,52.3669947],[4.8862899,52.3669353],[4.8862823,52.3669419],[4.8862575,52.3669418],[4.8861801,52.3669115],[4.8862139,52.3668702],[4.8861587,52.3668326],[4.8861381,52.3668547],[4.8860751,52.3668133],[4.8860302,52.3668416],[4.886071,52.366867],[4.8859422,52.3669374],[4.8860724,52.3669811],[4.8861171,52.3669494],[4.8861894,52.3669703],[4.8862463,52.3669877],[4.8862033,52.3670306],[4.8863094,52.367059],[4.8863338,52.3670287],[4.8864221,52.3670565],[4.8863882,52.3670734],[4.8864707,52.3671253]]]},"properties":{"class":"park","class_id":3}},{"type":"Feature","geometry":{"type":"Polygon","coordinates":[[[4.8862915,52.3669153],[4.8867149,52.3666887],[4.886701,52.3666816],[4.8868636,52.3666003],[4.8869102,52.3666264],[4.8869713,52.3665949],[4.8869531,52.366584],[4.8870086,52.3665427],[4.8867819,52.36644],[4.8864315,52.3666493],[4.8863526,52.366599],[4.8863151,52.3666233],[4.8863507,52.3666473],[4.8861095,52.3667851],[4.8861716,52.3668207],[4.8861587,52.3668326],[4.8862139,52.3668702],[4.8862248,52.3668634],[4.8862915,52.3669153]]]},"properties":{"class":"park","class_id":3}},{"type":"Feature","geometry":{"type":"Polygon","coordinates":[[[4.8883742,52.3660534],[4.8879428,52.365778],[4.8886755,52.3653746],[4.8888511,52.3654694],[4.8888919,52.3654962],[4.8889326,52.3655231],[4.8890184,52.3654743],[4.889096,52.3654302],[4.8890549,52.3654036],[4.8890138,52.365377],[4.8894428,52.3651157],[4.8896093,52.3650143],[4.8898811,52.3651773],[4.88906,52.3656643],[4.8885176,52.365996],[4.8883927,52.3660671],[4.8883742,52.3660534]]]},"properties":{"class":"park","class_id":3}},{"type":"Feature","geometry":{"type":"Polygon","coordinates":[[[4.8902547,52.3694619],[4.8903155,52.3694516],[4.890324,52.3694867],[4.8903415,52.3695589],[4.8903501,52.3695914],[4.8903652,52.3696362],[4.8903752,52.3696811],[4.8903817,52.3697103],[4.8903898,52.3697421],[4.8903958,52.369775],[4.8904034,52.3698129],[4.8904122,52.3698606],[4.8904109,52.3699001],[4.8903912,52.369895],[4.8903938,52.3698631],[4.8903343,52.3698401],[4.8902547,52.3694619]]]},"properties":{"class":"park","class_id":3}},{"type":"Feature","geometry":{"type":"Polygon","coordinates":[[[4.890268,52.36986],[4.8902959,52.3698196],[4.8899883,52.3697242],[4.8899627,52.3697636],[4.8900099,52.3697772],[4.8900601,52.3697921],[4.8901371,52.3698204],[4.8901768,52.3698323],[4.8902224,52.3698461],[4.890268,52.36986]]]},"properties":{"class":"park","class_id":3}},{"type":"Feature","geometry":{"type":"Polygon","coordinates":[[[4.8899314,52.3697081],[4.8899857,52.3696931],[4.8897669,52.369346],[4.8897043,52.3693588],[4.8897694,52.3694733],[4.8898004,52.3695193],[4.8898179,52.3695452],[4.8898253,52.3695561],[4.8898613,52.3696094],[4.8898897,52.3696503],[4.8899314,52.3697081]]]},"properties":{"class":"park","class_id":3}},{"type":"Feature","geometry":{"type":"Polygon","coordinates":[[[4.8902609,52.3692769],[4.8902749,52.369218],[4.8903123,52.3692201],[4.8903306,52.3693062],[4.8903655,52.3693034],[4.8903706,52.3693276],[4.8903864,52.3693766],[4.8903647,52.3693777],[4.8903328,52.3693562],[4.8903442,52.3693269],[4.890246,52.3693106],[4.8902609,52.3692769]]]},"properties":{"class":"park","class_id":3}},{"type":"Feature","geometry":{"type":"Polygon","coordinates":[[[4.8876163,52.367832],[4.8876527,52.3678446],[4.8876916,52.3678078],[4.8877423,52.3678307],[4.8877281,52.3678014],[4.8876129,52.3677405],[4.8876193,52.3677347],[4.8875624,52.3677061],[4.8875328,52.3677214],[4.8875103,52.3677038],[4.8874555,52.3677325],[4.8874742,52.3677459],[4.8874648,52.3677508],[4.8874817,52.3677629],[4.8874671,52.3677705],[4.8875883,52.3678347],[4.8876163,52.367832]]]},"properties":{"class":"park","class_id":3}},{"type":"Feature","geometry":{"type":"Polygon","coordinates":[[[4.8836203,52.3668433],[4.8835138,52.3668073],[4.8833946,52.3667669],[4.8834212,52.3667378],[4.883442,52.3667452],[4.8834502,52.3667362],[4.8834753,52.3667451],[4.8836567,52.3668037],[4.8836203,52.3668433]]]},"properties":{"class":"park","class_id":3}},{"type":"Feature","geometry":{"type":"Polygon","coordinates":[[[4.880712,52.3673487],[4.8805924,52.3673095],[4.8805997,52.3672971],[4.8805213,52.3672693],[4.8804925,52.367301],[4.8804044,52.3672663],[4.8804579,52.3672138],[4.8805207,52.3672345],[4.8806227,52.3671397],[4.8806312,52.3671464],[4.8808406,52.3672106],[4.8807489,52.3673064],[4.880712,52.3673487]]]},"properties":{"class":"park","class_id":3}},{"type":"Feature","geometry":{"type":"Polygon","coordinates":[[[4.8936464,52.3781132],[4.8937684,52.3780976],[4.8941861,52.3781994],[4.8941982,52.3785912],[4.894196,52.3785968],[4.8941875,52.3786007],[4.8941783,52.3786012],[4.8941663,52.3785943],[4.8936464,52.3781132]]]},"properties":{"class":"residential","class_id":1}},{"type":"Feature","geometry":{"type":"Polygon","coordinates":[[[4.8941025,52.3785185],[4.8940784,52.3784969],[4.8941058,52.3784859],[4.8941279,52.3785072],[4.8941025,52.3785185]]]},"properties":{"class":"park","class_id":3}},{"type":"Feature","geometry":{"type":"Polygon","coordinates":[[[4.8940625,52.3784812],[4.8940385,52.3784597],[4.8940658,52.3784486],[4.8940879,52.37847],[4.8940625,52.3784812]]]},"properties":{"class":"park","class_id":3}},{"type":"Feature","geometry":{"type":"Polygon","coordinates":[[[4.8941591,52.3785001],[4.8941581,52.3784827],[4.8941879,52.3784825],[4.8941881,52.3785001],[4.8941591,52.3785001]]]},"properties":{"class":"park","class_id":3}},{"type":"Feature","geometry":{"type":"Polygon","coordinates":[[[4.8941581,52.3784547],[4.894157,52.3784372],[4.8941868,52.378437],[4.894187,52.3784546],[4.8941581,52.3784547]]]},"properties":{"class":"park","class_id":3}},{"type":"Feature","geometry":{"type":"Polygon","coordinates":[[[4.8941376,52.3782377],[4.8941379,52.3782109],[4.8941814,52.3782102],[4.8941824,52.3782373],[4.8941376,52.3782377]]]},"properties":{"class":"park","class_id":3}},{"type":"Feature","geometry":{"type":"Polygon","coordinates":[[[4.894281,52.3782603],[4.8942807,52.3782326],[4.8943165,52.3782327],[4.894317,52.3782598],[4.894281,52.3782603]]]},"properties":{"class":"park","class_id":3}},{"type":"Feature","geometry":{"type":"Polygon","coordinates":[[[4.8942879,52.3783183],[4.8942869,52.3782922],[4.8943142,52.3782918],[4.8943158,52.3783179],[4.8942879,52.3783183]]]},"properties":{"class":"park","class_id":3}},{"type":"Feature","geometry":{"type":"Polygon","coordinates":[[[4.8942906,52.3783765],[4.8942891,52.3783494],[4.8943175,52.3783496],[4.8943179,52.378376],[4.8942906,52.3783765]]]},"properties":{"class":"park","class_id":3}},{"type":"Feature","geometry":{"type":"Polygon","coordinates":[[[4.8942923,52.3784407],[4.8942912,52.3784141],[4.8943202,52.3784136],[4.8943209,52.3784402],[4.8942923,52.3784407]]]},"properties":{"class":"park","class_id":3}},{"type":"Feature","geometry":{"type":"Polygon","coordinates":[[[4.8942996,52.37856],[4.8942985,52.3785334],[4.8943275,52.3785329],[4.8943282,52.3785595],[4.8942996,52.37856]]]},"properties":{"class":"park","class_id":3}},{"type":"Feature","geometry":{"type":"Polygon","coordinates":[[[4.8943008,52.3786163],[4.8942997,52.3785897],[4.8943287,52.3785892],[4.8943294,52.3786158],[4.8943008,52.3786163]]]},"properties":{"class":"park","class_id":3}},{"type":"Feature","geometry":{"type":"Polygon","coordinates":[[[4.8942033,52.3787252],[4.8941876,52.3787112],[4.8942121,52.3787],[4.8942293,52.3787143],[4.8942033,52.3787252]]]},"properties":{"class":"park","class_id":3}},{"type":"Feature","geometry":{"type":"Polygon","coordinates":[[[4.8941073,52.3786435],[4.894091,52.3786291],[4.8941144,52.3786181],[4.8941319,52.3786328],[4.8941073,52.3786435]]]},"properties":{"class":"park","class_id":3}},{"type":"Feature","geometry":{"type":"Polygon","coordinates":[[[4.8942887,52.3787862],[4.894273,52.3787722],[4.8942975,52.378761],[4.8943146,52.3787753],[4.8942887,52.3787862]]]},"properties":{"class":"park","class_id":3}},{"type":"Feature","geometry":{"type":"Polygon","coordinates":[[[4.8943654,52.3788657],[4.8943453,52.3788483],[4.894369,52.3788361],[4.8943933,52.3788524],[4.8943654,52.3788657]]]},"properties":{"class":"park","class_id":3}},{"type":"Feature","geometry":{"type":"Polygon","coordinates":[[[4.8944385,52.3789284],[4.8944176,52.3789098],[4.8944425,52.3788992],[4.8944649,52.3789165],[4.8944385,52.3789284]]]},"properties":{"class":"park","class_id":3}}]}