{"type":"FeatureCollection","features":[{"type":"Feature","geometry":{"type":"Polygon","coordinates":[[[4.8940812,52.377944],[4.8940875,52.3779395],[4.8940824,52.3778943],[4.8940626,52.3778582],[4.8940221,52.377816],[4.8939601,52.3777771],[4.8938921,52.3777513],[4.8938076,52.3777347],[4.8937348,52.3777357],[4.8936417,52.3777453],[4.8935861,52.3777885],[4.8936337,52.3778475],[4.8935851,52.3778723],[4.8935584,52.3779047],[4.8935491,52.3779365],[4.8935559,52.3779726],[4.8935619,52.3779889],[4.8935873,52.3780154],[4.893606,52.3780255],[4.8936556,52.3780467],[4.8937068,52.3780571],[4.8937606,52.3780585],[4.8938163,52.3780492],[4.8941196,52.3781508],[4.894094,52.3780114],[4.8940812,52.377944]]]},"properties":{"class":"building","class_id":1,"building":"yes"}},{"type":"Feature","geometry":{"type":"Polygon","coordinates":[[[4.8942154,52.3711058],[4.8942719,52.3709204],[4.8943334,52.3708886],[4.8943389,52.3707905],[4.8938134,52.3708081],[4.893592,52.3709638],[4.8935833,52.3710157],[4.893564,52.3711708],[4.8936784,52.371177],[4.8936806,52.3711827],[4.8936861,52.3711875],[4.8936941,52.3711908],[4.8937035,52.3711921],[4.8937152,52.3711906],[4.893726,52.3711849],[4.8937291,52.3711809],[4.8937303,52.3711766],[4.8937295,52.3711722],[4.893835,52.3711643],[4.8938794,52.3711634],[4.893965,52.3713317],[4.8947323,52.3711358],[4.8945705,52.3711269],[4.8945142,52.3710888],[4.894228,52.3711441],[4.8942154,52.3711058]]]},"properties":{"class":"building","class_id":1,"building":"yes"}},{"type":"Feature","geometry":{"type":"Polygon","coordinates":[[[4.8898732,52.3738941],[4.8896595,52.3735477],[4.8895283,52.373503],[4.8894674,52.3733412],[4.8894355,52.3735002],[4.8894009,52.3736607],[4.8894434,52.3736963],[4.8895963,52.3741415],[4.8896614,52.3743014],[4.8896854,52.374361],[4.8898979,52.3743221],[4.890023,52.3742412],[4.8900067,52.3742066],[4.8899725,52.3741801],[4.8898366,52.3740576],[4.8899256,52.3740001],[4.8898732,52.3738941]]]},"properties":{"class":"building","class_id":1,"building":"yes"}},{"type":"Feature","geometry":{"type":"Polygon","coordinates":[[[4.8910474,52.3738656],[4.8910744,52.3738806],[4.8910843,52.3739361],[4.8914619,52.3741034],[4.8916337,52.3741803],[4.8920774,52.3742299],[4.8921693,52.3742288],[4.8922031,52.3741853],[4.8923138,52.3741505],[4.8924132,52.3740835],[4.8924446,52.3739841],[4.8923579,52.3738754],[4.8921821,52.3738139],[4.8921039,52.37379],[4.8920099,52.373771],[4.8919511,52.3736903],[4.8919148,52.373655],[4.891838,52.3736423],[4.8917598,52.3736603],[4.8916629,52.3736748],[4.8915561,52.3736656],[4.8914418,52.3737146],[4.8912622,52.37369],[4.8912393,52.373699],[4.8911473,52.3737164],[4.8911096,52.3737781],[4.8910474,52.3738656]]]},"properties":{"class":"building","class_id":1,"building":"church"}},{"type":"Feature","geometry":{"type":"Polygon","coordinates":[[[4.8855299,52.3775685],[4.8855954,52.3775463],[4.8854857,52.3774252],[4.8854202,52.3774475],[4.8855299,52.3775685]]]},"properties":{"class":"building","class_id":1,"building":"houseboat"}},{"type":"Feature","geometry":{"type":"Polygon","coordinates":[[[4.8831123,52.3766511],[4.8831474,52.3766591],[4.8832417,52.3765085],[4.8830837,52.3764735],[4.8830378,52.3765514],[4.8830196,52.3765823],[4.8830787,52.3765962],[4.8830742,52.3766043],[4.8830874,52.3766075],[4.883066,52.3766406],[4.8831123,52.3766511]]]},"properties":{"class":"building","class_id":1,"building":"apartments"}},{"type":"Feature","geometry":{"type":"Polygon","coordinates":[[[4.8834362,52.3776433],[4.8834497,52.3776187],[4.8834185,52.3776121],[4.8834595,52.3775378],[4.8833891,52.3775219],[4.8832801,52.3777194],[4.8834218,52.3777505],[4.8834523,52.3776954],[4.8834605,52.3776804],[4.8834764,52.3776517],[4.8834362,52.3776433]]]},"properties":{"class":"building","class_id":1,"building":"apartments"}},{"type":"Feature","geometry":{"type":"Polygon","coordinates":[[[4.8849154,52.3770808],[4.8848452,52.3770038],[4.8847202,52.3770466],[4.8846933,52.3770312],[4.8846858,52.3770269],[4.8846689,52.3770568],[4.8847046,52.3770765],[4.8847375,52.3770652],[4.8847512,52.3770803],[4.8847421,52.3770834],[4.8848055,52.3771184],[4.8849154,52.3770808]]]},"properties":{"class":"building","class_id":1,"building":"apartments"}},{"type":"Feature","geometry":{"type":"Polygon","coordinates":[[[4.8835743,52.3768728],[4.8836029,52.3768221],[4.88355,52.3768103],[4.8835642,52.3767872],[4.8835403,52.3767821],[4.8834861,52.3768741],[4.8834838,52.3768782],[4.8835159,52.3768849],[4.8835183,52.3768804],[4.8835646,52.37689],[4.8835651,52.3768892],[4.8835743,52.3768728]]]},"properties":{"class":"building","class_id":1,"building":"house"}},{"type":"Feature","geometry":{"type":"Polygon","coordinates":[[[4.8833052,52.3772256],[4.8833335,52.3771698],[4.8833491,52.3771419],[4.8833515,52.3771424],[4.8833625,52.3771228],[4.8833363,52.3771171],[4.8833263,52.3771345],[4.8832861,52.3771259],[4.883236,52.3772134],[4.8833045,52.3772281],[4.8833052,52.3772269],[4.8833068,52.3772272],[4.8833074,52.377226],[4.8833052,52.3772256]]]},"properties":{"class":"building","class_id":1,"building":"apartments"}},{"type":"Feature","geometry":{"type":"Polygon","coordinates":[[[4.8836588,52.3774215],[4.8836858,52.3773735],[4.8835472,52.3773443],[4.8835455,52.3773472],[4.8835467,52.3773475],[4.8834878,52.3774478],[4.883542,52.3774598],[4.8835277,52.3774842],[4.8835502,52.3774892],[4.8835631,52.377466],[4.8835864,52.3774242],[4.8836073,52.3774285],[4.883628,52.3774328],[4.8836449,52.3774186],[4.8836588,52.3774215]]]},"properties":{"class":"building","class_id":1,"building":"apartments"}},{"type":"Feature","geometry":{"type":"Polygon","coordinates":[[[4.8851744,52.377531],[4.8852855,52.3774828],[4.8852565,52.377451],[4.8851841,52.3774824],[4.8851616,52.3774631],[4.8851414,52.3774588],[4.8851258,52.3774862],[4.8851423,52.3775005],[4.8851376,52.3775026],[4.8851611,52.3775229],[4.8851475,52.3775288],[4.8851066,52.3775201],[4.8850835,52.3775606],[4.885145,52.3775737],[4.8851563,52.3775538],[4.8851676,52.3775339],[4.8851744,52.377531]]]},"properties":{"class":"building","class_id":1,"building":"apartments"}},{"type":"Feature","geometry":{"type":"Polygon","coordinates":[[[4.8843453,52.3774533],[4.8843973,52.3773759],[4.884289,52.3773528],[4.8842388,52.3774306],[4.8843453,52.3774533]]]},"properties":{"class":"building","class_id":1,"building":"apartments"}},{"type":"Feature","geometry":{"type":"Polygon","coordinates":[[[4.8849775,52.3778581],[4.8849866,52.377841],[4.8849691,52.3778375],[4.88496,52.3778546],[4.8849775,52.3778581]]]},"properties":{"class":"building","class_id":1,"building":"yes"}},{"type":"Feature","geometry":{"type":"Polygon","coordinates":[[[4.8841731,52.3772979],[4.8841944,52.3772653],[4.8841188,52.3772467],[4.8840974,52.3772793],[4.8841731,52.3772979]]]},"properties":{"class":"building","class_id":1,"building":"apartments"}},{"type":"Feature","geometry":{"type":"Polygon","coordinates":[[[4.8847878,52.3777053],[4.8848314,52.3776234],[4.8847449,52.3776049],[4.8847007,52.3776879],[4.8847878,52.3777053]]]},"properties":{"class":"building","class_id":1,"building":"apartments"}},{"type":"Feature","geometry":{"type":"Polygon","coordinates":[[[4.8852851,52.3778539],[4.885354,52.3777342],[4.8852915,52.3777207],[4.8852269,52.3778423],[4.8852851,52.3778539]]]},"properties":{"class":"building","class_id":1,"building":"apartments"}},{"type":"Feature","geometry":{"type":"Polygon","coordinates":[[[4.8854321,52.3776421],[4.8853943,52.377601],[4.8853542,52.3776707],[4.8854054,52.3776817],[4.8854321,52.3776421]]]},"properties":{"class":"building","class_id":1,"building":"apartments"}},{"type":"Feature","geometry":{"type":"Polygon","coordinates":[[[4.8831677,52.3771982],[4.88322,52.3771069],[4.8829501,52.3770488],[4.8828974,52.3771405],[4.8831677,52.3771982]]]},"properties":{"class":"building","class_id":1,"building":"apartments"}},{"type":"Feature","geometry":{"type":"Polygon","coordinates":[[[4.8835796,52.3777715],[4.8836031,52.3777269],[4.8834523,52.3776954],[4.8834218,52.3777505],[4.8835738,52.3777825],[4.8835796,52.3777715]]]},"properties":{"class":"building","class_id":1,"building":"apartments"}},{"type":"Feature","geometry":{"type":"Polygon","coordinates":[[[4.8839987,52.3769097],[4.8840698,52.3769247],[4.8840873,52.3768945],[4.8839764,52.3768692],[4.8839581,52.3769011],[4.8839987,52.3769097]]]},"properties":{"class":"building","class_id":1,"building":"house"}},{"type":"Feature","geometry":{"type":"Polygon","coordinates":[[[4.8840646,52.3771995],[4.8840839,52.3771668],[4.8840827,52.3771666],[4.8840341,52.3771558],[4.8840147,52.3771885],[4.8840646,52.3771995]]]},"properties":{"class":"building","class_id":1,"building":"yes"}},{"type":"Feature","geometry":{"type":"Polygon","coordinates":[[[4.8841708,52.3771317],[4.8841975,52.3770918],[4.8841418,52.3770795],[4.8840989,52.3771437],[4.884155,52.3771552],[4.8841708,52.3771317]]]},"properties":{"class":"building","class_id":1,"building":"house"}},{"type":"Feature","geometry":{"type":"Polygon","coordinates":[[[4.8834333,52.3767209],[4.8835214,52.3765712],[4.883458,52.3765572],[4.8834565,52.3765569],[4.8833683,52.3767066],[4.8834333,52.3767209]]]},"properties":{"class":"building","class_id":1,"building":"house"}},{"type":"Feature","geometry":{"type":"Polygon","coordinates":[[[4.884639,52.3769411],[4.8847525,52.3769023],[4.8847057,52.376851],[4.884629,52.37694],[4.8846321,52.3769434],[4.884639,52.3769411]]]},"properties":{"class":"building","class_id":1,"building":"house"}},{"type":"Feature","geometry":{"type":"Polygon","coordinates":[[[4.8834689,52.3779644],[4.8833096,52.3779301],[4.8832356,52.3779142],[4.8832281,52.3779273],[4.8832155,52.3779493],[4.8834479,52.3779992],[4.8834689,52.3779644]]]},"properties":{"class":"building","class_id":1,"building":"apartments"}},{"type":"Feature","geometry":{"type":"Polygon","coordinates":[[[4.8842422,52.3771877],[4.8842558,52.3771671],[4.8841828,52.3771492],[4.8841614,52.3771817],[4.8842371,52.3772003],[4.8842449,52.3771883],[4.8842422,52.3771877]]]},"properties":{"class":"building","class_id":1,"building":"house"}},{"type":"Feature","geometry":{"type":"Polygon","coordinates":[[[4.8830529,52.3780611],[4.8831048,52.3779674],[4.8830569,52.3779575],[4.8830274,52.3779514],[4.8829971,52.378006],[4.8829755,52.378045],[4.8830529,52.3780611]]]},"properties":{"class":"building","class_id":1,"building":"yes"}},{"type":"Feature","geometry":{"type":"Polygon","coordinates":[[[4.8853825,52.3778586],[4.885443,52.3777534],[4.885366,52.3777368],[4.8852948,52.3778605],[4.8853156,52.377865],[4.8853263,52.3778465],[4.8853825,52.3778586]]]},"properties":{"class":"building","class_id":1,"building":"apartments"}},{"type":"Feature","geometry":{"type":"Polygon","coordinates":[[[4.8842558,52.3771671],[4.884292,52.3771119],[4.8841975,52.3770918],[4.8841708,52.3771317],[4.884191,52.3771366],[4.8841828,52.3771492],[4.8842558,52.3771671]]]},"properties":{"class":"building","class_id":1,"building":"yes"}},{"type":"Feature","geometry":{"type":"Polygon","coordinates":[[[4.8836801,52.3775867],[4.8837058,52.3775436],[4.8835392,52.3775088],[4.8835279,52.3775296],[4.8835757,52.3775396],[4.883563,52.3775623],[4.8836801,52.3775867]]]},"properties":{"class":"building","class_id":1,"building":"apartments"}},{"type":"Feature","geometry":{"type":"Polygon","coordinates":[[[4.8842045,52.3770255],[4.8842504,52.3769446],[4.8841716,52.3769269],[4.8841454,52.3769706],[4.884129,52.3769995],[4.884141,52.3770117],[4.8842045,52.3770255]]]},"properties":{"class":"building","class_id":1,"building":"apartments"}},{"type":"Feature","geometry":{"type":"Polygon","coordinates":[[[4.8844111,52.3768546],[4.8844573,52.3767731],[4.884377,52.3767529],[4.8843008,52.3768874],[4.8843399,52.3768961],[4.8843685,52.3768455],[4.8844111,52.3768546]]]},"properties":{"class":"building","class_id":1,"building":"apartments"}},{"type":"Feature","geometry":{"type":"Polygon","coordinates":[[[4.8856517,52.3780059],[4.8856867,52.3779424],[4.8857012,52.3779372],[4.8856832,52.3779157],[4.8855808,52.377968],[4.8856071,52.3779881],[4.8856028,52.3779959],[4.8856517,52.3780059]]]},"properties":{"class":"building","class_id":1,"building":"apartments"}},{"type":"Feature","geometry":{"type":"Polygon","coordinates":[[[4.8838477,52.3771288],[4.8839026,52.3770287],[4.8837797,52.3770043],[4.8837784,52.3770043],[4.8837028,52.3771427],[4.8839168,52.3771865],[4.8839393,52.3771487],[4.8838477,52.3771288]]]},"properties":{"class":"building","class_id":1,"building":"yes"}},{"type":"Feature","geometry":{"type":"Polygon","coordinates":[[[4.8843878,52.3778596],[4.884415,52.3778085],[4.8844382,52.3777543],[4.8843417,52.377735],[4.884285,52.3778414],[4.8842417,52.3779227],[4.8843422,52.3779453],[4.8843878,52.3778596]]]},"properties":{"class":"building","class_id":1,"building":"yes"}},{"type":"Feature","geometry":{"type":"Polygon","coordinates":[[[4.8841196,52.3768395],[4.8841377,52.3768098],[4.8840552,52.376791],[4.8840078,52.3767801],[4.8839815,52.3768234],[4.8839866,52.3768246],[4.8841114,52.3768531],[4.8841196,52.3768395]]]},"properties":{"class":"building","class_id":1,"building":"apartments"}},{"type":"Feature","geometry":{"type":"Polygon","coordinates":[[[4.8844156,52.377468],[4.8844847,52.3773659],[4.8844953,52.3773503],[4.8844644,52.3773424],[4.8844436,52.3773731],[4.884419,52.3773669],[4.8843589,52.3774558],[4.8844156,52.377468]]]},"properties":{"class":"building","class_id":1,"building":"apartments"}},{"type":"Feature","geometry":{"type":"Polygon","coordinates":[[[4.8850137,52.3773613],[4.8851046,52.3772847],[4.8849123,52.3772446],[4.8849121,52.3772451],[4.8849104,52.3772448],[4.884846,52.3773467],[4.8848207,52.3773904],[4.8849781,52.377424],[4.8850137,52.3773613]]]},"properties":{"class":"building","class_id":1,"building":"apartments"}},{"type":"Feature","geometry":{"type":"Polygon","coordinates":[[[4.8846689,52.3770568],[4.8846858,52.3770269],[4.8847034,52.3769958],[4.8846534,52.3769876],[4.8846194,52.376982],[4.884618,52.3769845],[4.8845514,52.3771013],[4.8846334,52.3771194],[4.8846689,52.3770568]]]},"properties":{"class":"building","class_id":1,"building":"yes"}},{"type":"Feature","geometry":{"type":"Polygon","coordinates":[[[4.8833391,52.3778593],[4.8833707,52.3778],[4.8833682,52.3777995],[4.8833688,52.3777986],[4.8831707,52.3777566],[4.8831097,52.3778628],[4.8832515,52.3778937],[4.8832785,52.3778473],[4.8833391,52.3778593]]]},"properties":{"class":"building","class_id":1,"building":"apartments"}},{"type":"Feature","geometry":{"type":"Polygon","coordinates":[[[4.8846944,52.377292],[4.8846956,52.3772922],[4.8847435,52.3772087],[4.8844882,52.3771535],[4.884404,52.3772909],[4.884397,52.3773024],[4.8846066,52.3773459],[4.8846438,52.3772811],[4.8846944,52.377292]]]},"properties":{"class":"building","class_id":1,"building":"apartments"}},{"type":"Feature","geometry":{"type":"Polygon","coordinates":[[[4.8849442,52.3779627],[4.8849586,52.3779374],[4.8848502,52.3779144],[4.8848603,52.3778966],[4.884741,52.3778713],[4.8847309,52.3778891],[4.8846261,52.3778668],[4.8845624,52.3779807],[4.884894,52.3780511],[4.8849442,52.3779627]]]},"properties":{"class":"building","class_id":1,"building":"apartments"}},{"type":"Feature","geometry":{"type":"Polygon","coordinates":[[[4.884951,52.3777276],[4.8849885,52.3776571],[4.8848314,52.3776234],[4.8847878,52.3777053],[4.8848596,52.3777196],[4.8848397,52.3777569],[4.8849029,52.3777695],[4.884922,52.3777336],[4.8849453,52.3777382],[4.884951,52.3777276]]]},"properties":{"class":"building","class_id":1,"building":"apartments"}},{"type":"Feature","geometry":{"type":"Polygon","coordinates":[[[4.8832161,52.3767202],[4.8832423,52.3766791],[4.8832239,52.3766751],[4.8831795,52.3766652],[4.8831009,52.3767934],[4.8831609,52.3768059],[4.8831973,52.3767453],[4.8831647,52.3767377],[4.8831805,52.3767121],[4.8832161,52.3767202]]]},"properties":{"class":"building","class_id":1,"building":"house"}},{"type":"Feature","geometry":{"type":"Polygon","coordinates":[[[4.8837715,52.3756186],[4.8838606,52.3757102],[4.8838696,52.3757142],[4.8838804,52.3757157],[4.8838913,52.3757146],[4.8839008,52.375711],[4.8839073,52.3757055],[4.8839098,52.3756989],[4.883908,52.3756922],[4.8838142,52.3756012],[4.8838042,52.3755986],[4.8837934,52.3755986],[4.8837834,52.3756012],[4.8837757,52.3756059],[4.8837716,52.375612],[4.8837715,52.3756186]]]},"properties":{"class":"building","class_id":1,"building":"houseboat"}},{"type":"Feature","geometry":{"type":"Polygon","coordinates":[[[4.8829634,52.3746961],[4.8829657,52.3747028],[4.8830238,52.3748274],[4.8830288,52.3748333],[4.8830352,52.3748376],[4.8830395,52.3748393],[4.8830522,52.3748407],[4.883061,52.37484],[4.883069,52.3748378],[4.8830786,52.3748324],[4.8830807,52.3748297],[4.8830825,52.3748239],[4.8830817,52.3748173],[4.8830236,52.3746926],[4.8830199,52.3746862],[4.8830158,52.3746811],[4.8830098,52.3746756],[4.8830033,52.3746709],[4.8829972,52.3746672],[4.8829833,52.374661],[4.8829764,52.3746585],[4.8829727,52.3746629],[4.8829687,52.3746685],[4.8829662,52.3746727],[4.8829642,52.3746777],[4.8829627,52.3746839],[4.8829624,52.3746904],[4.8829634,52.3746961]]]},"properties":{"class":"building","class_id":1,"building":"houseboat"}},{"type":"Feature","geometry":{"type":"Polygon","coordinates":[[[4.8832989,52.3757926],[4.8833553,52.3756971],[4.8833847,52.3756473],[4.8833063,52.37563],[4.8832908,52.3756561],[4.8833323,52.3756653],[4.8833223,52.3756822],[4.8832809,52.375673],[4.883221,52.3757746],[4.8832982,52.375792],[4.8832989,52.3757926]]]},"properties":{"class":"building","class_id":1,"building":"apartments"}},{"type":"Feature","geometry":{"type":"Polygon","coordinates":[[[4.883092,52.3754702],[4.8831471,52.3753769],[4.8831381,52.3753749],[4.8831377,52.3753758],[4.8831207,52.375372],[4.8831212,52.3753712],[4.8830744,52.3753608],[4.8830305,52.3754352],[4.8830093,52.3754712],[4.8830508,52.3754803],[4.8830608,52.3754633],[4.883092,52.3754702]]]},"properties":{"class":"building","class_id":1,"building":"apartments"}},{"type":"Feature","geometry":{"type":"Polygon","coordinates":[[[4.8839677,52.3763321],[4.8839759,52.3763183],[4.8841475,52.3762584],[4.8841437,52.3762543],[4.8841382,52.3762562],[4.8841277,52.3762447],[4.8841305,52.3762437],[4.8841005,52.3762109],[4.8838964,52.3762822],[4.8838903,52.3762929],[4.8838736,52.3763226],[4.8839616,52.3763423],[4.8839677,52.3763321]]]},"properties":{"class":"building","class_id":1,"building":"apartments"}},{"type":"Feature","geometry":{"type":"Polygon","coordinates":[[[4.8837399,52.3761007],[4.8838094,52.3759831],[4.8838053,52.3759821],[4.8838043,52.3759839],[4.8837353,52.3759697],[4.8837366,52.3759678],[4.8837323,52.3759668],[4.8837321,52.3759673],[4.8837308,52.375967],[4.8836445,52.376113],[4.8836467,52.3761135],[4.8837212,52.3761297],[4.883724,52.3761303],[4.8837413,52.376101],[4.8837399,52.3761007]]]},"properties":{"class":"building","class_id":1,"building":"yes"}},{"type":"Feature","geometry":{"type":"Polygon","coordinates":[[[4.8841288,52.3763969],[4.884238,52.3763588],[4.8842339,52.3763542],[4.8842326,52.3763547],[4.8842242,52.3763452],[4.8842255,52.3763448],[4.8842224,52.3763412],[4.8842211,52.3763417],[4.8842144,52.3763342],[4.8842157,52.3763337],[4.8842147,52.3763326],[4.8842134,52.3763331],[4.8842081,52.376327],[4.8842093,52.3763266],[4.8842087,52.3763259],[4.8840749,52.3763726],[4.8841046,52.3763793],[4.884099,52.3763887],[4.8841288,52.3763969]]]},"properties":{"class":"building","class_id":1,"building":"yes"}},{"type":"Feature","geometry":{"type":"Polygon","coordinates":[[[4.883931,52.3763936],[4.8839616,52.3763423],[4.8838736,52.3763226],[4.8838437,52.3763755],[4.883931,52.3763936]]]},"properties":{"class":"building","class_id":1,"building":"apartments"}},{"type":"Feature","geometry":{"type":"Polygon","coordinates":[[[4.883487,52.3755268],[4.8834462,52.3754803],[4.883372,52.3755257],[4.8833316,52.3755442],[4.8833577,52.3755721],[4.883487,52.3755268]]]},"properties":{"class":"building","class_id":1,"building":"apartments"}},{"type":"Feature","geometry":{"type":"Polygon","coordinates":[[[4.8836846,52.3763397],[4.883739,52.3762425],[4.8836679,52.3762276],[4.8836669,52.3762293],[4.8836139,52.3763238],[4.8836846,52.3763397]]]},"properties":{"class":"building","class_id":1,"building":"apartments"}},{"type":"Feature","geometry":{"type":"Polygon","coordinates":[[[4.8832743,52.3759952],[4.8833405,52.3758827],[4.8831989,52.3758517],[4.8831985,52.3758513],[4.8831432,52.3759452],[4.8831323,52.3759636],[4.8832743,52.3759952]]]},"properties":{"class":"building","class_id":1,"building":"apartments"}},{"type":"Feature","geometry":{"type":"Polygon","coordinates":[[[4.8834146,52.376147],[4.8834188,52.3761398],[4.8833859,52.3761326],[4.8833619,52.3761736],[4.8833324,52.3761671],[4.8832829,52.3762516],[4.8833457,52.3762646],[4.8834146,52.376147]]]},"properties":{"class":"building","class_id":1,"building":"house"}},{"type":"Feature","geometry":{"type":"Polygon","coordinates":[[[4.8834249,52.3757294],[4.8834338,52.3757144],[4.8833553,52.3756971],[4.8832989,52.3757926],[4.8832997,52.3757933],[4.8833762,52.3758102],[4.8833774,52.37581],[4.8834249,52.3757294]]]},"properties":{"class":"building","class_id":1,"building":"apartments"}},{"type":"Feature","geometry":{"type":"Polygon","coordinates":[[[4.8843079,52.3764353],[4.8842693,52.3763931],[4.8841794,52.3764245],[4.884166,52.3764469],[4.884225,52.376461],[4.8842321,52.3764696],[4.8842727,52.376457],[4.8842656,52.3764484],[4.8843079,52.3764353]]]},"properties":{"class":"building","class_id":1,"building":"yes"}},{"type":"Feature","geometry":{"type":"Polygon","coordinates":[[[4.8835864,52.3761004],[4.8836445,52.376113],[4.8837308,52.375967],[4.8836544,52.3759509],[4.8836034,52.3760372],[4.8836531,52.3760482],[4.8836381,52.3760735],[4.8835884,52.3760625],[4.8835683,52.3760965],[4.8835864,52.3761004]]]},"properties":{"class":"building","class_id":1,"building":"apartments"}},{"type":"Feature","geometry":{"type":"Polygon","coordinates":[[[4.8837968,52.3762864],[4.8837532,52.3762772],[4.8837654,52.3762555],[4.8838077,52.376267],[4.883819,52.376247],[4.8837577,52.3762092],[4.883739,52.3762425],[4.8836846,52.3763397],[4.8837572,52.3763563],[4.8837968,52.3762864]]]},"properties":{"class":"building","class_id":1,"building":"apartments"}},{"type":"Feature","geometry":{"type":"Polygon","coordinates":[[[4.8861053,52.3778407],[4.8861158,52.3778501],[4.8861261,52.3778568],[4.8861315,52.3778593],[4.8861384,52.3778608],[4.8861451,52.3778618],[4.8861502,52.3778616],[4.8861529,52.377861],[4.8861551,52.3778599],[4.8861581,52.3778574],[4.8861603,52.3778534],[4.8861619,52.377849],[4.8861614,52.3778449],[4.8861576,52.377836],[4.8861503,52.3778255],[4.8860614,52.3777267],[4.8860163,52.3777418],[4.8861053,52.3778407]]]},"properties":{"class":"building","class_id":1,"building":"houseboat"}},{"type":"Feature","geometry":{"type":"Polygon","coordinates":[[[4.8855217,52.3772198],[4.885571,52.3772028],[4.8854724,52.3770958],[4.8854231,52.3771128],[4.8855217,52.3772198]]]},"properties":{"class":"building","class_id":1,"building":"houseboat"}},{"type":"Feature","geometry":{"type":"Polygon","coordinates":[[[4.8848863,52.3765362],[4.8850158,52.3766701],[4.8850265,52.3766758],[4.8850392,52.3766797],[4.8850531,52.3766817],[4.8850649,52.3766791],[4.8850721,52.3766727],[4.885076,52.3766653],[4.8850765,52.3766574],[4.8850735,52.3766499],[4.8849384,52.3765151],[4.8849281,52.376512],[4.8849167,52.3765112],[4.8849055,52.3765129],[4.8848959,52.3765168],[4.884889,52.3765224],[4.8848857,52.3765292],[4.8848863,52.3765362]]]},"properties":{"class":"building","class_id":1,"building":"houseboat"}},{"type":"Feature","geometry":{"type":"Polygon","coordinates":[[[4.8880378,52.3778348],[4.8880371,52.3778386],[4.888037,52.3778432],[4.8880379,52.3778486],[4.8880397,52.3778543],[4.8880425,52.377859],[4.8880467,52.3778644],[4.8881381,52.3779637],[4.8881443,52.377968],[4.8881513,52.3779709],[4.8881554,52.3779718],[4.8881669,52.3779715],[4.8881741,52.3779697],[4.8881802,52.3779668],[4.8881866,52.377961],[4.8881875,52.3779584],[4.888187,52.3779533],[4.8881842,52.3779478],[4.8880928,52.3778485],[4.8880875,52.3778435],[4.8880822,52.3778396],[4.8880753,52.3778357],[4.8880682,52.3778325],[4.8880617,52.3778301],[4.888056,52.3778285],[4.888041,52.3778253],[4.8880378,52.3778348]]]},"properties":{"class":"building","class_id":1,"building":"houseboat"}},{"type":"Feature","geometry":{"type":"Polygon","coordinates":[[[4.8878812,52.3773299],[4.8879427,52.3773089],[4.8878395,52.3771959],[4.8877779,52.377217],[4.8878812,52.3773299]]]},"properties":{"class":"building","class_id":1,"building":"houseboat"}},{"type":"Feature","geometry":{"type":"Polygon","coordinates":[[[4.8898249,52.3776008],[4.8900684,52.3775177],[4.8900335,52.3774794],[4.8900486,52.3774742],[4.8900363,52.3774608],[4.8897122,52.377568],[4.889677,52.3775286],[4.8896251,52.3775461],[4.8895851,52.3775595],[4.8896691,52.3776531],[4.8898249,52.3776008]]]},"properties":{"class":"building","class_id":1,"building":"apartments"}},{"type":"Feature","geometry":{"type":"Polygon","coordinates":[[[4.8882568,52.3755458],[4.888159,52.3754386],[4.8879218,52.3755203],[4.8879469,52.3755476],[4.8879223,52.3755561],[4.887917,52.3755503],[4.8878027,52.3755897],[4.887833,52.3756227],[4.8879112,52.3755958],[4.8879594,52.3756482],[4.8882568,52.3755458]]]},"properties":{"class":"building","class_id":1,"building":"commercial"}},{"type":"Feature","geometry":{"type":"Polygon","coordinates":[[[4.8870242,52.3753004],[4.8869384,52.3752072],[4.8868686,52.3752299],[4.8870122,52.375386],[4.8870639,52.3753682],[4.8870662,52.3753707],[4.8870834,52.3753648],[4.8870476,52.3753259],[4.8870092,52.3753391],[4.8869858,52.3753137],[4.8870242,52.3753004]]]},"properties":{"class":"building","class_id":1,"building":"yes"}},{"type":"Feature","geometry":{"type":"Polygon","coordinates":[[[4.8870122,52.3777687],[4.8869415,52.3776893],[4.8869054,52.3777022],[4.8868803,52.3776745],[4.8869174,52.3776615],[4.8869142,52.3776584],[4.8868909,52.3776324],[4.8868834,52.377635],[4.8868117,52.3776589],[4.8869343,52.3777957],[4.8870122,52.3777687]]]},"properties":{"class":"building","class_id":1,"building":"apartments"}},{"type":"Feature","geometry":{"type":"Polygon","coordinates":[[[4.8874482,52.3778232],[4.8874083,52.3777796],[4.8873682,52.3777358],[4.8872945,52.37776],[4.8874182,52.3778953],[4.8874914,52.3778704],[4.8874639,52.3778404],[4.887418,52.3778562],[4.8874105,52.3778481],[4.8873985,52.3778522],[4.8873901,52.3778431],[4.8874482,52.3778232]]]},"properties":{"class":"building","class_id":1,"building":"apartments"}},{"type":"Feature","geometry":{"type":"Polygon","coordinates":[[[4.8857442,52.3758056],[4.885891,52.3757554],[4.8858535,52.3757153],[4.8857841,52.375739],[4.8857192,52.3757613],[4.8857154,52.3757626],[4.8857355,52.3757845],[4.8857102,52.3757932],[4.8856901,52.3757712],[4.8856571,52.3757826],[4.8856939,52.3758229],[4.8857442,52.3758056]]]},"properties":{"class":"building","class_id":1,"building":"house"}},{"type":"Feature","geometry":{"type":"Polygon","coordinates":[[[4.8891893,52.3769009],[4.8892424,52.3768834],[4.8893004,52.3768643],[4.8894336,52.3768204],[4.8893976,52.3767814],[4.8892432,52.3768323],[4.8892655,52.3768553],[4.889229,52.3768679],[4.8892066,52.3768444],[4.8891414,52.3768659],[4.8891771,52.376905],[4.8891893,52.3769009]]]},"properties":{"class":"building","class_id":1,"building":"apartments"}},{"type":"Feature","geometry":{"type":"Polygon","coordinates":[[[4.8896868,52.3773931],[4.8898907,52.3773231],[4.8898242,52.3772491],[4.8898235,52.3772493],[4.8896102,52.3773218],[4.8895566,52.3773411],[4.8894954,52.3773624],[4.8895664,52.3774344],[4.8896591,52.3774026],[4.889643,52.3773851],[4.8896707,52.3773756],[4.8896868,52.3773931]]]},"properties":{"class":"building","class_id":1,"building":"apartments"}},{"type":"Feature","geometry":{"type":"Polygon","coordinates":[[[4.8888183,52.3766233],[4.888904,52.3765938],[4.8889526,52.376577],[4.8891445,52.3765109],[4.889163,52.3765045],[4.889142,52.3764821],[4.8891237,52.3764885],[4.8890829,52.3764447],[4.8886829,52.3765825],[4.8886082,52.3766082],[4.8886711,52.376674],[4.8888183,52.3766233]]]},"properties":{"class":"building","class_id":1,"building":"apartments"}},{"type":"Feature","geometry":{"type":"Polygon","coordinates":[[[4.8860726,52.3767455],[4.886031,52.3767015],[4.8859893,52.3766575],[4.8858679,52.3765247],[4.8858254,52.3764782],[4.8857844,52.3764334],[4.8853895,52.3765686],[4.8852372,52.3766208],[4.8855488,52.3769546],[4.8858942,52.3768352],[4.8859211,52.376826],[4.8860927,52.3767667],[4.8860726,52.3767455]]]},"properties":{"class":"building","class_id":1,"building":"apartments"}},{"type":"Feature","geometry":{"type":"Polygon","coordinates":[[[4.8888359,52.3761771],[4.8887741,52.3761102],[4.8887228,52.3760538],[4.8884595,52.3761445],[4.8884499,52.376134],[4.8883615,52.3761645],[4.8883312,52.3761749],[4.8883381,52.3761825],[4.8883684,52.376172],[4.8884228,52.3762312],[4.8884371,52.3762263],[4.8884987,52.3762933],[4.8888359,52.3761771]]]},"properties":{"class":"building","class_id":1,"building":"apartments"}},{"type":"Feature","geometry":{"type":"Polygon","coordinates":[[[4.8860803,52.3770346],[4.8860276,52.3769782],[4.8860686,52.3769642],[4.8861213,52.3770205],[4.8861504,52.3770104],[4.8862783,52.3769663],[4.8861965,52.3768779],[4.8861814,52.3768614],[4.8860076,52.3769211],[4.8859825,52.3769298],[4.8856338,52.3770497],[4.8857294,52.3771557],[4.8860803,52.3770346]]]},"properties":{"class":"building","class_id":1,"building":"apartments"}},{"type":"Feature","geometry":{"type":"Polygon","coordinates":[[[4.8857692,52.3771995],[4.8861179,52.377082],[4.8861592,52.3771268],[4.8863635,52.3770583],[4.8863218,52.3770132],[4.8862578,52.3770353],[4.886252,52.377029],[4.8861881,52.3770511],[4.8861504,52.3770104],[4.8861213,52.3770205],[4.8860803,52.3770346],[4.8857294,52.3771557],[4.8857287,52.377156],[4.8857692,52.3771995]]]},"properties":{"class":"building","class_id":1,"building":"apartments"}},{"type":"Feature","geometry":{"type":"Polygon","coordinates":[[[4.8870942,52.3756462],[4.8870179,52.3755632],[4.8870131,52.3755648],[4.886643,52.3756923],[4.8866553,52.3757056],[4.8866709,52.3757002],[4.8866966,52.3757281],[4.8868532,52.3756742],[4.8868244,52.3756428],[4.8868743,52.3756256],[4.8869031,52.375657],[4.8869796,52.3756306],[4.887018,52.3756724],[4.8870942,52.3756462]]]},"properties":{"class":"building","class_id":1,"building":"apartments"}},{"type":"Feature","geometry":{"type":"Polygon","coordinates":[[[4.888159,52.3754386],[4.8880648,52.3753377],[4.8878501,52.3754116],[4.8878256,52.37542],[4.8878342,52.3754293],[4.8878587,52.3754209],[4.8878821,52.3754463],[4.8878485,52.3754579],[4.8878689,52.3754801],[4.8879025,52.3754685],[4.8879275,52.3754957],[4.887906,52.3755031],[4.8879218,52.3755203],[4.888159,52.3754386]]]},"properties":{"class":"building","class_id":1,"building":"house"}},{"type":"Feature","geometry":{"type":"Polygon","coordinates":[[[4.8868586,52.3770579],[4.8870313,52.3769988],[4.8870019,52.376967],[4.8869498,52.3769126],[4.8866995,52.3769991],[4.886735,52.377037],[4.8867409,52.3770349],[4.8867538,52.3770482],[4.8867067,52.377064],[4.8867387,52.3770993],[4.8867422,52.3770985],[4.8868314,52.3770674],[4.8868178,52.3770525],[4.886846,52.3770432],[4.8868586,52.3770579]]]},"properties":{"class":"building","class_id":1,"building":"apartments"}},{"type":"Feature","geometry":{"type":"Polygon","coordinates":[[[4.8882235,52.3771746],[4.8882016,52.3771503],[4.8882423,52.3771369],[4.888264,52.3771611],[4.888265,52.3771622],[4.8883239,52.3771423],[4.8883328,52.3771392],[4.8882944,52.3770958],[4.8882736,52.3771025],[4.8882434,52.377113],[4.888034,52.3771846],[4.8880351,52.3771862],[4.8880495,52.3772016],[4.888073,52.3772281],[4.8882245,52.377176],[4.8882235,52.3771746]]]},"properties":{"class":"building","class_id":1,"building":"yes"}},{"type":"Feature","geometry":{"type":"Polygon","coordinates":[[[4.8872311,52.3753155],[4.8870868,52.3751585],[4.8870123,52.3751848],[4.8871561,52.3753413],[4.8871517,52.3753428],[4.8871895,52.3753839],[4.8872188,52.3754158],[4.8872315,52.3754115],[4.8872207,52.3753998],[4.8872484,52.3753903],[4.887225,52.3753649],[4.8873089,52.375336],[4.8873323,52.3753614],[4.88736,52.3753519],[4.8873207,52.3753092],[4.8873035,52.3752905],[4.8872311,52.3753155]]]},"properties":{"class":"building","class_id":1,"building":"yes"}},{"type":"Feature","geometry":{"type":"Polygon","coordinates":[[[4.8897977,52.3779037],[4.8899566,52.3778497],[4.8900339,52.3778232],[4.8902724,52.3777408],[4.8901716,52.3776308],[4.8899317,52.3777142],[4.8895157,52.3778552],[4.8894759,52.3778689],[4.8892547,52.3779447],[4.8892217,52.3779561],[4.8888584,52.3780807],[4.8889039,52.3781302],[4.8891007,52.378063],[4.8891503,52.3780459],[4.8891851,52.3780834],[4.8893334,52.3780336],[4.8895582,52.377956],[4.8895804,52.3779799],[4.8897977,52.3779037]]]},"properties":{"class":"building","class_id":1,"building":"office"}},{"type":"Feature","geometry":{"type":"Polygon","coordinates":[[[4.8875706,52.3778435],[4.8877563,52.3777805],[4.8877168,52.3777371],[4.8877153,52.3777376],[4.8875631,52.3777892],[4.8875596,52.3777854],[4.8875324,52.3777946],[4.8874936,52.3778078],[4.8874482,52.3778232],[4.8874639,52.3778404],[4.8874914,52.3778704],[4.8875191,52.377861],[4.8875524,52.3778497],[4.8875256,52.3778202],[4.8875703,52.3778051],[4.8875872,52.3778237],[4.8875665,52.3778307],[4.8875692,52.3778337],[4.8875634,52.3778357],[4.8875706,52.3778435]]]},"properties":{"class":"building","class_id":1,"building":"apartments"}},{"type":"Feature","geometry":{"type":"Polygon","coordinates":[[[4.8875633,52.3766664],[4.8879198,52.3765434],[4.8879265,52.3765411],[4.8878397,52.3764467],[4.8877143,52.3764899],[4.8877306,52.3765076],[4.8876875,52.3765224],[4.8876345,52.3764648],[4.8876436,52.3764616],[4.8876582,52.3764389],[4.8876438,52.3764232],[4.8876044,52.3764191],[4.8873968,52.3764906],[4.8874347,52.3765303],[4.8874173,52.3765365],[4.8874374,52.3765576],[4.8874549,52.3765514],[4.8875087,52.3766079],[4.8874933,52.3766133],[4.8875098,52.3766314],[4.8875256,52.3766259],[4.8875589,52.3766612],[4.8875633,52.3766664]]]},"properties":{"class":"building","class_id":1,"building":"commercial"}},{"type":"Feature","geometry":{"type":"Polygon","coordinates":[[[4.8860155,52.3774683],[4.8863747,52.377344],[4.8863535,52.377321],[4.8863999,52.3773056],[4.8864204,52.3773289],[4.88652,52.3772936],[4.8865647,52.3772783],[4.8865242,52.3772335],[4.8861765,52.3773528],[4.8861327,52.3773664],[4.8859736,52.377422],[4.885973,52.3774223],[4.8859749,52.3774241],[4.8859774,52.3774233],[4.8859839,52.3774305],[4.8859814,52.3774313],[4.8859838,52.3774339],[4.8859861,52.3774345],[4.8859884,52.3774339],[4.8860056,52.3774528],[4.8860042,52.3774537],[4.8860039,52.3774543],[4.8860037,52.3774549],[4.8860041,52.3774562],[4.8860155,52.3774683]]]},"properties":{"class":"building","class_id":1,"building":"apartments"}},{"type":"Feature","geometry":{"type":"Polygon","coordinates":[[[4.8856963,52.3759174],[4.8859572,52.3758281],[4.8859237,52.3757906],[4.8856622,52.3758802],[4.8856963,52.3759174]]]},"properties":{"class":"building","class_id":1,"building":"yes"}},{"type":"Feature","geometry":{"type":"Polygon","coordinates":[[[4.8893185,52.3771636],[4.8892491,52.3770896],[4.8891761,52.3771155],[4.8892451,52.3771892],[4.8893185,52.3771636]]]},"properties":{"class":"building","class_id":1,"building":"apartments"}},{"type":"Feature","geometry":{"type":"Polygon","coordinates":[[[4.8885493,52.3774507],[4.8884672,52.3773589],[4.8884142,52.3773774],[4.888495,52.3774692],[4.8885493,52.3774507]]]},"properties":{"class":"building","class_id":1,"building":"apartments"}},{"type":"Feature","geometry":{"type":"Polygon","coordinates":[[[4.8866561,52.377304],[4.8866159,52.3772611],[4.8865647,52.3772783],[4.8866058,52.3773213],[4.8866561,52.377304]]]},"properties":{"class":"building","class_id":1,"building":"yes"}},{"type":"Feature","geometry":{"type":"Polygon","coordinates":[[[4.8874714,52.3777582],[4.8874306,52.3777136],[4.8873682,52.3777358],[4.8874083,52.3777796],[4.8874714,52.3777582]]]},"properties":{"class":"building","class_id":1,"building":"house"}},{"type":"Feature","geometry":{"type":"Polygon","coordinates":[[[4.8862537,52.3777368],[4.8866074,52.3776155],[4.886564,52.3775691],[4.8862115,52.377686],[4.8862537,52.3777368]]]},"properties":{"class":"building","class_id":1,"building":"apartments"}},{"type":"Feature","geometry":{"type":"Polygon","coordinates":[[[4.8884354,52.3771043],[4.8884716,52.3770917],[4.8884613,52.3770796],[4.8884244,52.3770917],[4.8884354,52.3771043]]]},"properties":{"class":"building","class_id":1,"building":"yes"}},{"type":"Feature","geometry":{"type":"Polygon","coordinates":[[[4.8860817,52.3766841],[4.8860397,52.3766402],[4.8859893,52.3766575],[4.886031,52.3767015],[4.8860817,52.3766841]]]},"properties":{"class":"building","class_id":1,"building":"yes"}},{"type":"Feature","geometry":{"type":"Polygon","coordinates":[[[4.8895157,52.3778552],[4.8894646,52.3777998],[4.8894253,52.3778132],[4.8894759,52.3778689],[4.8895157,52.3778552]]]},"properties":{"class":"building","class_id":1,"building":"yes"}},{"type":"Feature","geometry":{"type":"Polygon","coordinates":[[[4.8894646,52.3777998],[4.8894129,52.3777436],[4.8893743,52.3777569],[4.8894253,52.3778132],[4.8894646,52.3777998]]]},"properties":{"class":"building","class_id":1,"building":"yes"}},{"type":"Feature","geometry":{"type":"Polygon","coordinates":[[[4.8872254,52.377583],[4.8871818,52.3775345],[4.8871073,52.3775596],[4.8872309,52.3776958],[4.8873044,52.3776709],[4.8872254,52.377583]]]},"properties":{"class":"building","class_id":1,"building":"yes"}},{"type":"Feature","geometry":{"type":"Polygon","coordinates":[[[4.8877199,52.3753228],[4.8879716,52.3752362],[4.8879415,52.3752028],[4.8879099,52.3751705],[4.8876592,52.3752569],[4.8877199,52.3753228]]]},"properties":{"class":"building","class_id":1,"building":"commercial"}},{"type":"Feature","geometry":{"type":"Polygon","coordinates":[[[4.8861679,52.376774],[4.8861238,52.376728],[4.8860726,52.3767455],[4.8860927,52.3767667],[4.8861167,52.3767921],[4.8861679,52.376774]]]},"properties":{"class":"building","class_id":1,"building":"yes"}},{"type":"Feature","geometry":{"type":"Polygon","coordinates":[[[4.8879261,52.3766609],[4.8879586,52.3766498],[4.8879458,52.376636],[4.887854,52.3766665],[4.8878675,52.3766812],[4.8879261,52.3766609]]]},"properties":{"class":"building","class_id":1,"building":"yes"}},{"type":"Feature","geometry":{"type":"Polygon","coordinates":[[[4.8879586,52.376214],[4.8878942,52.376144],[4.8878405,52.3761625],[4.8879629,52.3762956],[4.8880166,52.3762771],[4.8879586,52.376214]]]},"properties":{"class":"building","class_id":1,"building":"yes"}},{"type":"Feature","geometry":{"type":"Polygon","coordinates":[[[4.8864048,52.3772082],[4.8863455,52.3771457],[4.8862025,52.3771947],[4.8862653,52.3772635],[4.8864101,52.3772138],[4.8864048,52.3772082]]]},"properties":{"class":"building","class_id":1,"building":"apartments"}},{"type":"Feature","geometry":{"type":"Polygon","coordinates":[[[4.8872309,52.3776958],[4.8871073,52.3775596],[4.8870332,52.3775845],[4.8871573,52.3777211],[4.8871577,52.3777206],[4.8872309,52.3776958]]]},"properties":{"class":"building","class_id":1,"building":"apartments"}},{"type":"Feature","geometry":{"type":"Polygon","coordinates":[[[4.8886233,52.3768409],[4.8885738,52.3767871],[4.8885656,52.3767898],[4.8885096,52.3768088],[4.8885588,52.3768624],[4.8886233,52.3768409]]]},"properties":{"class":"building","class_id":1,"building":"yes"}},{"type":"Feature","geometry":{"type":"Polygon","coordinates":[[[4.8863937,52.3766355],[4.8864281,52.3766237],[4.8866232,52.3765569],[4.8865824,52.3765126],[4.8862552,52.3766246],[4.8862963,52.3766689],[4.8863937,52.3766355]]]},"properties":{"class":"building","class_id":1,"building":"apartments"}},{"type":"Feature","geometry":{"type":"Polygon","coordinates":[[[4.8887092,52.3771899],[4.8886309,52.377105],[4.8886072,52.3770804],[4.8885829,52.3770542],[4.8885296,52.3770722],[4.8886557,52.3772081],[4.8887092,52.3771899]]]},"properties":{"class":"building","class_id":1,"building":"retail"}},{"type":"Feature","geometry":{"type":"Polygon","coordinates":[[[4.885751,52.3757028],[4.8856893,52.3756354],[4.8856248,52.3756569],[4.8856242,52.3756574],[4.8857192,52.3757613],[4.8857841,52.375739],[4.885751,52.3757028]]]},"properties":{"class":"building","class_id":1,"building":"yes"}},{"type":"Feature","geometry":{"type":"Polygon","coordinates":[[[4.8894791,52.3770585],[4.8896086,52.3770122],[4.8895837,52.3769846],[4.8895764,52.3769772],[4.8895637,52.3769812],[4.8894455,52.3770225],[4.8894791,52.3770585]]]},"properties":{"class":"building","class_id":1,"building":"retail"}},{"type":"Feature","geometry":{"type":"Polygon","coordinates":[[[4.8866995,52.3769991],[4.8869498,52.3769126],[4.8869155,52.3768732],[4.8869123,52.3768743],[4.8866322,52.3769682],[4.8866723,52.3770084],[4.8866995,52.3769991]]]},"properties":{"class":"building","class_id":1,"building":"apartments"}},{"type":"Feature","geometry":{"type":"Polygon","coordinates":[[[4.8861174,52.3763192],[4.8863358,52.3762444],[4.8862937,52.3761998],[4.8861279,52.3762567],[4.8861526,52.3762836],[4.886101,52.3763013],[4.8861174,52.3763192]]]},"properties":{"class":"building","class_id":1,"building":"yes"}},{"type":"Feature","geometry":{"type":"Polygon","coordinates":[[[4.8853683,52.3758774],[4.8852795,52.3757802],[4.8852091,52.3758044],[4.8853408,52.3759485],[4.8854157,52.3759228],[4.8853728,52.3758759],[4.8853683,52.3758774]]]},"properties":{"class":"building","class_id":1,"building":"yes"}},{"type":"Feature","geometry":{"type":"Polygon","coordinates":[[[4.8877862,52.3750341],[4.8877201,52.3749609],[4.8877212,52.3749584],[4.8876853,52.3749523],[4.8876842,52.3749548],[4.8876183,52.374978],[4.8876979,52.3750645],[4.8877862,52.3750341]]]},"properties":{"class":"building","class_id":1,"building":"apartments"}},{"type":"Feature","geometry":{"type":"Polygon","coordinates":[[[4.8869789,52.3779578],[4.8869165,52.3778864],[4.886846,52.3779107],[4.8868432,52.3779106],[4.8867717,52.3779344],[4.8868447,52.3780179],[4.8869881,52.3779684],[4.8869789,52.3779578]]]},"properties":{"class":"building","class_id":1,"building":"apartments"}},{"type":"Feature","geometry":{"type":"Polygon","coordinates":[[[4.8883848,52.3775657],[4.8885898,52.377496],[4.8885493,52.3774507],[4.888495,52.3774692],[4.8884471,52.3774855],[4.8883964,52.3775028],[4.888343,52.3775208],[4.8883848,52.3775657]]]},"properties":{"class":"building","class_id":1,"building":"apartments"}},{"type":"Feature","geometry":{"type":"Polygon","coordinates":[[[4.8890445,52.3770767],[4.8889597,52.3769839],[4.8889268,52.376995],[4.8889095,52.3769749],[4.8889428,52.3769634],[4.8889215,52.3769393],[4.8888478,52.3769645],[4.8889703,52.3771017],[4.8890445,52.3770767]]]},"properties":{"class":"building","class_id":1,"building":"retail"}},{"type":"Feature","geometry":{"type":"Polygon","coordinates":[[[4.886888,52.3754288],[4.8870122,52.375386],[4.8868686,52.3752299],[4.886803,52.3752535],[4.8867256,52.3752803],[4.8868138,52.3753762],[4.8868353,52.3753996],[4.8868683,52.3754356],[4.886888,52.3754288]]]},"properties":{"class":"building","class_id":1,"building":"yes"}},{"type":"Feature","geometry":{"type":"Polygon","coordinates":[[[4.8865334,52.3779317],[4.8864706,52.3778657],[4.8863937,52.3778917],[4.8864489,52.3779493],[4.8864485,52.3779502],[4.8864573,52.3779594],[4.8864713,52.3779544],[4.8864718,52.3779535],[4.8865334,52.3779317]]]},"properties":{"class":"building","class_id":1,"building":"apartments"}},{"type":"Feature","geometry":{"type":"Polygon","coordinates":[[[4.8856622,52.3758802],[4.8859237,52.3757906],[4.885891,52.3757554],[4.8857442,52.3758056],[4.8857579,52.3758205],[4.8856901,52.3758438],[4.8856765,52.3758289],[4.8856299,52.3758448],[4.8856622,52.3758802]]]},"properties":{"class":"building","class_id":1,"building":"yes"}},{"type":"Feature","geometry":{"type":"Polygon","coordinates":[[[4.8895444,52.3772116],[4.8897316,52.377146],[4.889701,52.3771111],[4.8895014,52.3771806],[4.8894453,52.3772002],[4.8893833,52.3772218],[4.8894161,52.377256],[4.8894808,52.3772328],[4.8895444,52.3772116]]]},"properties":{"class":"building","class_id":1,"building":"house"}},{"type":"Feature","geometry":{"type":"Polygon","coordinates":[[[4.886966,52.3760216],[4.8873282,52.3758968],[4.8872746,52.3758385],[4.8871203,52.3758917],[4.8871351,52.3759078],[4.8869112,52.375985],[4.8869245,52.3759994],[4.8869403,52.3759939],[4.886966,52.3760216]]]},"properties":{"class":"building","class_id":1,"building":"apartments"}},{"type":"Feature","geometry":{"type":"Polygon","coordinates":[[[4.8885011,52.377259],[4.8884201,52.3771656],[4.8883815,52.377122],[4.8883328,52.3771392],[4.8883239,52.3771423],[4.8883641,52.3771855],[4.888368,52.3771841],[4.8884494,52.3772736],[4.8885011,52.377259]]]},"properties":{"class":"building","class_id":1,"building":"apartments"}},{"type":"Feature","geometry":{"type":"Polygon","coordinates":[[[4.8867346,52.37577],[4.887018,52.3756724],[4.8869796,52.3756306],[4.8869031,52.375657],[4.886898,52.3756587],[4.8869211,52.3756837],[4.8868763,52.3756992],[4.8868532,52.3756742],[4.8866966,52.3757281],[4.8867346,52.37577]]]},"properties":{"class":"building","class_id":1,"building":"apartments"}},{"type":"Feature","geometry":{"type":"Polygon","coordinates":[[[4.8876284,52.3752233],[4.8878808,52.3751364],[4.8878496,52.3751023],[4.8877003,52.3751539],[4.8876972,52.3751549],[4.8877139,52.3751731],[4.8876716,52.3751877],[4.8876548,52.3751695],[4.8875971,52.3751894],[4.8876284,52.3752233]]]},"properties":{"class":"building","class_id":1,"building":"commercial"}},{"type":"Feature","geometry":{"type":"Polygon","coordinates":[[[4.88904,52.3768265],[4.8893453,52.3767257],[4.8893035,52.376681],[4.88913,52.376739],[4.8891526,52.3767625],[4.8891362,52.3767677],[4.8891136,52.3767444],[4.8890885,52.3767529],[4.889,52.3767824],[4.88904,52.3768265]]]},"properties":{"class":"building","class_id":1,"building":"yes"}},{"type":"Feature","geometry":{"type":"Polygon","coordinates":[[[4.8857906,52.3763723],[4.8857837,52.3763648],[4.8857886,52.376354],[4.8857784,52.3763429],[4.8857608,52.3763398],[4.8857491,52.3763269],[4.8857018,52.3763431],[4.8857038,52.3763453],[4.8857433,52.3763885],[4.8857906,52.3763723]]]},"properties":{"class":"building","class_id":1,"building":"yes"}},{"type":"Feature","geometry":{"type":"Polygon","coordinates":[[[4.889491,52.377098],[4.8896394,52.3770464],[4.8896086,52.3770122],[4.8894791,52.3770585],[4.8894551,52.3770671],[4.8894655,52.3770781],[4.8894875,52.3770704],[4.8894985,52.3770821],[4.8894817,52.3770881],[4.889491,52.377098]]]},"properties":{"class":"building","class_id":1,"building":"apartments"}},{"type":"Feature","geometry":{"type":"Polygon","coordinates":[[[4.8877003,52.3751539],[4.8878496,52.3751023],[4.8878172,52.3750684],[4.8875656,52.3751551],[4.8875971,52.3751894],[4.8876548,52.3751695],[4.8876631,52.3751667],[4.8876453,52.3751473],[4.8876825,52.3751345],[4.8877003,52.3751539]]]},"properties":{"class":"building","class_id":1,"building":"house"}},{"type":"Feature","geometry":{"type":"Polygon","coordinates":[[[4.8859681,52.3749357],[4.8862965,52.3748227],[4.8863259,52.3748126],[4.8862635,52.3747446],[4.8861563,52.3747814],[4.8861492,52.3747839],[4.8861647,52.3748007],[4.8861196,52.3748162],[4.8861042,52.3747994],[4.8859049,52.3748679],[4.8859681,52.3749357]]]},"properties":{"class":"building","class_id":1,"building":"house"}},{"type":"Feature","geometry":{"type":"Polygon","coordinates":[[[4.8854178,52.3742128],[4.8858564,52.3741651],[4.8858485,52.3741267],[4.8857182,52.3741368],[4.8857061,52.3741378],[4.8857055,52.3741347],[4.8856614,52.3741381],[4.8856621,52.3741412],[4.88541,52.3741608],[4.8854097,52.3741621],[4.8854178,52.3742128]]]},"properties":{"class":"building","class_id":1,"building":"apartments"}},{"type":"Feature","geometry":{"type":"Polygon","coordinates":[[[4.8861481,52.3738901],[4.8863604,52.3737706],[4.8863583,52.3737501],[4.8863783,52.3737388],[4.8864023,52.3737378],[4.8863931,52.3736498],[4.8863256,52.37368],[4.8862601,52.3737157],[4.8860161,52.3738527],[4.8861536,52.3739442],[4.8861947,52.3739211],[4.8861481,52.3738901]]]},"properties":{"class":"building","class_id":1,"building":"apartments"}},{"type":"Feature","geometry":{"type":"Polygon","coordinates":[[[4.8852113,52.3752442],[4.8853699,52.3751897],[4.8853014,52.3751144],[4.8850654,52.3751955],[4.8850538,52.3751994],[4.8850632,52.3752097],[4.8851033,52.3751959],[4.8851492,52.375246],[4.88511,52.3752595],[4.8851236,52.3752743],[4.8851586,52.3752623],[4.8852113,52.3752442]]]},"properties":{"class":"building","class_id":1,"building":"commercial"}},{"type":"Feature","geometry":{"type":"Polygon","coordinates":[[[4.8870165,52.3748645],[4.886938,52.3747792],[4.886888,52.3747963],[4.8868636,52.3747698],[4.8869051,52.3747555],[4.8868478,52.3746931],[4.886835,52.3746975],[4.8868575,52.374722],[4.8868008,52.3747415],[4.8868292,52.3747724],[4.8869384,52.3748912],[4.8870165,52.3748645]]]},"properties":{"class":"building","class_id":1,"building":"apartments"}},{"type":"Feature","geometry":{"type":"Polygon","coordinates":[[[4.8847464,52.3756384],[4.8846508,52.3755341],[4.8845833,52.3754605],[4.8845555,52.37547],[4.8845085,52.3754862],[4.8845267,52.375506],[4.8845493,52.3755307],[4.8845679,52.3755243],[4.8846089,52.3755691],[4.8846902,52.3756577],[4.8846908,52.3756583],[4.8847464,52.3756384]]]},"properties":{"class":"building","class_id":1,"building":"retail"}},{"type":"Feature","geometry":{"type":"Polygon","coordinates":[[[4.8850645,52.3750596],[4.8852104,52.3750095],[4.8851622,52.3749569],[4.8850135,52.3750079],[4.8850209,52.375016],[4.8849665,52.3750347],[4.8848243,52.3750835],[4.8848459,52.375107],[4.8848263,52.3751138],[4.8848456,52.3751348],[4.8848652,52.3751281],[4.8850197,52.375075],[4.8850645,52.3750596]]]},"properties":{"class":"building","class_id":1,"building":"commercial"}},{"type":"Feature","geometry":{"type":"Polygon","coordinates":[[[4.8882647,52.3735147],[4.8882533,52.3734717],[4.8882372,52.373411],[4.8882362,52.3734107],[4.8881644,52.3734173],[4.8881637,52.3734177],[4.8881902,52.3735177],[4.8882297,52.3735138],[4.8882351,52.3735344],[4.8881918,52.3735387],[4.8882013,52.3735745],[4.8882785,52.3735668],[4.8882647,52.3735147]]]},"properties":{"class":"building","class_id":1,"building":"yes"}},{"type":"Feature","geometry":{"type":"Polygon","coordinates":[[[4.8870888,52.3748406],[4.8869473,52.3746865],[4.8869265,52.3746639],[4.8869023,52.3746722],[4.8869095,52.37468],[4.8868663,52.3746949],[4.8868606,52.3746887],[4.8868478,52.3746931],[4.8869051,52.3747555],[4.8869135,52.3747526],[4.886938,52.3747792],[4.8870165,52.3748645],[4.8870888,52.3748406]]]},"properties":{"class":"building","class_id":1,"building":"apartments"}},{"type":"Feature","geometry":{"type":"Polygon","coordinates":[[[4.8855383,52.3753682],[4.8854544,52.3752789],[4.8854121,52.3752331],[4.8853699,52.3751897],[4.8852113,52.3752442],[4.8852521,52.3752887],[4.8851994,52.3753068],[4.8851586,52.3752623],[4.8851236,52.3752743],[4.88511,52.3752595],[4.8850292,52.3752873],[4.8850836,52.3753466],[4.8852085,52.3754829],[4.885287,52.3754563],[4.8855383,52.3753682]]]},"properties":{"class":"building","class_id":1,"building":"yes"}},{"type":"Feature","geometry":{"type":"Polygon","coordinates":[[[4.8900584,52.3744283],[4.8900099,52.3743397],[4.890068,52.3743255],[4.8900658,52.3743206],[4.8900642,52.3743209],[4.8900581,52.374307],[4.8900595,52.3743068],[4.8900538,52.3742941],[4.8898979,52.3743221],[4.8899103,52.374348],[4.8899818,52.3744496],[4.8900099,52.3744418],[4.8900093,52.374441],[4.8900287,52.3744356],[4.8900293,52.3744364],[4.8900584,52.3744283]]]},"properties":{"class":"building","class_id":1,"building":"yes"}},{"type":"Feature","geometry":{"type":"Polygon","coordinates":[[[4.8899818,52.3744496],[4.8899103,52.374348],[4.8898979,52.3743221],[4.889809,52.3743381],[4.8898102,52.3743394],[4.8898297,52.3743624],[4.8898413,52.374377],[4.8898726,52.3744214],[4.8899075,52.374471],[4.8899147,52.3744687],[4.8899121,52.3744666],[4.8899114,52.3744669],[4.8899001,52.3744572],[4.8899119,52.374452],[4.8899253,52.3744534],[4.8899346,52.3744613],[4.8899751,52.3744498],[4.889976,52.3744513],[4.8899818,52.3744496]]]},"properties":{"class":"building","class_id":1,"building":"yes"}},{"type":"Feature","geometry":{"type":"Polygon","coordinates":[[[4.889849,52.3744788],[4.8898213,52.3744192],[4.8897068,52.3744146],[4.8897193,52.3744634],[4.8897234,52.3744648],[4.8897263,52.3744739],[4.8897226,52.3744763],[4.8897229,52.3744776],[4.8897887,52.3744879],[4.8897914,52.3744861],[4.8897949,52.3744856],[4.8897931,52.3744801],[4.8898056,52.3744785],[4.8898066,52.3744811],[4.8898078,52.3744822],[4.8898106,52.3744831],[4.8898127,52.3744831],[4.8898451,52.3744789],[4.8898455,52.3744793],[4.889849,52.3744788]]]},"properties":{"class":"building","class_id":1,"building":"yes"}},{"type":"Feature","geometry":{"type":"Polygon","coordinates":[[[4.8859998,52.3740478],[4.8859678,52.3740171],[4.8859744,52.3740137],[4.8858685,52.3739364],[4.8858683,52.373937],[4.8858417,52.3739473],[4.8858452,52.3739507],[4.885796,52.3739699],[4.8856545,52.3740241],[4.885651,52.3740207],[4.8856234,52.3740313],[4.8856223,52.3740311],[4.8857052,52.3741224],[4.885743,52.374108],[4.88575,52.3741149],[4.885847,52.374078],[4.885872,52.3741025],[4.8859167,52.3740855],[4.885907,52.3740762],[4.8859471,52.3740557],[4.8859846,52.3740831],[4.8860344,52.3740575],[4.8860123,52.3740414],[4.8859998,52.3740478]]]},"properties":{"class":"building","class_id":1,"building":"yes"}},{"type":"Feature","geometry":{"type":"Polygon","coordinates":[[[4.8889228,52.3745581],[4.8889214,52.3745546],[4.888919,52.374555],[4.8889097,52.3745327],[4.8889121,52.3745323],[4.8889106,52.3745287],[4.8889082,52.3745291],[4.888904,52.3745191],[4.8889064,52.3745188],[4.8889051,52.3745157],[4.8889055,52.374515],[4.8887646,52.3745511],[4.8887993,52.3745997],[4.8888038,52.3745985],[4.8888028,52.3745971],[4.8888173,52.3745933],[4.8888183,52.3745947],[4.8888234,52.3745934],[4.8888224,52.374592],[4.8888611,52.3745818],[4.8888621,52.3745832],[4.8888695,52.3745812],[4.8888685,52.3745798],[4.8889065,52.3745698],[4.8889074,52.3745712],[4.8889141,52.3745695],[4.8889131,52.3745681],[4.8889204,52.3745585],[4.8889228,52.3745581]]]},"properties":{"class":"building","class_id":1,"building":"apartments"}},{"type":"Feature","geometry":{"type":"Polygon","coordinates":[[[4.8837007,52.3743893],[4.8836996,52.3743745],[4.8836124,52.3743771],[4.8836136,52.3743919],[4.8837007,52.3743893]]]},"properties":{"class":"building","class_id":1,"building":"industrial"}},{"type":"Feature","geometry":{"type":"Polygon","coordinates":[[[4.8894395,52.3744192],[4.8897118,52.3747069],[4.8897942,52.3747009],[4.8896642,52.3745296],[4.889562,52.374389],[4.8895584,52.3743841],[4.8894395,52.3744192]]]},"properties":{"class":"building","class_id":1,"building":"yes"}},{"type":"Feature","geometry":{"type":"Polygon","coordinates":[[[4.8886934,52.3746274],[4.8886225,52.374528],[4.8885693,52.3745422],[4.8886404,52.3746419],[4.8886934,52.3746274]]]},"properties":{"class":"building","class_id":1,"building":"apartments"}},{"type":"Feature","geometry":{"type":"Polygon","coordinates":[[[4.8869384,52.3748912],[4.8868292,52.3747724],[4.8867568,52.3747973],[4.8868664,52.3749167],[4.8869384,52.3748912]]]},"properties":{"class":"building","class_id":1,"building":"house"}},{"type":"Feature","geometry":{"type":"Polygon","coordinates":[[[4.8848361,52.3756069],[4.8847409,52.3755032],[4.8846508,52.3755341],[4.8847464,52.3756384],[4.8848361,52.3756069]]]},"properties":{"class":"building","class_id":1,"building":"apartments"}},{"type":"Feature","geometry":{"type":"Polygon","coordinates":[[[4.8845695,52.3752815],[4.8845341,52.3752429],[4.8844763,52.3752627],[4.8845118,52.3753013],[4.8845695,52.3752815]]]},"properties":{"class":"building","class_id":1,"building":"yes"}},{"type":"Feature","geometry":{"type":"Polygon","coordinates":[[[4.888398,52.3743493],[4.8883097,52.3741836],[4.8882325,52.3741721],[4.8881758,52.3739725],[4.8881103,52.3739821],[4.887862,52.3740094],[4.8876766,52.3740302],[4.8876742,52.3740388],[4.8876576,52.3740547],[4.8876544,52.374063],[4.8877949,52.3742182],[4.8877972,52.3742221],[4.8880687,52.3745183],[4.8881891,52.3744801],[4.8882709,52.374473],[4.8883209,52.3745014],[4.8885523,52.3744421],[4.8885172,52.3743909],[4.8884796,52.3743965],[4.8883782,52.3743951],[4.8884174,52.3743705],[4.8884363,52.3743362],[4.888398,52.3743493]]]},"properties":{"class":"building","class_id":1,"building":"apartments"}},{"type":"Feature","geometry":{"type":"Polygon","coordinates":[[[4.8865266,52.3746541],[4.8864434,52.3745635],[4.8864115,52.3745745],[4.8864,52.3745785],[4.8864832,52.374669],[4.8865266,52.3746541]]]},"properties":{"class":"building","class_id":1,"building":"yes"}},{"type":"Feature","geometry":{"type":"Polygon","coordinates":[[[4.8876861,52.373519],[4.8876721,52.3734664],[4.8875327,52.3734814],[4.88754,52.3735327],[4.8875399,52.3735335],[4.8876861,52.373519]]]},"properties":{"class":"building","class_id":1,"building":"house"}},{"type":"Feature","geometry":{"type":"Polygon","coordinates":[[[4.8861615,52.3740362],[4.8861557,52.374008],[4.8861376,52.3739995],[4.8861062,52.3740019],[4.8861161,52.3740497],[4.8861476,52.3740473],[4.8861615,52.3740362]]]},"properties":{"class":"building","class_id":1,"building":"yes"}},{"type":"Feature","geometry":{"type":"Polygon","coordinates":[[[4.8845863,52.3750448],[4.8845464,52.3750013],[4.8845243,52.3750089],[4.8844938,52.3750194],[4.8845337,52.3750629],[4.8845655,52.375052],[4.8845863,52.3750448]]]},"properties":{"class":"building","class_id":1,"building":"yes"}},{"type":"Feature","geometry":{"type":"Polygon","coordinates":[[[4.8843198,52.3749962],[4.8842554,52.3749259],[4.8842252,52.3749361],[4.8842165,52.3749263],[4.8841901,52.3749351],[4.8842229,52.3749709],[4.8842636,52.3750154],[4.8843198,52.3749962]]]},"properties":{"class":"building","class_id":1,"building":"house"}},{"type":"Feature","geometry":{"type":"Polygon","coordinates":[[[4.8885345,52.3746695],[4.8884804,52.3745936],[4.8884655,52.3745728],[4.8884381,52.3745801],[4.8884136,52.3745867],[4.8884826,52.3746833],[4.8885345,52.3746695]]]},"properties":{"class":"building","class_id":1,"building":"house"}},{"type":"Feature","geometry":{"type":"Polygon","coordinates":[[[4.8881207,52.373538],[4.8880909,52.3734255],[4.8880899,52.3734263],[4.8880184,52.373433],[4.8880597,52.3735886],[4.8881368,52.3735809],[4.8881253,52.3735375],[4.8881207,52.373538]]]},"properties":{"class":"building","class_id":1,"building":"house"}},{"type":"Feature","geometry":{"type":"Polygon","coordinates":[[[4.8872891,52.3746813],[4.887422,52.3746355],[4.8873906,52.3746009],[4.8871889,52.3746704],[4.8872119,52.3746954],[4.8872478,52.374683],[4.8872867,52.3746786],[4.8872891,52.3746813]]]},"properties":{"class":"building","class_id":1,"building":"house"}},{"type":"Feature","geometry":{"type":"Polygon","coordinates":[[[4.8864434,52.3745635],[4.8864013,52.3745177],[4.8863724,52.3745277],[4.8863477,52.3745362],[4.8863756,52.3745665],[4.8863973,52.3745591],[4.8864115,52.3745745],[4.8864434,52.3745635]]]},"properties":{"class":"building","class_id":1,"building":"yes"}},{"type":"Feature","geometry":{"type":"Polygon","coordinates":[[[4.8846684,52.3749594],[4.8845465,52.3748265],[4.884474,52.3748517],[4.8845563,52.3749416],[4.8846033,52.3749254],[4.8846426,52.3749683],[4.8846656,52.3749603],[4.8846684,52.3749594]]]},"properties":{"class":"building","class_id":1,"building":"commercial"}},{"type":"Feature","geometry":{"type":"Polygon","coordinates":[[[4.8846164,52.3750834],[4.8845915,52.3750563],[4.8845747,52.3750621],[4.8845655,52.375052],[4.8845337,52.3750629],[4.8845771,52.3751102],[4.8846089,52.3750993],[4.8845996,52.3750892],[4.8846164,52.3750834]]]},"properties":{"class":"building","class_id":1,"building":"yes"}},{"type":"Feature","geometry":{"type":"Polygon","coordinates":[[[4.8880171,52.3738217],[4.8880156,52.3738168],[4.8879503,52.3738242],[4.8879515,52.3738281],[4.8879582,52.37385],[4.887983,52.3739308],[4.8879838,52.3739303],[4.8880484,52.3739238],[4.8880171,52.3738217]]]},"properties":{"class":"building","class_id":1,"building":"apartments"}},{"type":"Feature","geometry":{"type":"Polygon","coordinates":[[[4.8908283,52.3741329],[4.8907824,52.374087],[4.8907804,52.3740845],[4.8906771,52.3741106],[4.8907384,52.3741799],[4.8908221,52.3741489],[4.8908198,52.3741465],[4.8908245,52.3741343],[4.8908283,52.3741329]]]},"properties":{"class":"building","class_id":1,"building":"yes"}},{"type":"Feature","geometry":{"type":"Polygon","coordinates":[[[4.8868269,52.3745628],[4.8872283,52.3744247],[4.8871759,52.3743662],[4.8869603,52.3744404],[4.8867734,52.3745047],[4.8868096,52.3745441],[4.8867605,52.374561],[4.8867777,52.3745797],[4.8868269,52.3745628]]]},"properties":{"class":"building","class_id":1,"building":"commercial"}},{"type":"Feature","geometry":{"type":"Polygon","coordinates":[[[4.8849864,52.3755565],[4.8848225,52.3753778],[4.8847677,52.3753972],[4.8847481,52.3754039],[4.8847818,52.3754405],[4.8848313,52.3754235],[4.8848652,52.3754605],[4.8848157,52.3754775],[4.8849115,52.375582],[4.8849864,52.3755565]]]},"properties":{"class":"building","class_id":1,"building":"house"}},{"type":"Feature","geometry":{"type":"Polygon","coordinates":[[[4.8906537,52.3742118],[4.8906068,52.3741533],[4.8905792,52.3741603],[4.8905625,52.3741395],[4.8905151,52.3741515],[4.8905332,52.3741719],[4.8905512,52.3741923],[4.8905847,52.3741829],[4.8906213,52.3742243],[4.8906537,52.3742118]]]},"properties":{"class":"building","class_id":1,"building":"house"}},{"type":"Feature","geometry":{"type":"Polygon","coordinates":[[[4.8847984,52.3752698],[4.8847687,52.3752374],[4.8847604,52.3752402],[4.8847483,52.375227],[4.8846996,52.3752437],[4.8847405,52.3752883],[4.8847535,52.3753026],[4.8848023,52.3752858],[4.8847902,52.3752726],[4.8847984,52.3752698]]]},"properties":{"class":"building","class_id":1,"building":"yes"}},{"type":"Feature","geometry":{"type":"Polygon","coordinates":[[[4.8929983,52.3777172],[4.8930029,52.3777234],[4.8931311,52.3778343],[4.8931384,52.3778398],[4.8931453,52.3778441],[4.893154,52.3778483],[4.8931629,52.3778517],[4.8931708,52.3778542],[4.8931875,52.3778576],[4.8931954,52.3778588],[4.8931962,52.3778538],[4.8931966,52.3778476],[4.8931965,52.377843],[4.8931954,52.3778377],[4.8931931,52.3778314],[4.8931895,52.377825],[4.8931852,52.3778196],[4.8931791,52.3778135],[4.8930509,52.3777026],[4.8930428,52.3776979],[4.8930342,52.3776948],[4.8930293,52.377694],[4.8930165,52.377695],[4.8930088,52.3776973],[4.8930026,52.377701],[4.8929969,52.3777081],[4.8929965,52.3777111],[4.8929983,52.3777172]]]},"properties":{"class":"building","class_id":1,"building":"houseboat"}},{"type":"Feature","geometry":{"type":"Polygon","coordinates":[[[4.8919436,52.3767362],[4.8919399,52.3767464],[4.8919409,52.3767512],[4.8919465,52.3767616],[4.8919563,52.3767736],[4.892073,52.376886],[4.8921251,52.3768658],[4.8920084,52.3767533],[4.8919948,52.3767428],[4.8919819,52.3767353],[4.8919751,52.3767327],[4.8919586,52.3767304],[4.8919494,52.3767317],[4.8919436,52.3767362]]]},"properties":{"class":"building","class_id":1,"building":"houseboat"}},{"type":"Feature","geometry":{"type":"Polygon","coordinates":[[[4.8923459,52.377469],[4.8923603,52.3774798],[4.8923737,52.3774876],[4.8923805,52.3774903],[4.8923964,52.377493],[4.8924049,52.3774918],[4.8924098,52.3774874],[4.8924117,52.3774774],[4.89241,52.3774725],[4.8924031,52.377462],[4.8923921,52.3774498],[4.8922648,52.3773349],[4.8922186,52.3773541],[4.8923459,52.377469]]]},"properties":{"class":"building","class_id":1,"building":"houseboat"}},{"type":"Feature","geometry":{"type":"Polygon","coordinates":[[[4.891437,52.375141],[4.8916319,52.3750736],[4.8916319,52.3750728],[4.8916274,52.3750675],[4.8916195,52.37507],[4.8916002,52.3750467],[4.891608,52.3750443],[4.8916035,52.3750389],[4.8916026,52.3750385],[4.8914039,52.3751051],[4.891437,52.375141]]]},"properties":{"class":"building","class_id":1,"building":"yes"}},{"type":"Feature","geometry":{"type":"Polygon","coordinates":[[[4.8923983,52.3779686],[4.89258,52.377893],[4.8925353,52.3778527],[4.892375,52.3779194],[4.8923998,52.3779417],[4.8923658,52.3779558],[4.892341,52.3779335],[4.8922672,52.3779642],[4.8923119,52.3780045],[4.8923735,52.3779789],[4.8923983,52.3779686]]]},"properties":{"class":"building","class_id":1,"building":"apartments"}},{"type":"Feature","geometry":{"type":"Polygon","coordinates":[[[4.8895253,52.3756042],[4.8894298,52.375518],[4.8893685,52.3755441],[4.8894634,52.3756299],[4.8894696,52.3756273],[4.88951,52.3756642],[4.8895284,52.3756567],[4.8895182,52.3756473],[4.8895654,52.375628],[4.8895347,52.3756003],[4.8895253,52.3756042]]]},"properties":{"class":"building","class_id":1,"building":"apartments"}},{"type":"Feature","geometry":{"type":"Polygon","coordinates":[[[4.8910567,52.3747935],[4.8913079,52.3747069],[4.8912722,52.3746596],[4.8911457,52.3747032],[4.8911128,52.3747146],[4.8911399,52.3747441],[4.891094,52.3747599],[4.8910668,52.3747305],[4.8910505,52.3747361],[4.8910151,52.3747483],[4.8910567,52.3747935]]]},"properties":{"class":"building","class_id":1,"building":"yes"}},{"type":"Feature","geometry":{"type":"Polygon","coordinates":[[[4.8920169,52.3776827],[4.892064,52.3776628],[4.8922562,52.3775815],[4.8922385,52.3775654],[4.8922253,52.3775708],[4.8921943,52.3775427],[4.8918318,52.3776956],[4.8918427,52.3777055],[4.8918653,52.3776961],[4.8919034,52.3777307],[4.8920169,52.3776827]]]},"properties":{"class":"building","class_id":1,"building":"house"}},{"type":"Feature","geometry":{"type":"Polygon","coordinates":[[[4.892218,52.376088],[4.8921678,52.3760492],[4.8921646,52.3760473],[4.8921609,52.3760459],[4.8921568,52.3760448],[4.8921525,52.3760443],[4.8921459,52.3760445],[4.8921394,52.376046],[4.8920403,52.3760791],[4.8920838,52.3761287],[4.892218,52.376088]]]},"properties":{"class":"building","class_id":1,"building":"apartments"}},{"type":"Feature","geometry":{"type":"Polygon","coordinates":[[[4.893107,52.3764621],[4.8934252,52.3763732],[4.893427,52.3763722],[4.893366,52.3763396],[4.8930695,52.3764372],[4.8930707,52.3764377],[4.8930786,52.3764431],[4.8930795,52.3764426],[4.8931018,52.3764575],[4.8931009,52.376458],[4.893107,52.3764621]]]},"properties":{"class":"building","class_id":1,"building":"apartments"}},{"type":"Feature","geometry":{"type":"Polygon","coordinates":[[[4.8897539,52.3758171],[4.8901363,52.3756606],[4.8900198,52.3755545],[4.8898157,52.375638],[4.8897876,52.3756495],[4.8898203,52.3756794],[4.8897629,52.3757029],[4.8897303,52.375673],[4.8896546,52.375704],[4.8897385,52.3757808],[4.8897218,52.3757878],[4.8897539,52.3758171]]]},"properties":{"class":"building","class_id":1,"building":"apartments"}},{"type":"Feature","geometry":{"type":"Polygon","coordinates":[[[4.8912578,52.3776809],[4.8912951,52.3776655],[4.891316,52.3776569],[4.8913214,52.3776618],[4.8914323,52.377616],[4.8913903,52.3775702],[4.8912242,52.3776378],[4.8912078,52.3776448],[4.8910049,52.3777316],[4.891043,52.3777766],[4.8912628,52.3776859],[4.8912578,52.3776809]]]},"properties":{"class":"building","class_id":1,"building":"yes"}},{"type":"Feature","geometry":{"type":"Polygon","coordinates":[[[4.8912615,52.3757077],[4.8912964,52.3756922],[4.8913169,52.3757096],[4.891391,52.3756768],[4.8914022,52.3756718],[4.8913783,52.3756515],[4.8913947,52.3756442],[4.8913812,52.3756327],[4.8911224,52.375746],[4.89116,52.3757789],[4.8912819,52.375725],[4.8912615,52.3757077]]]},"properties":{"class":"building","class_id":1,"building":"house"}},{"type":"Feature","geometry":{"type":"Polygon","coordinates":[[[4.8908458,52.3774716],[4.8908897,52.3774529],[4.8909393,52.3774331],[4.8908843,52.377392],[4.8908359,52.3774125],[4.8907509,52.3774486],[4.8907798,52.3774811],[4.8907653,52.377486],[4.8907848,52.3775078],[4.8908407,52.3774836],[4.890833,52.3774771],[4.8908458,52.3774716]]]},"properties":{"class":"building","class_id":1,"building":"house"}},{"type":"Feature","geometry":{"type":"Polygon","coordinates":[[[4.8889551,52.3747941],[4.8891286,52.3747495],[4.8891275,52.3747488],[4.8890823,52.3747082],[4.8890812,52.3747079],[4.8888974,52.3747553],[4.8888408,52.3747741],[4.8888764,52.3748143],[4.8888776,52.374814],[4.8888798,52.3748171],[4.8889573,52.3747972],[4.8889551,52.3747941]]]},"properties":{"class":"building","class_id":1,"building":"apartments"}},{"type":"Feature","geometry":{"type":"Polygon","coordinates":[[[4.8957201,52.3779679],[4.8955571,52.3779433],[4.8955167,52.3779371],[4.8954239,52.3779237],[4.8954097,52.3779618],[4.8954414,52.377967],[4.895488,52.3779733],[4.8954963,52.3779529],[4.8955334,52.3779586],[4.8955251,52.3779789],[4.8956799,52.3780018],[4.8957201,52.3779679]]]},"properties":{"class":"building","class_id":1,"building":"yes"}},{"type":"Feature","geometry":{"type":"Polygon","coordinates":[[[4.8897105,52.3752722],[4.8895172,52.3750987],[4.889515,52.3750973],[4.889322,52.3751793],[4.8893629,52.3752167],[4.8892999,52.3752435],[4.8892442,52.3752671],[4.8894345,52.3754413],[4.8896735,52.3753409],[4.8896749,52.3753422],[4.8897524,52.3753099],[4.8897105,52.3752722]]]},"properties":{"class":"building","class_id":1,"building":"yes"}},{"type":"Feature","geometry":{"type":"Polygon","coordinates":[[[4.8930695,52.3764372],[4.893366,52.3763396],[4.8933202,52.3763114],[4.8933184,52.3763125],[4.8933075,52.3763059],[4.8933093,52.3763047],[4.8933041,52.3763019],[4.893026,52.3764053],[4.8930298,52.376408],[4.893032,52.376407],[4.8930404,52.3764131],[4.8930382,52.3764143],[4.8930695,52.3764372]]]},"properties":{"class":"building","class_id":1,"building":"apartments"}},{"type":"Feature","geometry":{"type":"Polygon","coordinates":[[[4.8913143,52.3749176],[4.8914518,52.3748729],[4.8914412,52.3748611],[4.8914386,52.374862],[4.8914239,52.3748454],[4.8914264,52.3748446],[4.891425,52.374843],[4.8914225,52.3748438],[4.8914151,52.3748355],[4.8914176,52.3748347],[4.8914154,52.3748322],[4.8912788,52.3748774],[4.8913143,52.3749176]]]},"properties":{"class":"building","class_id":1,"building":"yes"}},{"type":"Feature","geometry":{"type":"Polygon","coordinates":[[[4.891571,52.3771645],[4.8915198,52.3771199],[4.8914925,52.377096],[4.891472,52.3770782],[4.8914659,52.3770807],[4.8914516,52.3770682],[4.8914068,52.3770865],[4.8914128,52.3770917],[4.8914333,52.3770829],[4.8914616,52.3771077],[4.8914411,52.3771164],[4.8915199,52.3771851],[4.891571,52.3771645]]]},"properties":{"class":"building","class_id":1,"building":"house"}},{"type":"Feature","geometry":{"type":"Polygon","coordinates":[[[4.8923612,52.3758312],[4.8925365,52.3757524],[4.8924849,52.3757101],[4.8922683,52.3758007],[4.8922054,52.375827],[4.8922067,52.3758274],[4.8922696,52.3758725],[4.8922706,52.375872],[4.8923307,52.3759117],[4.8923319,52.375913],[4.8923797,52.3758919],[4.8924204,52.3758739],[4.8923612,52.3758312]]]},"properties":{"class":"building","class_id":1,"building":"apartments"}},{"type":"Feature","geometry":{"type":"Polygon","coordinates":[[[4.8908853,52.3752334],[4.8908898,52.3752385],[4.8910481,52.3751961],[4.8910447,52.3751934],[4.8910435,52.375194],[4.8910116,52.3751693],[4.8910127,52.3751687],[4.8910118,52.3751681],[4.8910107,52.3751686],[4.8910024,52.3751623],[4.8910036,52.3751617],[4.8909997,52.3751586],[4.8908541,52.3751976],[4.8908853,52.3752334]]]},"properties":{"class":"building","class_id":1,"building":"apartments"}},{"type":"Feature","geometry":{"type":"Polygon","coordinates":[[[4.8899923,52.3757997],[4.8901963,52.3757168],[4.8901562,52.3756791],[4.890171,52.3756732],[4.8901519,52.3756553],[4.8901373,52.3756613],[4.8901363,52.3756606],[4.8897539,52.3758171],[4.8897476,52.3758197],[4.8898077,52.3758747],[4.8899381,52.3758217],[4.8899056,52.3757918],[4.8899598,52.3757697],[4.8899923,52.3757997]]]},"properties":{"class":"building","class_id":1,"building":"apartments"}},{"type":"Feature","geometry":{"type":"Polygon","coordinates":[[[4.8888192,52.3747497],[4.8887567,52.3746792],[4.8886981,52.3746939],[4.8886975,52.3746943],[4.8887711,52.3747774],[4.8887742,52.3747764],[4.8887987,52.3748041],[4.8887956,52.3748051],[4.8888158,52.374828],[4.8888172,52.3748295],[4.8888764,52.3748143],[4.8888408,52.3747741],[4.8888325,52.3747647],[4.8888192,52.3747497]]]},"properties":{"class":"building","class_id":1,"building":"house"}},{"type":"Feature","geometry":{"type":"Polygon","coordinates":[[[4.8927925,52.3766563],[4.89294,52.3766041],[4.8928802,52.3765619],[4.8928787,52.3765628],[4.8928124,52.3765877],[4.8926965,52.3766318],[4.8926566,52.3766469],[4.8925764,52.3766774],[4.8926278,52.3767147],[4.8926883,52.3766933],[4.8926684,52.3766723],[4.8927307,52.3766502],[4.8927505,52.3766712],[4.8927925,52.3766563]]]},"properties":{"class":"building","class_id":1,"building":"yes"}},{"type":"Feature","geometry":{"type":"Polygon","coordinates":[[[4.8921684,52.3777558],[4.8923468,52.377682],[4.8923163,52.3776541],[4.8923297,52.3776486],[4.8923154,52.3776355],[4.892302,52.377641],[4.8919689,52.3777788],[4.8919698,52.3777795],[4.892014,52.3778197],[4.8921374,52.3777687],[4.8921227,52.3777552],[4.8921365,52.3777495],[4.8921242,52.3777383],[4.8921415,52.3777312],[4.8921684,52.3777558]]]},"properties":{"class":"building","class_id":1,"building":"apartments"}},{"type":"Feature","geometry":{"type":"Polygon","coordinates":[[[4.8929988,52.3771736],[4.8930352,52.3771117],[4.8929281,52.3770882],[4.8929153,52.3771078],[4.8928881,52.3771492],[4.8929285,52.3771581],[4.8929101,52.3771862],[4.8928959,52.377208],[4.8928294,52.3773094],[4.8928891,52.3773599],[4.8929538,52.37725],[4.8929116,52.3772407],[4.8929238,52.37722],[4.892966,52.3772293],[4.8929988,52.3771736]]]},"properties":{"class":"building","class_id":1,"building":"apartments"}},{"type":"Feature","geometry":{"type":"Polygon","coordinates":[[[4.8891255,52.375322],[4.8890948,52.3752939],[4.8890587,52.3753093],[4.8890332,52.375286],[4.8890513,52.3752786],[4.8890303,52.3752593],[4.8890122,52.3752667],[4.8889538,52.3752133],[4.8887782,52.3752878],[4.8888209,52.3753343],[4.888819,52.375335],[4.8888938,52.3754157],[4.8890849,52.3753346],[4.8890884,52.3753377],[4.8891225,52.3753233],[4.8891255,52.375322]]]},"properties":{"class":"building","class_id":1,"building":"commercial"}},{"type":"Feature","geometry":{"type":"Polygon","coordinates":[[[4.8910073,52.3746904],[4.8912346,52.3746098],[4.8911965,52.3745642],[4.8911955,52.3745635],[4.8909162,52.3746565],[4.8907787,52.3747025],[4.8907846,52.3747071],[4.8907858,52.3747066],[4.8907956,52.3747144],[4.8907944,52.3747149],[4.8908002,52.3747196],[4.8908014,52.374719],[4.8908179,52.3747323],[4.8908167,52.3747328],[4.8908386,52.3747503],[4.8910073,52.3746904]]]},"properties":{"class":"building","class_id":1,"building":"yes"}},{"type":"Feature","geometry":{"type":"Polygon","coordinates":[[[4.8921757,52.3777869],[4.8922244,52.3777668],[4.8922445,52.3777852],[4.8923933,52.3777236],[4.8923633,52.3776962],[4.8923763,52.3776909],[4.8923602,52.3776765],[4.8923468,52.377682],[4.8921684,52.3777558],[4.8921374,52.3777687],[4.892014,52.3778197],[4.892049,52.3778516],[4.8920344,52.3778577],[4.8920453,52.3778676],[4.8921958,52.3778053],[4.8921757,52.3777869]]]},"properties":{"class":"building","class_id":1,"building":"commercial"}},{"type":"Feature","geometry":{"type":"Polygon","coordinates":[[[4.8897476,52.3758197],[4.8897539,52.3758171],[4.8897218,52.3757878],[4.8897385,52.3757808],[4.8896546,52.375704],[4.8896264,52.3756782],[4.8895565,52.3757068],[4.8895862,52.375734],[4.8894509,52.3757893],[4.8892937,52.3758537],[4.8893377,52.3759023],[4.8893202,52.3759082],[4.8893346,52.3759241],[4.8893521,52.3759182],[4.8893942,52.3759644],[4.8895956,52.3758819],[4.8897476,52.3758197]]]},"properties":{"class":"building","class_id":1,"building":"apartments"}},{"type":"Feature","geometry":{"type":"Polygon","coordinates":[[[4.8911457,52.3747032],[4.8912722,52.3746596],[4.8912695,52.374656],[4.8912681,52.3746563],[4.8912598,52.3746453],[4.8912611,52.3746449],[4.891259,52.3746421],[4.8912576,52.3746425],[4.8912472,52.3746286],[4.8912485,52.3746282],[4.8912346,52.3746098],[4.8910073,52.3746904],[4.8910505,52.3747361],[4.8910668,52.3747305],[4.8911033,52.3747179],[4.8910766,52.374689],[4.8911191,52.3746743],[4.8911457,52.3747032]]]},"properties":{"class":"building","class_id":1,"building":"yes"}},{"type":"Feature","geometry":{"type":"Polygon","coordinates":[[[4.8907532,52.3751318],[4.8909096,52.375092],[4.8909057,52.3750891],[4.8909045,52.3750897],[4.8908948,52.375083],[4.8908962,52.3750822],[4.8908887,52.3750767],[4.8908876,52.3750773],[4.8908762,52.375069],[4.8908774,52.3750685],[4.8908434,52.3750437],[4.8907048,52.3750776],[4.8906142,52.3750989],[4.8906639,52.3751544],[4.8907172,52.3751409],[4.8907204,52.3751401],[4.890709,52.3751274],[4.8907419,52.3751191],[4.8907532,52.3751318]]]},"properties":{"class":"building","class_id":1,"building":"apartments"}},{"type":"Feature","geometry":{"type":"Polygon","coordinates":[[[4.8908541,52.3751976],[4.8909997,52.3751586],[4.8909949,52.375155],[4.8909917,52.3751565],[4.890963,52.375135],[4.8909664,52.3751333],[4.8909632,52.3751308],[4.8909608,52.375132],[4.8909501,52.375124],[4.8909527,52.3751228],[4.8909481,52.3751192],[4.8907386,52.3751725],[4.8907172,52.3751409],[4.8906639,52.3751544],[4.8906255,52.3751642],[4.8905148,52.3751923],[4.8905738,52.3752508],[4.8907585,52.3752019],[4.8907737,52.3752192],[4.8908541,52.3751976]]]},"properties":{"class":"building","class_id":1,"building":"apartments"}},{"type":"Feature","geometry":{"type":"Polygon","coordinates":[[[4.8914931,52.3757982],[4.8915346,52.3758334],[4.8917611,52.3757332],[4.8917524,52.375726],[4.8917512,52.3757265],[4.8917266,52.3757063],[4.8917278,52.3757058],[4.8917024,52.3756849],[4.8917012,52.3756854],[4.8916854,52.3756725],[4.8916866,52.3756719],[4.8916813,52.3756676],[4.8916802,52.3756681],[4.8916679,52.375658],[4.891669,52.3756575],[4.8916638,52.3756531],[4.8914662,52.3757405],[4.8914798,52.375752],[4.891514,52.3757809],[4.8914869,52.3757929],[4.8914931,52.3757982]]]},"properties":{"class":"building","class_id":1,"building":"apartments"}},{"type":"Feature","geometry":{"type":"Polygon","coordinates":[[[4.8889975,52.3751913],[4.8889662,52.3751638],[4.8890162,52.3751425],[4.889001,52.3751292],[4.8890384,52.3751133],[4.8890848,52.3751542],[4.8891586,52.3751229],[4.8891563,52.3751207],[4.8890817,52.3750491],[4.8890807,52.3750492],[4.8889285,52.3750937],[4.8888705,52.3751144],[4.8888953,52.3751401],[4.8889226,52.3751683],[4.8887345,52.3752413],[4.888719,52.3752469],[4.8887323,52.3752611],[4.8887481,52.3752555],[4.8887782,52.3752878],[4.8889538,52.3752133],[4.88899,52.375198],[4.8889975,52.3751913]]]},"properties":{"class":"building","class_id":1,"building":"apartments"}},{"type":"Feature","geometry":{"type":"Polygon","coordinates":[[[4.8952907,52.3775015],[4.8951646,52.3774149],[4.8949786,52.3775069],[4.8949806,52.3775076],[4.8949797,52.3775085],[4.8951585,52.3775716],[4.8951717,52.3775749],[4.8951809,52.3775765],[4.895195,52.3775778],[4.8952045,52.377578],[4.895214,52.3775776],[4.8952281,52.3775761],[4.8952372,52.3775744],[4.8952501,52.3775708],[4.8952541,52.3775693],[4.8952652,52.3775641],[4.8952718,52.3775601],[4.8952805,52.3775534],[4.8952853,52.3775485],[4.895291,52.3775407],[4.8952937,52.3775352],[4.8952961,52.3775268],[4.8952965,52.377521],[4.895296,52.3775153],[4.8952954,52.3775125],[4.8952935,52.3775069],[4.8952907,52.3775015]]]},"properties":{"class":"building","class_id":1,"building":"yes"}},{"type":"Feature","geometry":{"type":"Polygon","coordinates":[[[4.8937455,52.3765622],[4.8937082,52.3765418],[4.8936927,52.3765303],[4.8935965,52.3764732],[4.8935799,52.3764623],[4.8933881,52.3764855],[4.8932019,52.3765258],[4.8932629,52.3765679],[4.8932803,52.3765783],[4.8933987,52.37666],[4.8935777,52.3766521],[4.8936425,52.3766544],[4.8938401,52.3766221],[4.8937878,52.3765887],[4.8937545,52.3765684],[4.8937486,52.3765633],[4.8937455,52.3765622]]]},"properties":{"class":"building","class_id":1,"building":"yes"}},{"type":"Feature","geometry":{"type":"Polygon","coordinates":[[[4.8954218,52.3778875],[4.8954645,52.3777726],[4.8953987,52.3777568],[4.8953612,52.3778808],[4.8954218,52.3778875]]]},"properties":{"class":"building","class_id":1,"building":"yes"}},{"type":"Feature","geometry":{"type":"Polygon","coordinates":[[[4.8912748,52.3774431],[4.8912235,52.3773883],[4.8911648,52.3774138],[4.8912164,52.377468],[4.8912748,52.3774431]]]},"properties":{"class":"building","class_id":1,"building":"house"}},{"type":"Feature","geometry":{"type":"Polygon","coordinates":[[[4.8956808,52.3778839],[4.8957081,52.3778291],[4.8956409,52.3778149],[4.8956079,52.3778728],[4.8956808,52.3778839]]]},"properties":{"class":"building","class_id":1,"building":"yes"}},{"type":"Feature","geometry":{"type":"Polygon","coordinates":[[[4.8955245,52.37786],[4.8955618,52.3777961],[4.8954755,52.3777757],[4.8954506,52.3778477],[4.8955245,52.37786]]]},"properties":{"class":"building","class_id":1,"building":"yes"}},{"type":"Feature","geometry":{"type":"Polygon","coordinates":[[[4.8917446,52.3762258],[4.8916981,52.3761908],[4.891627,52.3762154],[4.8916681,52.3762521],[4.8917446,52.3762258]]]},"properties":{"class":"building","class_id":1,"building":"apartments"}},{"type":"Feature","geometry":{"type":"Polygon","coordinates":[[[4.889057,52.3755964],[4.8892156,52.3755309],[4.8891681,52.3754874],[4.8890161,52.3755519],[4.889057,52.3755964]]]},"properties":{"class":"building","class_id":1,"building":"yes"}},{"type":"Feature","geometry":{"type":"Polygon","coordinates":[[[4.8940129,52.377668],[4.8940389,52.3776403],[4.8939081,52.377615],[4.8938911,52.3776445],[4.8940129,52.377668]]]},"properties":{"class":"building","class_id":1,"building":"apartments"}},{"type":"Feature","geometry":{"type":"Polygon","coordinates":[[[4.8937169,52.3766852],[4.8936994,52.3766451],[4.8936425,52.3766544],[4.8936628,52.3766967],[4.8937169,52.3766852]]]},"properties":{"class":"building","class_id":1,"building":"house"}},{"type":"Feature","geometry":{"type":"Polygon","coordinates":[[[4.8925098,52.3758903],[4.8924617,52.3758556],[4.8924204,52.3758739],[4.892468,52.3759082],[4.8925098,52.3758903]]]},"properties":{"class":"building","class_id":1,"building":"retail"}},{"type":"Feature","geometry":{"type":"Polygon","coordinates":[[[4.8915494,52.3777435],[4.8915167,52.3777059],[4.8914306,52.3777416],[4.8914624,52.3777768],[4.8915494,52.3777435]]]},"properties":{"class":"building","class_id":1,"building":"yes"}},{"type":"Feature","geometry":{"type":"Polygon","coordinates":[[[4.891006,52.3769036],[4.8910402,52.3768897],[4.8910324,52.3768826],[4.8909981,52.3768964],[4.891006,52.3769036]]]},"properties":{"class":"building","class_id":1,"building":"yes"}},{"type":"Feature","geometry":{"type":"Polygon","coordinates":[[[4.893373,52.3774363],[4.8934627,52.3773089],[4.8933284,52.377232],[4.8932076,52.377403],[4.893373,52.3774363]]]},"properties":{"class":"building","class_id":1,"building":"apartments"}},{"type":"Feature","geometry":{"type":"Polygon","coordinates":[[[4.8925145,52.3769147],[4.8924556,52.3768478],[4.8923709,52.3768967],[4.8924114,52.3769344],[4.8925145,52.3769147]]]},"properties":{"class":"building","class_id":1,"building":"apartments"}},{"type":"Feature","geometry":{"type":"Polygon","coordinates":[[[4.8925101,52.3759768],[4.8924609,52.3759413],[4.8924077,52.375962],[4.8924541,52.3759988],[4.8925101,52.3759768]]]},"properties":{"class":"building","class_id":1,"building":"retail"}},{"type":"Feature","geometry":{"type":"Polygon","coordinates":[[[4.889184,52.3757366],[4.8893081,52.3756852],[4.8892669,52.375648],[4.8891483,52.3756972],[4.889184,52.3757366]]]},"properties":{"class":"building","class_id":1,"building":"apartments"}},{"type":"Feature","geometry":{"type":"Polygon","coordinates":[[[4.8891483,52.3756972],[4.8892669,52.375648],[4.8892214,52.3756071],[4.8891055,52.3756529],[4.8891483,52.3756972]]]},"properties":{"class":"building","class_id":1,"building":"house"}},{"type":"Feature","geometry":{"type":"Polygon","coordinates":[[[4.8916763,52.3772551],[4.8918153,52.3771987],[4.8917679,52.3771544],[4.8916302,52.377213],[4.8916763,52.3772551]]]},"properties":{"class":"building","class_id":1,"building":"yes"}},{"type":"Feature","geometry":{"type":"Polygon","coordinates":[[[4.8909561,52.3745209],[4.8911072,52.3744532],[4.8911045,52.3744435],[4.8910876,52.3744245],[4.8910829,52.3744167],[4.8910542,52.3743875],[4.890944,52.374262],[4.8907506,52.3743307],[4.8907634,52.3743564],[4.8906938,52.374436],[4.8905001,52.3744425],[4.89069,52.3746316],[4.8906986,52.374632],[4.8907135,52.3746439],[4.8907442,52.3746766],[4.8907765,52.3747027],[4.8909162,52.3746565],[4.8908347,52.3745705],[4.8908165,52.3745407],[4.8908619,52.3745608],[4.8909057,52.3745388],[4.8909561,52.3745209]]]},"properties":{"class":"building","class_id":1,"building":"commercial"}},{"type":"Feature","geometry":{"type":"Polygon","coordinates":[[[4.8920192,52.3765681],[4.892119,52.3765163],[4.8920723,52.3764795],[4.8919759,52.376532],[4.8920182,52.3765678],[4.8920192,52.3765681]]]},"properties":{"class":"building","class_id":1,"building":"house"}},{"type":"Feature","geometry":{"type":"Polygon","coordinates":[[[4.8907477,52.3764124],[4.8907009,52.3763692],[4.8906754,52.3763796],[4.890662,52.376385],[4.8907089,52.3764282],[4.8907477,52.3764124]]]},"properties":{"class":"building","class_id":1,"building":"house"}},{"type":"Feature","geometry":{"type":"Polygon","coordinates":[[[4.8940318,52.3777529],[4.8940129,52.377668],[4.8938911,52.3776445],[4.8938411,52.3777313],[4.8938558,52.3777336],[4.8940318,52.3777529]]]},"properties":{"class":"building","class_id":1,"building":"yes"}},{"type":"Feature","geometry":{"type":"Polygon","coordinates":[[[4.8922555,52.3767935],[4.8923808,52.3766933],[4.8923994,52.3766784],[4.8923698,52.3766585],[4.8922286,52.3767669],[4.8922555,52.3767935]]]},"properties":{"class":"building","class_id":1,"building":"apartments"}},{"type":"Feature","geometry":{"type":"Polygon","coordinates":[[[4.8925101,52.3759768],[4.8927187,52.3758946],[4.892672,52.3758584],[4.8925429,52.3759094],[4.8924609,52.3759413],[4.8925101,52.3759768]]]},"properties":{"class":"building","class_id":1,"building":"yes"}},{"type":"Feature","geometry":{"type":"Polygon","coordinates":[[[4.8931903,52.3767874],[4.893143,52.3767518],[4.8931419,52.3767523],[4.8930338,52.3767719],[4.8930546,52.3768149],[4.8931903,52.3767874]]]},"properties":{"class":"building","class_id":1,"building":"yes"}},{"type":"Feature","geometry":{"type":"Polygon","coordinates":[[[4.8915873,52.3775536],[4.8915699,52.3775354],[4.8915406,52.3775047],[4.8914753,52.377531],[4.8915213,52.3775817],[4.8915873,52.3775536]]]},"properties":{"class":"building","class_id":1,"building":"apartments"}},{"type":"Feature","geometry":{"type":"Polygon","coordinates":[[[4.8914053,52.3778427],[4.8914225,52.3778617],[4.8915941,52.3777917],[4.8915586,52.377752],[4.891386,52.3778214],[4.8914053,52.3778427]]]},"properties":{"class":"building","class_id":1,"building":"house"}},{"type":"Feature","geometry":{"type":"Polygon","coordinates":[[[4.8885208,52.374797],[4.8884801,52.3747509],[4.8884206,52.3747658],[4.8884201,52.3747664],[4.8884609,52.3748124],[4.8885208,52.374797]]]},"properties":{"class":"building","class_id":1,"building":"house"}},{"type":"Feature","geometry":{"type":"Polygon","coordinates":[[[4.8914624,52.3777768],[4.8914306,52.3777416],[4.8914176,52.3777469],[4.8913457,52.3777767],[4.8913758,52.3778101],[4.8914624,52.3777768]]]},"properties":{"class":"building","class_id":1,"building":"industrial"}},{"type":"Feature","geometry":{"type":"Polygon","coordinates":[[[4.8914294,52.3757093],[4.8914662,52.3757405],[4.8916638,52.3756531],[4.8916105,52.375612],[4.8914161,52.375698],[4.8914294,52.3757093]]]},"properties":{"class":"building","class_id":1,"building":"house"}},{"type":"Feature","geometry":{"type":"Polygon","coordinates":[[[4.8939178,52.3768595],[4.8941147,52.3767932],[4.8940593,52.3767609],[4.8938308,52.3768352],[4.8938649,52.3768774],[4.8939178,52.3768595]]]},"properties":{"class":"building","class_id":1,"building":"yes"}},{"type":"Feature","geometry":{"type":"Polygon","coordinates":[[[4.8888974,52.3747553],[4.8890812,52.3747079],[4.8890324,52.3746648],[4.8889061,52.3746972],[4.8888571,52.3747098],[4.8888974,52.3747553]]]},"properties":{"class":"building","class_id":1,"building":"retail"}},{"type":"Feature","geometry":{"type":"Polygon","coordinates":[[[4.888615,52.3751133],[4.8888462,52.3750466],[4.8888004,52.3749996],[4.8885706,52.3750658],[4.8885717,52.3750665],[4.888615,52.3751133]]]},"properties":{"class":"building","class_id":1,"building":"apartments"}},{"type":"Feature","geometry":{"type":"Polygon","coordinates":[[[4.8897501,52.3754471],[4.8897024,52.375404],[4.8896785,52.3754141],[4.8896699,52.3754065],[4.8896538,52.3754134],[4.8897098,52.3754638],[4.8897501,52.3754471]]]},"properties":{"class":"building","class_id":1,"building":"house"}},{"type":"Feature","geometry":{"type":"Polygon","coordinates":[[[4.8887308,52.3748065],[4.8886439,52.3747084],[4.8885906,52.3747227],[4.8886593,52.3748003],[4.8886771,52.3747944],[4.8886975,52.3748175],[4.8887308,52.3748065]]]},"properties":{"class":"building","class_id":1,"building":"apartments"}},{"type":"Feature","geometry":{"type":"Polygon","coordinates":[[[4.8926566,52.3766469],[4.892629,52.3766215],[4.8926452,52.3766153],[4.8926277,52.3765991],[4.8925236,52.3766413],[4.8925764,52.3766774],[4.8926566,52.3766469]]]},"properties":{"class":"building","class_id":1,"building":"apartments"}},{"type":"Feature","geometry":{"type":"Polygon","coordinates":[[[4.8926591,52.3771613],[4.8927312,52.3770417],[4.89272,52.3770381],[4.8926923,52.3770842],[4.8926588,52.3770739],[4.8926046,52.3771125],[4.8926591,52.3771613]]]},"properties":{"class":"building","class_id":1,"building":"apartments"}},{"type":"Feature","geometry":{"type":"Polygon","coordinates":[[[4.8908312,52.3743021],[4.890944,52.374262],[4.8909164,52.3742296],[4.8908277,52.3742604],[4.8908025,52.3742692],[4.8908236,52.3742933],[4.8908312,52.3743021]]]},"properties":{"class":"building","class_id":1,"building":"yes"}},{"type":"Feature","geometry":{"type":"Polygon","coordinates":[[[4.8938027,52.3767876],[4.8940024,52.3767226],[4.8939411,52.3766807],[4.8937455,52.3767167],[4.8938021,52.3767718],[4.8937909,52.3767761],[4.8938027,52.3767876]]]},"properties":{"class":"building","class_id":1,"building":"yes"}},{"type":"Feature","geometry":{"type":"Polygon","coordinates":[[[4.8938411,52.3777313],[4.8938911,52.3776445],[4.8939081,52.377615],[4.893737,52.3775812],[4.8936632,52.3777028],[4.8937522,52.3777176],[4.8938411,52.3777313]]]},"properties":{"class":"building","class_id":1,"building":"apartments"}},{"type":"Feature","geometry":{"type":"Polygon","coordinates":[[[4.8912242,52.3776378],[4.8913903,52.3775702],[4.8913879,52.3775675],[4.8913888,52.3775672],[4.891348,52.3775229],[4.8911804,52.3775945],[4.8912242,52.3776378]]]},"properties":{"class":"building","class_id":1,"building":"apartments"}},{"type":"Feature","geometry":{"type":"Polygon","coordinates":[[[4.8958419,52.3778661],[4.8958529,52.3778571],[4.895836,52.3778535],[4.8957081,52.3778291],[4.8956808,52.3778839],[4.8957994,52.3779014],[4.8958419,52.3778661]]]},"properties":{"class":"building","class_id":1,"building":"yes"}},{"type":"Feature","geometry":{"type":"Polygon","coordinates":[[[4.8953007,52.3778746],[4.8953255,52.3777407],[4.895238,52.3777214],[4.895217,52.3779378],[4.8952877,52.3779433],[4.8952987,52.3778822],[4.8953007,52.3778746]]]},"properties":{"class":"building","class_id":1,"building":"house"}},{"type":"Feature","geometry":{"type":"Polygon","coordinates":[[[4.8907386,52.3751725],[4.8909481,52.3751192],[4.8909096,52.375092],[4.8907532,52.3751318],[4.8907204,52.3751401],[4.8907172,52.3751409],[4.8907386,52.3751725]]]},"properties":{"class":"building","class_id":1,"building":"yes"}},{"type":"Feature","geometry":{"type":"Polygon","coordinates":[[[4.8912499,52.3775033],[4.8912164,52.377468],[4.8911648,52.3774138],[4.8911118,52.3774363],[4.8911799,52.3775079],[4.891197,52.3775258],[4.8912499,52.3775033]]]},"properties":{"class":"building","class_id":1,"building":"yes"}},{"type":"Feature","geometry":{"type":"Polygon","coordinates":[[[4.8919065,52.3764725],[4.8919846,52.3764301],[4.8919679,52.3764167],[4.8919541,52.3764056],[4.8919473,52.3764095],[4.8918792,52.376448],[4.8919065,52.3764725]]]},"properties":{"class":"building","class_id":1,"building":"apartments"}},{"type":"Feature","geometry":{"type":"Polygon","coordinates":[[[4.8944717,52.3772497],[4.8947354,52.3771214],[4.8946808,52.3770893],[4.8946798,52.3770898],[4.8944968,52.3771793],[4.8944138,52.3772203],[4.8944132,52.3772207],[4.8944717,52.3772497]]]},"properties":{"class":"building","class_id":1,"building":"yes"}},{"type":"Feature","geometry":{"type":"Polygon","coordinates":[[[4.8904282,52.376949],[4.890416,52.3769371],[4.8904536,52.3769225],[4.8904357,52.3769037],[4.89036,52.3769342],[4.8903006,52.3769582],[4.8903304,52.3769884],[4.8904282,52.376949]]]},"properties":{"class":"building","class_id":1,"building":"house"}},{"type":"Feature","geometry":{"type":"Polygon","coordinates":[[[4.8913654,52.3759635],[4.8915708,52.3758824],[4.8915856,52.3758765],[4.891565,52.375859],[4.8915413,52.3758695],[4.8915109,52.3758438],[4.8913246,52.3759263],[4.8913654,52.3759635]]]},"properties":{"class":"building","class_id":1,"building":"yes"}},{"type":"Feature","geometry":{"type":"Polygon","coordinates":[[[4.8920723,52.3764795],[4.8921567,52.3764335],[4.8921118,52.3764003],[4.8920321,52.3764429],[4.8920132,52.376453],[4.8919341,52.3764953],[4.8919759,52.376532],[4.8920723,52.3764795]]]},"properties":{"class":"building","class_id":1,"building":"apartments"}},{"type":"Feature","geometry":{"type":"Polygon","coordinates":[[[4.8927617,52.3760904],[4.8928998,52.3760293],[4.8928995,52.3760283],[4.8928599,52.375999],[4.8928591,52.3759994],[4.8928584,52.3759988],[4.8927193,52.376059],[4.8927617,52.3760904]]]},"properties":{"class":"building","class_id":1,"building":"yes"}},{"type":"Feature","geometry":{"type":"Polygon","coordinates":[[[4.8894634,52.3756299],[4.8893685,52.3755441],[4.889321,52.3755644],[4.8893205,52.3755649],[4.889389,52.3756267],[4.8894111,52.3756175],[4.8894369,52.3756409],[4.8894634,52.3756299]]]},"properties":{"class":"building","class_id":1,"building":"yes"}},{"type":"Feature","geometry":{"type":"Polygon","coordinates":[[[4.8926448,52.3760392],[4.8928141,52.3759648],[4.8928149,52.3759643],[4.8927742,52.3759339],[4.8925732,52.3760151],[4.8925937,52.3760299],[4.8926181,52.37602],[4.8926448,52.3760392]]]},"properties":{"class":"building","class_id":1,"building":"yes"}},{"type":"Feature","geometry":{"type":"Polygon","coordinates":[[[4.8937597,52.3774733],[4.8936516,52.3774101],[4.8935465,52.3773409],[4.8935334,52.3773494],[4.8934617,52.3774519],[4.893463,52.3774518],[4.8937366,52.3775009],[4.8937597,52.3774733]]]},"properties":{"class":"building","class_id":1,"building":"apartments"}},{"type":"Feature","geometry":{"type":"Polygon","coordinates":[[[4.8916362,52.3775945],[4.8916875,52.3775727],[4.8916449,52.377533],[4.891642,52.3775303],[4.8915873,52.3775536],[4.8915213,52.3775817],[4.8915617,52.3776262],[4.8916362,52.3775945]]]},"properties":{"class":"building","class_id":1,"building":"apartments"}},{"type":"Feature","geometry":{"type":"Polygon","coordinates":[[[4.8938436,52.3774777],[4.8941045,52.3773136],[4.8940217,52.3772714],[4.8938935,52.3773459],[4.8938985,52.3773492],[4.8937637,52.3774275],[4.8938419,52.3774773],[4.8938436,52.3774777]]]},"properties":{"class":"building","class_id":1,"building":"yes"}},{"type":"Feature","geometry":{"type":"Polygon","coordinates":[[[4.8933302,52.377633],[4.8934044,52.3775137],[4.893306,52.377493],[4.8932532,52.3775366],[4.8931274,52.377586],[4.8932682,52.3777202],[4.8932712,52.377719],[4.8933302,52.377633]]]},"properties":{"class":"building","class_id":1,"building":"apartments"}},{"type":"Feature","geometry":{"type":"Polygon","coordinates":[[[4.8936628,52.3766967],[4.8936425,52.3766544],[4.8935829,52.3766641],[4.8935777,52.3766521],[4.8935527,52.3766562],[4.8935644,52.3766832],[4.893578,52.3767141],[4.8936628,52.3766967]]]},"properties":{"class":"building","class_id":1,"building":"apartments"}},{"type":"Feature","geometry":{"type":"Polygon","coordinates":[[[4.894419,52.3769368],[4.8942087,52.3770149],[4.8941521,52.3769579],[4.8943329,52.3768942],[4.894419,52.3769368]]]},"properties":{"class":"building","class_id":1,"building":"yes"}},{"type":"Feature","geometry":{"type":"Polygon","coordinates":[[[4.8885287,52.3748513],[4.8885107,52.374831],[4.8885435,52.3748226],[4.8885208,52.374797],[4.8884609,52.3748124],[4.8883635,52.3748374],[4.8883636,52.3748379],[4.8884048,52.3748831],[4.8885287,52.3748513]]]},"properties":{"class":"building","class_id":1,"building":"apartments"}},{"type":"Feature","geometry":{"type":"Polygon","coordinates":[[[4.8928036,52.376249],[4.8930581,52.3761408],[4.8930311,52.3761222],[4.8930113,52.376109],[4.8928763,52.3761666],[4.8927582,52.3762172],[4.8928022,52.3762497],[4.8928036,52.376249]]]},"properties":{"class":"building","class_id":1,"building":"apartments"}},{"type":"Feature","geometry":{"type":"Polygon","coordinates":[[[4.8957994,52.3779014],[4.8956808,52.3778839],[4.8956079,52.3778728],[4.8955696,52.3778669],[4.8955631,52.3778827],[4.895518,52.3778758],[4.8955096,52.3778961],[4.8957582,52.3779343],[4.8957994,52.3779014]]]},"properties":{"class":"building","class_id":1,"building":"yes"}},{"type":"Feature","geometry":{"type":"Polygon","coordinates":[[[4.8910519,52.3775255],[4.8910998,52.3775051],[4.8910545,52.377459],[4.8910532,52.3774588],[4.8909862,52.3774881],[4.8910102,52.3775134],[4.8910223,52.3775082],[4.8910425,52.3775295],[4.8910519,52.3775255]]]},"properties":{"class":"building","class_id":1,"building":"yes"}},{"type":"Feature","geometry":{"type":"Polygon","coordinates":[[[4.8920262,52.3761868],[4.8919981,52.3761548],[4.8919564,52.3761072],[4.891896,52.3761264],[4.8918945,52.3761263],[4.8918925,52.376146],[4.891894,52.3761461],[4.8919447,52.3762103],[4.8920262,52.3761868]]]},"properties":{"class":"building","class_id":1,"building":"yes"}},{"type":"Feature","geometry":{"type":"Polygon","coordinates":[[[4.8891629,52.375118],[4.8894181,52.3750096],[4.8894172,52.3750091],[4.8893789,52.3749745],[4.8891888,52.3750552],[4.8891615,52.3750269],[4.8890817,52.3750491],[4.8891563,52.3751207],[4.8891629,52.375118]]]},"properties":{"class":"building","class_id":1,"building":"apartments"}},{"type":"Feature","geometry":{"type":"Polygon","coordinates":[[[4.889322,52.3751793],[4.889515,52.3750973],[4.8895164,52.3750966],[4.8895017,52.375084],[4.889471,52.3750567],[4.8892148,52.3751655],[4.8892999,52.3752435],[4.8893629,52.3752167],[4.889322,52.3751793]]]},"properties":{"class":"building","class_id":1,"building":"commercial"}},{"type":"Feature","geometry":{"type":"Polygon","coordinates":[[[4.892468,52.3759082],[4.8924204,52.3758739],[4.8923797,52.3758919],[4.8924269,52.3759259],[4.892429,52.375925],[4.892428,52.3759241],[4.8924364,52.3759205],[4.8924374,52.3759213],[4.892468,52.3759082]]]},"properties":{"class":"building","class_id":1,"building":"retail"}},{"type":"Feature","geometry":{"type":"Polygon","coordinates":[[[4.8893245,52.3754851],[4.889232,52.3754005],[4.8892148,52.3754078],[4.8891724,52.3754258],[4.8892181,52.3754662],[4.8892218,52.3754646],[4.8892696,52.3755083],[4.8892702,52.3755077],[4.8893245,52.3754851]]]},"properties":{"class":"building","class_id":1,"building":"yes"}},{"type":"Feature","geometry":{"type":"Polygon","coordinates":[[[4.8943531,52.3771897],[4.8944975,52.3771212],[4.894631,52.3770581],[4.8945778,52.3770264],[4.8945784,52.377026],[4.8945239,52.3769932],[4.8943717,52.3770717],[4.8942302,52.3771299],[4.8943525,52.3771901],[4.8943531,52.3771897]]]},"properties":{"class":"building","class_id":1,"building":"apartments"}},{"type":"Feature","geometry":{"type":"Polygon","coordinates":[[[4.8919541,52.3764056],[4.8919726,52.3763952],[4.892051,52.3763508],[4.8920165,52.3763211],[4.8920153,52.3763216],[4.8919259,52.3763698],[4.8919496,52.3763889],[4.8919328,52.3763979],[4.8919473,52.3764095],[4.8919541,52.3764056]]]},"properties":{"class":"building","class_id":1,"building":"apartments"}},{"type":"Feature","geometry":{"type":"Polygon","coordinates":[[[4.8928763,52.3761666],[4.8930113,52.376109],[4.89301,52.3761088],[4.8929002,52.3760302],[4.8928998,52.3760293],[4.8927617,52.3760904],[4.8926502,52.3761398],[4.8927182,52.3761883],[4.8928365,52.3761378],[4.8928763,52.3761666]]]},"properties":{"class":"building","class_id":1,"building":"house"}},{"type":"Feature","geometry":{"type":"Polygon","coordinates":[[[4.8956279,52.3780448],[4.8953729,52.3780075],[4.895213,52.3779928],[4.8952146,52.3779744],[4.8952163,52.3779594],[4.8952166,52.3779489],[4.8951374,52.3779466],[4.8951545,52.3780159],[4.8955889,52.3780771],[4.8956279,52.3780448]]]},"properties":{"class":"building","class_id":1,"building":"yes"}},{"type":"Feature","geometry":{"type":"Polygon","coordinates":[[[4.8907919,52.3762673],[4.8908059,52.3762615],[4.8907895,52.3762464],[4.8907755,52.3762521],[4.8907457,52.3762246],[4.8905238,52.3763147],[4.8905539,52.3763424],[4.8905504,52.3763438],[4.8905666,52.3763588],[4.8907919,52.3762673]]]},"properties":{"class":"building","class_id":1,"building":"apartments"}},{"type":"Feature","geometry":{"type":"Polygon","coordinates":[[[4.8925971,52.3770481],[4.8925927,52.3770121],[4.8926206,52.3770065],[4.8926572,52.3769417],[4.8924637,52.3769836],[4.8925272,52.377043],[4.8925259,52.3770436],[4.8925752,52.377087],[4.8925971,52.3770481]]]},"properties":{"class":"building","class_id":1,"building":"apartments"}},{"type":"Feature","geometry":{"type":"Polygon","coordinates":[[[4.8947578,52.377338],[4.8948075,52.3773171],[4.8947697,52.3772869],[4.8947472,52.3772972],[4.8946593,52.3773416],[4.8946606,52.3773424],[4.8947083,52.3773641],[4.8947112,52.3773617],[4.8947578,52.377338]]]},"properties":{"class":"building","class_id":1,"building":"yes"}},{"type":"Feature","geometry":{"type":"Polygon","coordinates":[[[4.8912868,52.3778469],[4.8912723,52.3778339],[4.8913088,52.3778188],[4.8913232,52.3778318],[4.8913758,52.3778101],[4.8913457,52.3777767],[4.8913001,52.3777956],[4.8911266,52.3778675],[4.8911574,52.3779005],[4.8912868,52.3778469]]]},"properties":{"class":"building","class_id":1,"building":"house"}},{"type":"Feature","geometry":{"type":"Polygon","coordinates":[[[4.8914286,52.3768445],[4.8914418,52.376839],[4.8914294,52.3768277],[4.8914162,52.3768332],[4.891389,52.3768085],[4.8912385,52.3768699],[4.8912619,52.3768913],[4.891224,52.3769073],[4.8912397,52.3769215],[4.8914286,52.3768445]]]},"properties":{"class":"building","class_id":1,"building":"house"}},{"type":"Feature","geometry":{"type":"Polygon","coordinates":[[[4.8913206,52.3750318],[4.8915315,52.3749626],[4.8915109,52.3749389],[4.8915096,52.3749393],[4.8915028,52.3749314],[4.8915041,52.3749309],[4.8915003,52.3749266],[4.8912876,52.3749966],[4.8913206,52.3750318]]]},"properties":{"class":"building","class_id":1,"building":"yes"}},{"type":"Feature","geometry":{"type":"Polygon","coordinates":[[[4.8892696,52.3755083],[4.8892218,52.3754646],[4.8892181,52.3754662],[4.8891681,52.3754874],[4.8892156,52.3755309],[4.889224,52.3755388],[4.8892421,52.3755316],[4.8892332,52.3755233],[4.889269,52.3755089],[4.8892696,52.3755083]]]},"properties":{"class":"building","class_id":1,"building":"house"}},{"type":"Feature","geometry":{"type":"Polygon","coordinates":[[[4.8924998,52.3739224],[4.8928545,52.3738711],[4.8928375,52.3738565],[4.892842,52.3738545],[4.8928387,52.3738516],[4.8928341,52.3738536],[4.8928001,52.3738243],[4.8928047,52.3738223],[4.8928,52.3738184],[4.8924845,52.3738776],[4.8924998,52.3739224]]]},"properties":{"class":"building","class_id":1,"building":"yes"}},{"type":"Feature","geometry":{"type":"Polygon","coordinates":[[[4.8945841,52.3748114],[4.8948856,52.3747086],[4.8948833,52.3747068],[4.8948818,52.3747076],[4.8948489,52.3746821],[4.8948504,52.3746814],[4.8948443,52.3746767],[4.894843,52.3746773],[4.8944912,52.3747948],[4.8945109,52.3748169],[4.8945841,52.3748114]]]},"properties":{"class":"building","class_id":1,"building":"commercial"}},{"type":"Feature","geometry":{"type":"Polygon","coordinates":[[[4.8932355,52.3749487],[4.8932371,52.3748704],[4.8932376,52.3748456],[4.8932381,52.3748191],[4.8931845,52.3748134],[4.8931842,52.3748286],[4.8931966,52.3748287],[4.8931962,52.3748471],[4.8931838,52.374847],[4.8931817,52.374946],[4.8932093,52.374948],[4.8932355,52.3749487]]]},"properties":{"class":"building","class_id":1,"building":"yes"}},{"type":"Feature","geometry":{"type":"Polygon","coordinates":[[[4.8939939,52.3743547],[4.8939767,52.3743106],[4.8938652,52.3743238],[4.8938508,52.3742866],[4.8938095,52.3742891],[4.8936988,52.3742959],[4.8937023,52.3743406],[4.8935067,52.3743525],[4.8935553,52.3743959],[4.8935576,52.374395],[4.8938209,52.3743758],[4.893975,52.3743575],[4.8939939,52.3743547]]]},"properties":{"class":"building","class_id":1,"building":"retail"}},{"type":"Feature","geometry":{"type":"Polygon","coordinates":[[[4.8925152,52.3739672],[4.8929174,52.3739194],[4.8929134,52.373916],[4.8929088,52.3739179],[4.8928748,52.3738886],[4.8928794,52.3738867],[4.892876,52.3738838],[4.8928715,52.3738858],[4.8928545,52.3738711],[4.8924998,52.3739224],[4.8925093,52.3739499],[4.8925106,52.3739497],[4.8925152,52.3739632],[4.8925139,52.3739634],[4.8925152,52.3739672]]]},"properties":{"class":"building","class_id":1,"building":"yes"}},{"type":"Feature","geometry":{"type":"Polygon","coordinates":[[[4.8918138,52.3743928],[4.8918346,52.3743467],[4.8918211,52.3743444],[4.8917827,52.3743378],[4.8917085,52.374325],[4.8915283,52.374294],[4.8915252,52.374295],[4.8915295,52.3743],[4.8915332,52.3742988],[4.891571,52.3743432],[4.8915678,52.3743442],[4.8915732,52.3743505],[4.8915746,52.3743516],[4.8917421,52.3743805],[4.8917379,52.3743897],[4.8918096,52.374402],[4.8918138,52.3743928]]]},"properties":{"class":"building","class_id":1,"building":"yes"}},{"type":"Feature","geometry":{"type":"Polygon","coordinates":[[[4.8939586,52.3740904],[4.8939425,52.3740595],[4.8939228,52.3740214],[4.8938449,52.374052],[4.8938541,52.3740698],[4.8938865,52.3741322],[4.8939059,52.3741283],[4.8939055,52.3741275],[4.8939268,52.3741232],[4.8939272,52.374124],[4.8939297,52.3741235],[4.8939293,52.3741227],[4.8939506,52.3741184],[4.893951,52.3741192],[4.8939704,52.3741153],[4.8939713,52.3741148],[4.8939586,52.3740904]]]},"properties":{"class":"building","class_id":1,"building":"yes"}},{"type":"Feature","geometry":{"type":"Polygon","coordinates":[[[4.8932482,52.3752935],[4.8932667,52.375201],[4.8932588,52.3752003],[4.893259,52.3751995],[4.893237,52.3751977],[4.8932368,52.3751985],[4.8931905,52.3751948],[4.8931686,52.3752935],[4.8931743,52.3752936],[4.8931743,52.3752928],[4.8931855,52.3752928],[4.8931855,52.3752936],[4.8931922,52.3752937],[4.8931922,52.3752913],[4.8932434,52.3752916],[4.8932434,52.3752939],[4.8932482,52.375294],[4.8932482,52.3752935]]]},"properties":{"class":"building","class_id":1,"building":"apartments"}},{"type":"Feature","geometry":{"type":"Polygon","coordinates":[[[4.893406,52.3738657],[4.8937008,52.3737721],[4.8937305,52.3737547],[4.8935696,52.373652],[4.89354,52.3736693],[4.8935354,52.3736663],[4.8935234,52.3736711],[4.8935244,52.3736721],[4.8934973,52.3736829],[4.8934963,52.3736819],[4.893323,52.3737508],[4.8932572,52.3737726],[4.8931939,52.3737908],[4.8931949,52.3737922],[4.8931818,52.373796],[4.8931808,52.3737946],[4.8929717,52.3738548],[4.8930756,52.3739486],[4.8934042,52.3738633],[4.893406,52.3738657]]]},"properties":{"class":"building","class_id":1,"building":"yes"}},{"type":"Feature","geometry":{"type":"Polygon","coordinates":[[[4.8935184,52.3740213],[4.893572,52.3740059],[4.8935439,52.3739671],[4.8938516,52.3738714],[4.8937764,52.3738205],[4.8934485,52.3739246],[4.893406,52.3738657],[4.8934042,52.3738633],[4.8930756,52.3739486],[4.8931131,52.3739819],[4.8931805,52.3740427],[4.8932635,52.3741215],[4.8933459,52.3742028],[4.8934151,52.3741943],[4.8935492,52.3741814],[4.8935196,52.3741344],[4.8935041,52.3741372],[4.8934624,52.374071],[4.8935438,52.3740565],[4.8935184,52.3740213]]]},"properties":{"class":"building","class_id":1,"building":"yes"}},{"type":"Feature","geometry":{"type":"Polygon","coordinates":[[[4.8921136,52.3746084],[4.8921426,52.3745255],[4.8920869,52.3745155],[4.8920438,52.3745122],[4.8919169,52.3744919],[4.8916689,52.3744504],[4.8916658,52.3744514],[4.8916673,52.3744532],[4.8916349,52.3744639],[4.8916802,52.3745149],[4.8917126,52.3745041],[4.8917177,52.3745094],[4.8917022,52.3745144],[4.8917159,52.3745303],[4.8917314,52.3745252],[4.8917626,52.3745614],[4.8917629,52.3745635],[4.89181,52.3746173],[4.8918138,52.374616],[4.8921303,52.374657],[4.8921458,52.3746127],[4.8921136,52.3746084]]]},"properties":{"class":"building","class_id":1,"building":"yes"}},{"type":"Feature","geometry":{"type":"Polygon","coordinates":[[[4.8925371,52.3735878],[4.8924995,52.3735507],[4.8925015,52.37355],[4.8924993,52.3735478],[4.8925009,52.3735472],[4.8924995,52.3735459],[4.8924979,52.3735465],[4.8924962,52.3735452],[4.8924922,52.373543],[4.8924877,52.3735411],[4.8924803,52.3735392],[4.892475,52.3735385],[4.8924696,52.3735383],[4.8924686,52.3735368],[4.8924649,52.3735378],[4.892466,52.3735392],[4.8923958,52.3735582],[4.8923948,52.3735568],[4.8923692,52.3735637],[4.8923689,52.3735643],[4.8924064,52.3736214],[4.8925449,52.3735906],[4.8925429,52.3735886],[4.8925413,52.3735892],[4.8925391,52.3735871],[4.8925371,52.3735878]]]},"properties":{"class":"building","class_id":1,"building":"retail"}},{"type":"Feature","geometry":{"type":"Polygon","coordinates":[[[4.8950662,52.3750771],[4.8952184,52.3750289],[4.8952207,52.3750298],[4.8952235,52.3750296],[4.8952249,52.3750288],[4.8952256,52.3750278],[4.8952434,52.3750222],[4.8952467,52.3750219],[4.8952488,52.3750205],[4.8952484,52.3750187],[4.8952475,52.3750179],[4.8952505,52.3750105],[4.8952521,52.37501],[4.8952532,52.3750092],[4.8952534,52.3750076],[4.8952527,52.3750066],[4.8952162,52.3749774],[4.8952168,52.3749763],[4.8952165,52.3749751],[4.895216,52.3749746],[4.8952145,52.3749738],[4.8952117,52.3749736],[4.8952108,52.3749738],[4.8949633,52.3750436],[4.8948611,52.3750725],[4.8948981,52.375126],[4.8948984,52.3751265],[4.8949966,52.3750987],[4.8950662,52.3750771]]]},"properties":{"class":"building","class_id":1,"building":"yes"}},{"type":"Feature","geometry":{"type":"Polygon","coordinates":[[[4.8929754,52.3749195],[4.89289,52.374779],[4.8927892,52.3747568],[4.8927033,52.3748825],[4.8927097,52.3748825],[4.8927355,52.3748855],[4.8927615,52.3748898],[4.8927699,52.3748919],[4.8927765,52.3748919],[4.8928416,52.3749021],[4.8928479,52.3749023],[4.8928506,52.3749034],[4.8929073,52.3749112],[4.8929152,52.3749115],[4.8929644,52.3749189],[4.8929721,52.374919],[4.8929754,52.3749195]]]},"properties":{"class":"building","class_id":1,"building":"yes"}},{"type":"Feature","geometry":{"type":"Polygon","coordinates":[[[4.8932385,52.3742164],[4.892702,52.3741271],[4.8927076,52.374074],[4.892703,52.3740373],[4.8925776,52.3740153],[4.8925007,52.3741134],[4.89246,52.3741543],[4.892567,52.37417],[4.8927136,52.3741739],[4.8927673,52.3742164],[4.8927782,52.3742622],[4.8928261,52.3742597],[4.8928367,52.3742604],[4.892885,52.3742579],[4.8928956,52.3742585],[4.8929435,52.374256],[4.8929559,52.3742566],[4.8930665,52.3742091],[4.893211,52.3742488],[4.8932322,52.3742189],[4.8932385,52.3742164]]]},"properties":{"class":"building","class_id":1,"building":"apartments"}},{"type":"Feature","geometry":{"type":"Polygon","coordinates":[[[4.8933516,52.3743207],[4.893302,52.3742758],[4.8931313,52.3742853],[4.8931383,52.3743325],[4.8933516,52.3743207]]]},"properties":{"class":"building","class_id":1,"building":"house"}},{"type":"Feature","geometry":{"type":"Polygon","coordinates":[[[4.8932905,52.3749485],[4.893292,52.3748763],[4.8932371,52.3748704],[4.8932355,52.3749487],[4.8932905,52.3749485]]]},"properties":{"class":"building","class_id":1,"building":"house"}},{"type":"Feature","geometry":{"type":"Polygon","coordinates":[[[4.8914305,52.3741558],[4.8914896,52.3741694],[4.8915212,52.3741167],[4.8914619,52.3741034],[4.8914305,52.3741558]]]},"properties":{"class":"building","class_id":1,"building":"office"}},{"type":"Feature","geometry":{"type":"Polygon","coordinates":[[[4.8913122,52.3741286],[4.891313,52.3741288],[4.8914305,52.3741558],[4.8914619,52.3741034],[4.8913434,52.3740768],[4.8913122,52.3741286]]]},"properties":{"class":"building","class_id":1,"building":"house"}},{"type":"Feature","geometry":{"type":"Polygon","coordinates":[[[4.893434,52.3751919],[4.8936131,52.3751461],[4.8935854,52.3751035],[4.8934807,52.3751429],[4.8934195,52.375166],[4.893434,52.3751919]]]},"properties":{"class":"building","class_id":1,"building":"industrial"}},{"type":"Feature","geometry":{"type":"Polygon","coordinates":[[[4.8927364,52.373654],[4.8929263,52.3735834],[4.8928959,52.3735556],[4.8927116,52.373624],[4.8927097,52.3736249],[4.8927364,52.373654]]]},"properties":{"class":"building","class_id":1,"building":"yes"}},{"type":"Feature","geometry":{"type":"Polygon","coordinates":[[[4.8935889,52.3751023],[4.8935425,52.3749839],[4.8934132,52.3749852],[4.8934807,52.3751429],[4.8935854,52.3751035],[4.8935889,52.3751023]]]},"properties":{"class":"building","class_id":1,"building":"yes"}},{"type":"Feature","geometry":{"type":"Polygon","coordinates":[[[4.8936098,52.3745484],[4.8936383,52.3745163],[4.8933516,52.3743207],[4.8930512,52.3743374],[4.8929865,52.3742939],[4.8929639,52.3742957],[4.8929573,52.3742956],[4.8929543,52.3742948],[4.8929401,52.3742972],[4.8929374,52.3742954],[4.8929312,52.374295],[4.8929295,52.3742964],[4.8928275,52.3743006],[4.8928257,52.3742996],[4.8928195,52.3742984],[4.8927623,52.3743013],[4.8927562,52.3742993],[4.892755,52.3743001],[4.8927593,52.3743923],[4.8927435,52.3744079],[4.8926742,52.3745074],[4.8926035,52.3746886],[4.892796,52.3746139],[4.8928809,52.3746229],[4.8929521,52.3746264],[4.8930199,52.3746363],[4.8931716,52.3746151],[4.8936098,52.3745484]]]},"properties":{"class":"building","class_id":1,"building":"commercial"}},{"type":"Feature","geometry":{"type":"Polygon","coordinates":[[[4.8922481,52.3747515],[4.892271,52.3746872],[4.8921964,52.3746775],[4.8921556,52.3747922],[4.8922119,52.3748017],[4.8922306,52.3747492],[4.8922481,52.3747515]]]},"properties":{"class":"building","class_id":1,"building":"apartments"}},{"type":"Feature","geometry":{"type":"Polygon","coordinates":[[[4.8930202,52.3735355],[4.893145,52.3734181],[4.8929258,52.3733744],[4.8928918,52.3733846],[4.8928659,52.3733941],[4.8928181,52.3734116],[4.8927704,52.3734291],[4.892745,52.3734383],[4.8927197,52.3734476],[4.8926682,52.3734665],[4.8926129,52.3734882],[4.8926033,52.3735119],[4.8926367,52.3735465],[4.8926702,52.3735811],[4.8927079,52.3736202],[4.8930202,52.3735355]]]},"properties":{"class":"building","class_id":1,"building":"retail"}},{"type":"Feature","geometry":{"type":"Polygon","coordinates":[[[4.8924744,52.3746644],[4.8925019,52.3745931],[4.8924435,52.3745815],[4.8923756,52.3745686],[4.8923314,52.3746831],[4.8924008,52.374692],[4.8924148,52.3746558],[4.8924744,52.3746644]]]},"properties":{"class":"building","class_id":1,"building":"house"}},{"type":"Feature","geometry":{"type":"Polygon","coordinates":[[[4.8938113,52.3740088],[4.8939537,52.3739499],[4.8938516,52.3738714],[4.8935439,52.3739671],[4.893572,52.3740059],[4.8935184,52.3740213],[4.8935438,52.3740565],[4.8938113,52.3740088]]]},"properties":{"class":"building","class_id":1,"building":"commercial"}},{"type":"Feature","geometry":{"type":"Polygon","coordinates":[[[4.8933169,52.3752946],[4.8933331,52.3752041],[4.8932667,52.375201],[4.8932482,52.3752935],[4.8932577,52.3752937],[4.8932577,52.3752932],[4.8932837,52.3752936],[4.8932837,52.3752941],[4.8933169,52.3752946]]]},"properties":{"class":"building","class_id":1,"building":"apartments"}},{"type":"Feature","geometry":{"type":"Polygon","coordinates":[[[4.8924512,52.3737026],[4.8926244,52.3736648],[4.8925855,52.3736308],[4.8923275,52.3736889],[4.8923283,52.3736892],[4.892361,52.3737224],[4.8923875,52.3737509],[4.8924689,52.3737329],[4.8924512,52.3737026]]]},"properties":{"class":"building","class_id":1,"building":"yes"}},{"type":"Feature","geometry":{"type":"Polygon","coordinates":[[[4.8930845,52.3752923],[4.8931079,52.3751868],[4.8930749,52.3751836],[4.8930367,52.3751787],[4.8930363,52.37518],[4.8930347,52.3751799],[4.8930118,52.3752898],[4.8930142,52.3752907],[4.8930845,52.3752923]]]},"properties":{"class":"building","class_id":1,"building":"yes"}},{"type":"Feature","geometry":{"type":"Polygon","coordinates":[[[4.894377,52.3742986],[4.8942859,52.3742266],[4.8942825,52.3742282],[4.8938508,52.3742866],[4.8938652,52.3743238],[4.8939767,52.3743106],[4.8939939,52.3743547],[4.8940053,52.374353],[4.894376,52.3742991],[4.894377,52.3742986]]]},"properties":{"class":"building","class_id":1,"building":"retail"}},{"type":"Feature","geometry":{"type":"Polygon","coordinates":[[[4.8926694,52.3750687],[4.8927142,52.3750753],[4.8927726,52.374926],[4.8927683,52.3749253],[4.8927679,52.3749261],[4.8926647,52.3749098],[4.892665,52.374909],[4.8926607,52.3749083],[4.8925996,52.3750584],[4.8926694,52.3750687]]]},"properties":{"class":"building","class_id":1,"building":"apartments"}},{"type":"Feature","geometry":{"type":"Polygon","coordinates":[[[4.8947276,52.3748578],[4.8949641,52.3747741],[4.8948856,52.3747086],[4.8945841,52.3748114],[4.8946144,52.3748451],[4.8946308,52.3748395],[4.894655,52.3748664],[4.8946474,52.374869],[4.8946592,52.374882],[4.8947276,52.3748578]]]},"properties":{"class":"building","class_id":1,"building":"commercial"}},{"type":"Feature","geometry":{"type":"Polygon","coordinates":[[[4.8953523,52.3762721],[4.895285,52.3762069],[4.8952771,52.3762076],[4.8952773,52.3762083],[4.8951997,52.3762153],[4.8951995,52.3762146],[4.8951928,52.3762152],[4.895193,52.3762161],[4.8951889,52.3762165],[4.8952891,52.3762962],[4.8953523,52.3762721]]]},"properties":{"class":"building","class_id":1,"building":"yes"}},{"type":"Feature","geometry":{"type":"Polygon","coordinates":[[[4.8948855,52.3764269],[4.8948725,52.3763319],[4.8948667,52.376332],[4.8948667,52.3763327],[4.8948418,52.376333],[4.8948417,52.3763324],[4.8948121,52.3763328],[4.8948121,52.3763333],[4.8948234,52.3764155],[4.8948252,52.3764286],[4.8948855,52.3764269]]]},"properties":{"class":"building","class_id":1,"building":"apartments"}},{"type":"Feature","geometry":{"type":"Polygon","coordinates":[[[4.8949459,52.3754749],[4.8951641,52.3754221],[4.8951369,52.37538],[4.895098,52.375389],[4.8949152,52.3754317],[4.8949179,52.3754351],[4.894919,52.3754348],[4.8949442,52.3754713],[4.8949431,52.3754715],[4.8949449,52.3754741],[4.8949459,52.3754749]]]},"properties":{"class":"building","class_id":1,"building":"retail"}},{"type":"Feature","geometry":{"type":"Polygon","coordinates":[[[4.8935918,52.3759003],[4.8935962,52.37588],[4.8934106,52.3758651],[4.8934724,52.3759085],[4.8934731,52.3759081],[4.8937396,52.3759298],[4.8937452,52.3759038],[4.8937477,52.3758922],[4.893705,52.3758888],[4.8936391,52.3758835],[4.8936347,52.3759038],[4.8935918,52.3759003]]]},"properties":{"class":"building","class_id":1,"building":"yes"}},{"type":"Feature","geometry":{"type":"Polygon","coordinates":[[[4.8960549,52.3758803],[4.8960142,52.3758229],[4.8959844,52.3757808],[4.8958489,52.3758179],[4.8958707,52.3758464],[4.895942,52.3758273],[4.8959957,52.3759019],[4.8960003,52.3759003],[4.8959984,52.3758984],[4.8960488,52.37588],[4.8960507,52.3758818],[4.8960549,52.3758803]]]},"properties":{"class":"building","class_id":1,"building":"yes"}},{"type":"Feature","geometry":{"type":"Polygon","coordinates":[[[4.8949489,52.3756209],[4.8947496,52.3753791],[4.8946174,52.3753544],[4.8943831,52.3753652],[4.8942855,52.3755418],[4.8940809,52.3755467],[4.894052,52.3755553],[4.8936744,52.3756723],[4.8938119,52.3757556],[4.8943714,52.3757891],[4.8943526,52.3758259],[4.8942827,52.3758201],[4.8942376,52.3759445],[4.894323,52.3761795],[4.8944338,52.3761853],[4.8944628,52.3761915],[4.8946194,52.3761864],[4.8947053,52.376182],[4.8949498,52.376027],[4.8947088,52.3758323],[4.8944784,52.3757876],[4.8946368,52.3757996],[4.894651,52.3757965],[4.8947172,52.3758014],[4.8947803,52.3757957],[4.894717,52.3757462],[4.8947132,52.3757112],[4.8949386,52.3756391],[4.8949489,52.3756209]]]},"properties":{"class":"building","class_id":1,"building":"yes"}},{"type":"Feature","geometry":{"type":"Polygon","coordinates":[[[4.8947581,52.375742],[4.895013,52.375692],[4.8950115,52.3756903],[4.8950106,52.3756906],[4.8950033,52.3756842],[4.8950042,52.3756838],[4.8949826,52.3756651],[4.8947773,52.3757036],[4.8947682,52.3757053],[4.8947132,52.3757112],[4.894717,52.3757462],[4.8947581,52.375742]]]},"properties":{"class":"building","class_id":1,"building":"retail"}},{"type":"Feature","geometry":{"type":"Polygon","coordinates":[[[4.8939606,52.3761731],[4.8939482,52.376071],[4.8939119,52.3760726],[4.8939087,52.376046],[4.893945,52.3760444],[4.893937,52.3759789],[4.8938862,52.3759752],[4.8938571,52.3759732],[4.8938583,52.375986],[4.8938623,52.3760301],[4.8938698,52.3761111],[4.8938755,52.3761726],[4.8939606,52.3761731]]]},"properties":{"class":"building","class_id":1,"building":"house"}},{"type":"Feature","geometry":{"type":"Polygon","coordinates":[[[4.8937692,52.375469],[4.8937739,52.3754502],[4.8937797,52.3754273],[4.8937993,52.3753505],[4.8937484,52.37535],[4.8937433,52.3753499],[4.8937418,52.3753496],[4.8937207,52.3754253],[4.8937555,52.375429],[4.8937517,52.3754424],[4.893717,52.3754388],[4.8937103,52.375463],[4.8937001,52.3754997],[4.8937594,52.3755073],[4.8937692,52.375469]]]},"properties":{"class":"building","class_id":1,"building":"yes"}},{"type":"Feature","geometry":{"type":"Polygon","coordinates":[[[4.8954316,52.3765986],[4.8954045,52.3765217],[4.8954034,52.3765219],[4.8954028,52.3765203],[4.8953984,52.3765209],[4.8953985,52.3765214],[4.8953394,52.3765292],[4.8953396,52.3765299],[4.8953373,52.3765302],[4.8953613,52.3765983],[4.8953669,52.3766176],[4.8953838,52.376668],[4.8954512,52.3766595],[4.8954486,52.376651],[4.8954316,52.3765986]]]},"properties":{"class":"building","class_id":1,"building":"yes"}},{"type":"Feature","geometry":{"type":"Polygon","coordinates":[[[4.8947756,52.3765522],[4.8947616,52.3764524],[4.8947594,52.3764372],[4.8947023,52.3764393],[4.8947033,52.3764488],[4.8947156,52.3765585],[4.894723,52.3765577],[4.8947228,52.3765569],[4.8947573,52.3765535],[4.8947576,52.3765544],[4.8947599,52.3765541],[4.8947595,52.3765526],[4.8947693,52.3765517],[4.8947696,52.3765528],[4.8947756,52.3765522]]]},"properties":{"class":"building","class_id":1,"building":"yes"}},{"type":"Feature","geometry":{"type":"Polygon","coordinates":[[[4.8960229,52.3760229],[4.8959564,52.3759602],[4.8959526,52.3759616],[4.895954,52.3759629],[4.8959323,52.3759712],[4.8959329,52.3759719],[4.8959147,52.3759789],[4.895914,52.3759782],[4.8959057,52.3759814],[4.8959044,52.3759801],[4.8959007,52.3759814],[4.8959635,52.3760421],[4.8959797,52.3760519],[4.896009,52.3760404],[4.896,52.376032],[4.8960229,52.3760229]]]},"properties":{"class":"building","class_id":1,"building":"house"}},{"type":"Feature","geometry":{"type":"Polygon","coordinates":[[[4.8953732,52.3756775],[4.8954337,52.3756651],[4.8954031,52.375615],[4.8951321,52.375677],[4.8951313,52.3756773],[4.8951353,52.3756807],[4.895136,52.3756804],[4.8951799,52.3757182],[4.8951792,52.3757185],[4.895183,52.3757217],[4.8951889,52.3757204],[4.8951886,52.3757199],[4.8952196,52.3757131],[4.8952199,52.3757136],[4.8952265,52.3757122],[4.8952252,52.3757101],[4.8953732,52.3756775]]]},"properties":{"class":"building","class_id":1,"building":"yes"}},{"type":"Feature","geometry":{"type":"Polygon","coordinates":[[[4.8948412,52.3765463],[4.8948281,52.3764504],[4.8947616,52.3764524],[4.8947756,52.3765522],[4.8947758,52.3765529],[4.8947789,52.3765526],[4.8947786,52.3765515],[4.8947893,52.3765504],[4.8947896,52.3765515],[4.8947928,52.3765512],[4.8947925,52.3765501],[4.8948238,52.3765469],[4.8948241,52.376548],[4.8948273,52.3765477],[4.894827,52.3765465],[4.8948377,52.3765455],[4.894838,52.3765466],[4.8948412,52.3765463]]]},"properties":{"class":"building","class_id":1,"building":"yes"}},{"type":"Feature","geometry":{"type":"Polygon","coordinates":[[[4.895594,52.3756301],[4.8958468,52.3755664],[4.8958475,52.3755674],[4.8958592,52.3755644],[4.8958588,52.3755639],[4.8958696,52.3755612],[4.8958699,52.3755617],[4.8958896,52.3755567],[4.8958892,52.3755562],[4.8959196,52.3755486],[4.8958668,52.3755039],[4.8958641,52.3755023],[4.8955468,52.3755826],[4.8955598,52.3756019],[4.8955727,52.3755986],[4.8955854,52.3756174],[4.8955755,52.3756252],[4.8955807,52.3756328],[4.895594,52.3756301]]]},"properties":{"class":"building","class_id":1,"building":"apartments"}},{"type":"Feature","geometry":{"type":"Polygon","coordinates":[[[4.8953895,52.3766858],[4.8953838,52.376668],[4.8953669,52.3766176],[4.8953613,52.3765983],[4.8953373,52.3765302],[4.8952899,52.3765367],[4.8952693,52.376539],[4.8952699,52.3765412],[4.8952409,52.3765446],[4.8952402,52.3765423],[4.8951869,52.3765485],[4.8951875,52.3765507],[4.8951585,52.376554],[4.8951578,52.3765518],[4.8951372,52.3765542],[4.8951497,52.3765975],[4.8951611,52.3766386],[4.895165,52.3766522],[4.8952066,52.3767943],[4.8954166,52.3767684],[4.8953895,52.3766858]]]},"properties":{"class":"building","class_id":1,"building":"apartments"}},{"type":"Feature","geometry":{"type":"Polygon","coordinates":[[[4.8955468,52.3755826],[4.8958641,52.3755023],[4.8958615,52.3755008],[4.895787,52.3754401],[4.8954386,52.3755223],[4.8953804,52.375536],[4.8954054,52.3755758],[4.8954301,52.3755702],[4.895452,52.3756038],[4.8954031,52.375615],[4.8954337,52.3756651],[4.895434,52.3756656],[4.8954934,52.3756514],[4.895494,52.3756523],[4.8955084,52.3756488],[4.8955079,52.3756479],[4.8955146,52.3756463],[4.8955151,52.3756472],[4.8955807,52.3756328],[4.8955755,52.3756252],[4.8955854,52.3756174],[4.8955727,52.3755986],[4.8955598,52.3756019],[4.8955468,52.3755826]]]},"properties":{"class":"building","class_id":1,"building":"apartments"}},{"type":"Feature","geometry":{"type":"Polygon","coordinates":[[[4.8950898,52.3752431],[4.8950142,52.3751249],[4.894981,52.3751327],[4.8949825,52.3751347],[4.8949704,52.375138],[4.8949689,52.3751359],[4.8949676,52.3751363],[4.894968,52.3751369],[4.8949306,52.3751469],[4.8949302,52.3751463],[4.8949243,52.3751479],[4.8949235,52.3751484],[4.8949026,52.3751538],[4.8949029,52.3751543],[4.8948812,52.3751598],[4.8948809,52.3751593],[4.8948759,52.3751606],[4.8948767,52.3751617],[4.8948652,52.3751647],[4.8948644,52.3751635],[4.8948624,52.375164],[4.8949096,52.3752286],[4.8947589,52.3752638],[4.894764,52.3752689],[4.8947655,52.3752683],[4.8947787,52.3752816],[4.8948009,52.3753054],[4.8950235,52.3752542],[4.895026,52.3752581],[4.8950898,52.3752431]]]},"properties":{"class":"building","class_id":1,"building":"yes"}},{"type":"Feature","geometry":{"type":"Polygon","coordinates":[[[4.8951164,52.3761788],[4.89493,52.3760907],[4.894976,52.3761774],[4.8949908,52.376177],[4.8949971,52.3761776],[4.8949993,52.3761787],[4.8950006,52.3761775],[4.8949989,52.3761765],[4.8950493,52.3761763],[4.8950481,52.3761773],[4.8950477,52.3761787],[4.89505,52.3761791],[4.8950688,52.3761783],[4.8950702,52.3761794],[4.8950723,52.3761783],[4.8950972,52.3761793],[4.8950999,52.3761793],[4.8951164,52.3761788]]]},"properties":{"class":"building","class_id":1,"building":"apartments"}},{"type":"Feature","geometry":{"type":"Polygon","coordinates":[[[4.8959957,52.3759019],[4.895942,52.3758273],[4.8958707,52.3758464],[4.8959308,52.3759247],[4.8959957,52.3759019]]]},"properties":{"class":"building","class_id":1,"building":"yes"}},{"type":"Feature","geometry":{"type":"Polygon","coordinates":[[[4.8938668,52.3755209],[4.8938754,52.3754864],[4.8938189,52.375481],[4.8938106,52.3755138],[4.8938668,52.3755209]]]},"properties":{"class":"building","class_id":1,"building":"house"}},{"type":"Feature","geometry":{"type":"Polygon","coordinates":[[[4.8954705,52.3762351],[4.8954192,52.3761854],[4.8953507,52.3761967],[4.8954068,52.3762511],[4.8954705,52.3762351]]]},"properties":{"class":"building","class_id":1,"building":"retail"}},{"type":"Feature","geometry":{"type":"Polygon","coordinates":[[[4.8951667,52.375225],[4.8954415,52.3751604],[4.8953866,52.3751157],[4.8951041,52.3751831],[4.8951356,52.3752323],[4.8951667,52.375225]]]},"properties":{"class":"building","class_id":1,"building":"apartments"}},{"type":"Feature","geometry":{"type":"Polygon","coordinates":[[[4.8938698,52.3761111],[4.8938623,52.3760301],[4.8937024,52.3760735],[4.8937014,52.3760741],[4.8937836,52.3761334],[4.8938698,52.3761111]]]},"properties":{"class":"building","class_id":1,"building":"yes"}},{"type":"Feature","geometry":{"type":"Polygon","coordinates":[[[4.8936129,52.3757439],[4.8936319,52.3756472],[4.893569,52.3756425],[4.8935651,52.3756625],[4.8935499,52.37574],[4.8936129,52.3757439]]]},"properties":{"class":"building","class_id":1,"building":"house"}},{"type":"Feature","geometry":{"type":"Polygon","coordinates":[[[4.8938778,52.3757966],[4.8938161,52.3757932],[4.8937987,52.3758963],[4.8938613,52.3759014],[4.8938778,52.3757966]]]},"properties":{"class":"building","class_id":1,"building":"house"}},{"type":"Feature","geometry":{"type":"Polygon","coordinates":[[[4.8937827,52.375895],[4.8938022,52.3757925],[4.8937267,52.3757878],[4.8937129,52.3758523],[4.893705,52.3758888],[4.8937477,52.3758922],[4.8937827,52.375895]]]},"properties":{"class":"building","class_id":1,"building":"apartments"}},{"type":"Feature","geometry":{"type":"Polygon","coordinates":[[[4.8938623,52.3760301],[4.8938583,52.375986],[4.8937944,52.3760027],[4.8937515,52.3759711],[4.8936135,52.3760072],[4.8937024,52.3760735],[4.8938623,52.3760301]]]},"properties":{"class":"building","class_id":1,"building":"apartments"}},{"type":"Feature","geometry":{"type":"Polygon","coordinates":[[[4.8939667,52.3755336],[4.8940037,52.3753533],[4.8940031,52.3753526],[4.893909,52.3753513],[4.8938754,52.3754864],[4.8938668,52.3755209],[4.8939667,52.3755336]]]},"properties":{"class":"building","class_id":1,"building":"yes"}},{"type":"Feature","geometry":{"type":"Polygon","coordinates":[[[4.8957105,52.3761744],[4.8956381,52.3761269],[4.8956134,52.3761347],[4.8955351,52.3761587],[4.8955843,52.3762064],[4.8957105,52.3761744]]]},"properties":{"class":"building","class_id":1,"building":"retail"}},{"type":"Feature","geometry":{"type":"Polygon","coordinates":[[[4.8953697,52.376357],[4.8953396,52.3762852],[4.8952891,52.3762962],[4.8952091,52.3763134],[4.8952922,52.3763661],[4.8953638,52.376358],[4.8953697,52.376357]]]},"properties":{"class":"building","class_id":1,"building":"apartments"}},{"type":"Feature","geometry":{"type":"Polygon","coordinates":[[[4.8955311,52.3762198],[4.8954799,52.3761701],[4.8954784,52.3761705],[4.8954789,52.3761713],[4.8954192,52.3761854],[4.8954705,52.3762351],[4.8955311,52.3762198]]]},"properties":{"class":"building","class_id":1,"building":"yes"}},{"type":"Feature","geometry":{"type":"Polygon","coordinates":[[[4.8947407,52.3766511],[4.894732,52.3765928],[4.8945985,52.3766039],[4.894592,52.3766208],[4.8946165,52.3766321],[4.8947324,52.3766854],[4.8947341,52.376684],[4.8947427,52.3766746],[4.8947407,52.3766511]]]},"properties":{"class":"building","class_id":1,"building":"yes"}},{"type":"Feature","geometry":{"type":"Polygon","coordinates":[[[4.8937172,52.3757472],[4.8937311,52.3756765],[4.8936744,52.3756723],[4.8936797,52.3756455],[4.8936461,52.3756431],[4.8936261,52.3757443],[4.8937167,52.3757509],[4.8937172,52.3757472]]]},"properties":{"class":"building","class_id":1,"building":"yes"}},{"type":"Feature","geometry":{"type":"Polygon","coordinates":[[[4.8942947,52.3754882],[4.894316,52.3753668],[4.8943163,52.3753631],[4.8941411,52.3753577],[4.8941401,52.3753574],[4.8941164,52.3754982],[4.8942055,52.3755034],[4.8942092,52.3754826],[4.8942947,52.3754882]]]},"properties":{"class":"building","class_id":1,"building":"apartments"}},{"type":"Feature","geometry":{"type":"Polygon","coordinates":[[[4.8936469,52.375847],[4.8936607,52.3757828],[4.8935323,52.3757749],[4.893519,52.3758367],[4.8934042,52.3758274],[4.8933489,52.375823],[4.8934106,52.3758651],[4.8935962,52.37588],[4.8936391,52.3758835],[4.8936469,52.375847]]]},"properties":{"class":"building","class_id":1,"building":"yes"}},{"type":"Feature","geometry":{"type":"Polygon","coordinates":[[[4.895843,52.37654],[4.8961577,52.3764738],[4.8961056,52.3764316],[4.8958781,52.3764829],[4.8958574,52.3764486],[4.8958571,52.3764481],[4.8958351,52.3764516],[4.8958348,52.3764511],[4.8958132,52.3764587],[4.895843,52.37654]]]},"properties":{"class":"building","class_id":1,"building":"retail"}},{"type":"Feature","geometry":{"type":"Polygon","coordinates":[[[4.8835637,52.3725886],[4.8835499,52.3724329],[4.88347,52.3724354],[4.8834701,52.3724361],[4.8833612,52.3724396],[4.8833657,52.3724917],[4.8834093,52.3724903],[4.8834746,52.3724882],[4.8834835,52.3725913],[4.8835637,52.3725886]]]},"properties":{"class":"building","class_id":1,"building":"yes"}},{"type":"Feature","geometry":{"type":"Polygon","coordinates":[[[4.8837038,52.3723539],[4.8836957,52.3722633],[4.8836503,52.3722648],[4.8836479,52.3722382],[4.8836933,52.3722367],[4.88369,52.3721996],[4.8836072,52.3722027],[4.8836099,52.3722332],[4.8836121,52.3722579],[4.8836209,52.3723564],[4.8837038,52.3723539]]]},"properties":{"class":"building","class_id":1,"building":"yes"}},{"type":"Feature","geometry":{"type":"Polygon","coordinates":[[[4.8844267,52.3713996],[4.8844234,52.3713566],[4.8842333,52.371363],[4.8842086,52.3713638],[4.8840045,52.3713706],[4.884,52.37132],[4.883787,52.3713271],[4.8837917,52.3713794],[4.8837957,52.3714244],[4.884427,52.3714032],[4.8844267,52.3713996]]]},"properties":{"class":"building","class_id":1,"building":"apartments"}},{"type":"Feature","geometry":{"type":"Polygon","coordinates":[[[4.8866402,52.371173],[4.886633,52.371097],[4.8861738,52.3711136],[4.8858387,52.3711257],[4.8858408,52.3711469],[4.885846,52.3712009],[4.8858464,52.3712053],[4.8862798,52.3711896],[4.8863731,52.3711862],[4.8863771,52.3712273],[4.8866444,52.3712176],[4.8866402,52.371173]]]},"properties":{"class":"building","class_id":1,"building":"house"}},{"type":"Feature","geometry":{"type":"Polygon","coordinates":[[[4.8838509,52.3720415],[4.8838463,52.3719893],[4.8838539,52.3719891],[4.8838516,52.3719624],[4.8837636,52.3719653],[4.8837654,52.3719855],[4.8836957,52.3719879],[4.8836971,52.3720035],[4.8837668,52.3720012],[4.8837726,52.3720663],[4.8838529,52.3720636],[4.8838509,52.3720415]]]},"properties":{"class":"building","class_id":1,"building":"yes"}},{"type":"Feature","geometry":{"type":"Polygon","coordinates":[[[4.884396,52.3738902],[4.8843874,52.3737907],[4.8843827,52.3737373],[4.8843825,52.3737346],[4.8842982,52.3737373],[4.8842985,52.37374],[4.8843118,52.3738934],[4.8843228,52.373893],[4.8843223,52.3738886],[4.8843824,52.3738863],[4.8843828,52.3738907],[4.884396,52.3738902]]]},"properties":{"class":"building","class_id":1,"building":"yes"}},{"type":"Feature","geometry":{"type":"Polygon","coordinates":[[[4.8841847,52.3712434],[4.8841819,52.3712119],[4.8840249,52.3712172],[4.8840262,52.3712317],[4.8840542,52.3712308],[4.8840575,52.3712675],[4.8842258,52.3712619],[4.8844141,52.3712555],[4.8844095,52.3712043],[4.8842288,52.3712104],[4.8842316,52.3712418],[4.8841847,52.3712434]]]},"properties":{"class":"building","class_id":1,"building":"house"}},{"type":"Feature","geometry":{"type":"Polygon","coordinates":[[[4.8857415,52.3729278],[4.8860181,52.3729205],[4.8860111,52.3728467],[4.8857143,52.372857],[4.8857112,52.3728228],[4.8855306,52.3728291],[4.8855095,52.3728298],[4.8855125,52.3728621],[4.8854822,52.3728632],[4.8854792,52.3728309],[4.8852867,52.3728377],[4.8852956,52.3729394],[4.8857415,52.3729278]]]},"properties":{"class":"building","class_id":1,"building":"apartments"}},{"type":"Feature","geometry":{"type":"Polygon","coordinates":[[[4.8854488,52.3726452],[4.8854446,52.3726003],[4.8852628,52.3726067],[4.8852681,52.3726552],[4.8852508,52.3726559],[4.8852533,52.3726813],[4.8856905,52.3726659],[4.8856835,52.3725919],[4.8856533,52.372593],[4.8855627,52.3725962],[4.8855311,52.3725973],[4.8855353,52.3726422],[4.8854488,52.3726452]]]},"properties":{"class":"building","class_id":1,"building":"apartments"}},{"type":"Feature","geometry":{"type":"Polygon","coordinates":[[[4.8844165,52.3712826],[4.8844141,52.3712555],[4.8842258,52.3712619],[4.8842284,52.3712907],[4.8841866,52.3712921],[4.8841858,52.3712824],[4.8841011,52.3712852],[4.8841028,52.3713043],[4.8840684,52.3712902],[4.8839975,52.3712925],[4.884,52.37132],[4.8844186,52.3713059],[4.8844165,52.3712826]]]},"properties":{"class":"building","class_id":1,"building":"house"}},{"type":"Feature","geometry":{"type":"Polygon","coordinates":[[[4.8839879,52.3725134],[4.8839795,52.3724191],[4.8839043,52.3724212],[4.8839124,52.3725144],[4.8839593,52.3725129],[4.8839617,52.3725408],[4.8839148,52.3725423],[4.8839178,52.3725771],[4.8839607,52.3725758],[4.8839932,52.3725747],[4.8839931,52.3725736],[4.8839904,52.3725425],[4.8839879,52.3725134]]]},"properties":{"class":"building","class_id":1,"building":"yes"}},{"type":"Feature","geometry":{"type":"Polygon","coordinates":[[[4.885968,52.3735753],[4.8858616,52.3735048],[4.8858238,52.3735261],[4.8858126,52.3735187],[4.8857854,52.3735341],[4.8857834,52.3735353],[4.8857936,52.373542],[4.8857956,52.3735409],[4.885903,52.3736121],[4.8859046,52.3736112],[4.8859036,52.3736105],[4.8859653,52.3735755],[4.8859664,52.3735762],[4.885968,52.3735753]]]},"properties":{"class":"building","class_id":1,"building":"yes"}},{"type":"Feature","geometry":{"type":"Polygon","coordinates":[[[4.8846458,52.373777],[4.8846425,52.3737289],[4.8844921,52.3737337],[4.8844937,52.3737517],[4.8844605,52.3737528],[4.8844589,52.3737348],[4.8844072,52.3737365],[4.8844103,52.3737725],[4.8844451,52.3737714],[4.8844461,52.3737835],[4.8845082,52.3737815],[4.8845709,52.3737795],[4.8846458,52.373777]]]},"properties":{"class":"building","class_id":1,"building":"apartments"}},{"type":"Feature","geometry":{"type":"Polygon","coordinates":[[[4.8841866,52.3711347],[4.8841842,52.3711078],[4.8840436,52.3711125],[4.8840156,52.3711134],[4.8840163,52.3711215],[4.8840443,52.3711206],[4.884048,52.371162],[4.8841852,52.3711574],[4.8842262,52.371156],[4.8842264,52.3711578],[4.8844044,52.3711518],[4.8843997,52.3711006],[4.8842225,52.3711065],[4.8842249,52.3711334],[4.8841866,52.3711347]]]},"properties":{"class":"building","class_id":1,"building":"house"}},{"type":"Feature","geometry":{"type":"Polygon","coordinates":[[[4.8843979,52.3710836],[4.8843943,52.3710491],[4.884218,52.3710554],[4.8842204,52.3710824],[4.884182,52.3710837],[4.8841796,52.3710567],[4.884095,52.3710596],[4.8840515,52.371061],[4.884054,52.371089],[4.8840415,52.3710894],[4.8840436,52.3711125],[4.8841842,52.3711078],[4.8842225,52.3711065],[4.8843997,52.3711006],[4.8843979,52.3710836]]]},"properties":{"class":"building","class_id":1,"building":"apartments"}},{"type":"Feature","geometry":{"type":"Polygon","coordinates":[[[4.8856977,52.3728071],[4.8856913,52.3727386],[4.885596,52.372742],[4.8855973,52.3727563],[4.885524,52.3727589],[4.8855214,52.3727311],[4.8854965,52.3727319],[4.8852764,52.3727396],[4.8852867,52.3728377],[4.8854792,52.3728309],[4.8855095,52.3728298],[4.8855306,52.3728291],[4.8855277,52.3727977],[4.885601,52.3727951],[4.8856024,52.3728104],[4.8856977,52.3728071]]]},"properties":{"class":"building","class_id":1,"building":"commercial"}},{"type":"Feature","geometry":{"type":"Polygon","coordinates":[[[4.8833932,52.3723122],[4.8834075,52.3723117],[4.8834051,52.3722848],[4.8834635,52.3722829],[4.8834659,52.3723098],[4.8835412,52.3723073],[4.8835366,52.3722566],[4.8834596,52.3722592],[4.8834598,52.3722619],[4.8833918,52.3722642],[4.8833915,52.3722615],[4.8832403,52.3722666],[4.8832452,52.3723151],[4.8832426,52.3723153],[4.883243,52.3723173],[4.8833932,52.3723122]]]},"properties":{"class":"building","class_id":1,"building":"apartments"}},{"type":"Feature","geometry":{"type":"Polygon","coordinates":[[[4.8846229,52.3735606],[4.8846214,52.3735457],[4.8846391,52.373545],[4.8846365,52.373521],[4.8846189,52.3735217],[4.8842571,52.3735334],[4.8842608,52.3735759],[4.884229,52.373577],[4.8842301,52.3735893],[4.8842619,52.3735883],[4.8843591,52.3735851],[4.8843568,52.3735582],[4.884436,52.3735556],[4.8844383,52.3735825],[4.8846245,52.3735765],[4.8846229,52.3735606]]]},"properties":{"class":"building","class_id":1,"building":"apartments"}},{"type":"Feature","geometry":{"type":"Polygon","coordinates":[[[4.8865988,52.372256],[4.8865914,52.3721788],[4.8865899,52.3721629],[4.8865686,52.3721637],[4.8865664,52.3721408],[4.8865256,52.3721423],[4.8865364,52.3722589],[4.8865399,52.3722586],[4.8865398,52.3722577],[4.8865793,52.3722565],[4.886579,52.3722536],[4.8865835,52.3722455],[4.8865952,52.3722451],[4.886596,52.372254],[4.8865951,52.372254],[4.8865954,52.3722568],[4.8865989,52.3722567],[4.8865988,52.372256]]]},"properties":{"class":"building","class_id":1,"building":"yes"}},{"type":"Feature","geometry":{"type":"Polygon","coordinates":[[[4.8844232,52.3737095],[4.884421,52.3736844],[4.88434,52.373687],[4.8843397,52.3736839],[4.8842631,52.3736864],[4.8842647,52.3737048],[4.8842953,52.3737038],[4.8842982,52.3737373],[4.8843825,52.3737346],[4.8843827,52.3737373],[4.8844072,52.3737365],[4.8844589,52.3737348],[4.8844921,52.3737337],[4.8846425,52.3737289],[4.8846359,52.3736774],[4.8844544,52.3736833],[4.8844566,52.3737084],[4.8844232,52.3737095]]]},"properties":{"class":"building","class_id":1,"building":"apartments"}},{"type":"Feature","geometry":{"type":"Polygon","coordinates":[[[4.8844559,52.3717265],[4.8844537,52.3717044],[4.8842046,52.3717127],[4.8842009,52.3716713],[4.8842631,52.3716693],[4.8843109,52.3716677],[4.8844502,52.371663],[4.8844494,52.3716492],[4.8842775,52.371655],[4.8842384,52.3716563],[4.8841594,52.371659],[4.8840742,52.3716618],[4.8840367,52.3716631],[4.8840224,52.3716636],[4.8840328,52.37178],[4.8840517,52.3717794],[4.884459,52.3717657],[4.8844598,52.3717657],[4.8844559,52.3717265]]]},"properties":{"class":"building","class_id":1,"building":"yes"}},{"type":"Feature","geometry":{"type":"Polygon","coordinates":[[[4.8846205,52.3733817],[4.8846182,52.3733596],[4.8846022,52.3733602],[4.8845984,52.3733218],[4.884144,52.3733365],[4.8841529,52.3734382],[4.8841848,52.3734371],[4.8841984,52.3734367],[4.8841982,52.3734353],[4.8843477,52.3734305],[4.8843544,52.3734303],[4.8843532,52.3734168],[4.8843679,52.3734163],[4.8843662,52.3733966],[4.8844101,52.3733951],[4.884413,52.3734283],[4.8844277,52.3734279],[4.8846085,52.373422],[4.8846045,52.3733824],[4.8846205,52.3733817]]]},"properties":{"class":"building","class_id":1,"building":"apartments"}},{"type":"Feature","geometry":{"type":"Polygon","coordinates":[[[4.8844468,52.3716082],[4.8844367,52.3715106],[4.8841545,52.3715201],[4.8841603,52.3715848],[4.8840301,52.3715892],[4.8840242,52.3715236],[4.8839597,52.3715258],[4.8838053,52.371531],[4.8837279,52.3715336],[4.8837063,52.3715343],[4.8837097,52.3715727],[4.8838116,52.3715693],[4.8838203,52.3716668],[4.8838206,52.3716703],[4.8840224,52.3716636],[4.8840367,52.3716631],[4.884033,52.3716221],[4.8840706,52.3716209],[4.8840742,52.3716618],[4.8841594,52.371659],[4.8841557,52.371618],[4.8844468,52.3716082]]]},"properties":{"class":"building","class_id":1,"building":"yes"}},{"type":"Feature","geometry":{"type":"Polygon","coordinates":[[[4.8855454,52.3732388],[4.8855444,52.3732243],[4.8855027,52.3732249],[4.8853246,52.3732294],[4.8853306,52.3732966],[4.8857674,52.3732855],[4.8857675,52.373288],[4.8857841,52.3732876],[4.8857831,52.3732737],[4.8857709,52.3732668],[4.885748,52.3732674],[4.8857463,52.3732434],[4.8857693,52.3732428],[4.8857806,52.3732353],[4.8857794,52.3732184],[4.8857074,52.3732202],[4.8855766,52.3732235],[4.8855776,52.373238],[4.8856049,52.3732373],[4.8856066,52.3732628],[4.8855306,52.3732647],[4.8855289,52.3732392],[4.8855454,52.3732388]]]},"properties":{"class":"building","class_id":1,"building":"yes"}},{"type":"Feature","geometry":{"type":"Polygon","coordinates":[[[4.8839608,52.3737673],[4.8839595,52.3737515],[4.8839994,52.3737502],[4.8839946,52.3736951],[4.8839901,52.3736434],[4.8839861,52.3735973],[4.8839293,52.3735991],[4.883704,52.3736065],[4.883587,52.3736103],[4.883509,52.3736128],[4.8833557,52.3736178],[4.8833649,52.373718],[4.8833696,52.3737763],[4.8833705,52.3737763],[4.8835929,52.373769],[4.883593,52.3737706],[4.8836254,52.3737695],[4.8836248,52.3737624],[4.8836889,52.3737603],[4.8837526,52.3737583],[4.8838216,52.373756],[4.8838758,52.3737543],[4.8838891,52.3739074],[4.8838902,52.3739077],[4.8839713,52.3739045],[4.8839727,52.3739037],[4.8839608,52.3737673]]]},"properties":{"class":"building","class_id":1,"building":"apartments"}},{"type":"Feature","geometry":{"type":"Polygon","coordinates":[[[4.8867558,52.3723658],[4.8867534,52.3723653],[4.8867541,52.372358],[4.8867547,52.3723547],[4.8867527,52.3723332],[4.8867529,52.3723301],[4.8867512,52.3723231],[4.8867395,52.3723229],[4.8867349,52.3723235],[4.8866997,52.3723243],[4.8866569,52.3723255],[4.8866533,52.3723274],[4.8866415,52.3723322],[4.8865827,52.3723285],[4.8865936,52.3723918],[4.8866308,52.3724065],[4.8867562,52.3723682],[4.8867558,52.3723658]]]},"properties":{"class":"building","class_id":1,"building":"yes"}},{"type":"Feature","geometry":{"type":"Polygon","coordinates":[[[4.8854835,52.372445],[4.8854762,52.3723668],[4.8854129,52.3723687],[4.8854202,52.3724472],[4.8854835,52.372445]]]},"properties":{"class":"building","class_id":1,"building":"house"}},{"type":"Feature","geometry":{"type":"Polygon","coordinates":[[[4.8836477,52.3725859],[4.8836342,52.3724313],[4.8835499,52.3724329],[4.8835637,52.3725886],[4.8836477,52.3725859]]]},"properties":{"class":"building","class_id":1,"building":"yes"}},{"type":"Feature","geometry":{"type":"Polygon","coordinates":[[[4.8837218,52.3718419],[4.8837175,52.3717932],[4.8836273,52.3717974],[4.8836315,52.3718449],[4.8837218,52.3718419]]]},"properties":{"class":"building","class_id":1,"building":"house"}},{"type":"Feature","geometry":{"type":"Polygon","coordinates":[[[4.8843118,52.3738934],[4.8842985,52.37374],[4.8841259,52.3737456],[4.8841391,52.3738979],[4.8843118,52.3738934]]]},"properties":{"class":"building","class_id":1,"building":"apartments"}},{"type":"Feature","geometry":{"type":"Polygon","coordinates":[[[4.8844304,52.3723288],[4.8844226,52.3722418],[4.8843486,52.3722442],[4.8843567,52.3723318],[4.8844304,52.3723288]]]},"properties":{"class":"building","class_id":1,"building":"yes"}},{"type":"Feature","geometry":{"type":"Polygon","coordinates":[[[4.8859679,52.371891],[4.8859606,52.3718158],[4.8859056,52.3718178],[4.8859111,52.3718746],[4.8859129,52.371893],[4.8859679,52.371891]]]},"properties":{"class":"building","class_id":1,"building":"yes"}},{"type":"Feature","geometry":{"type":"Polygon","coordinates":[[[4.88458,52.3738851],[4.8845743,52.3738192],[4.8845709,52.3737795],[4.8845082,52.3737815],[4.8845173,52.373886],[4.88458,52.3738851]]]},"properties":{"class":"building","class_id":1,"building":"yes"}},{"type":"Feature","geometry":{"type":"Polygon","coordinates":[[[4.8858464,52.3712053],[4.885846,52.3712009],[4.885784,52.3712031],[4.8857903,52.3712679],[4.8858523,52.3712657],[4.8858464,52.3712053]]]},"properties":{"class":"building","class_id":1,"building":"yes"}},{"type":"Feature","geometry":{"type":"Polygon","coordinates":[[[4.8837339,52.371227],[4.8837779,52.3712255],[4.8837703,52.3711409],[4.8837124,52.3711429],[4.8837199,52.3712275],[4.8837339,52.371227]]]},"properties":{"class":"building","class_id":1,"building":"yes"}},{"type":"Feature","geometry":{"type":"Polygon","coordinates":[[[4.8856317,52.3718963],[4.8856306,52.3718848],[4.8855641,52.3718872],[4.8855619,52.3718873],[4.8855631,52.3718988],[4.8856317,52.3718963]]]},"properties":{"class":"building","class_id":1,"building":"yes"}},{"type":"Feature","geometry":{"type":"Polygon","coordinates":[[[4.8834641,52.3723628],[4.8834594,52.37231],[4.8834075,52.3723117],[4.8833932,52.3723122],[4.8833978,52.3723645],[4.8834641,52.3723628]]]},"properties":{"class":"building","class_id":1,"building":"yes"}},{"type":"Feature","geometry":{"type":"Polygon","coordinates":[[[4.8858982,52.3717409],[4.8858955,52.3717134],[4.8858444,52.3717152],[4.8858493,52.3717658],[4.8859004,52.3717639],[4.8858982,52.3717409]]]},"properties":{"class":"building","class_id":1,"building":"yes"}},{"type":"Feature","geometry":{"type":"Polygon","coordinates":[[[4.8836335,52.3738631],[4.8836292,52.3738128],[4.8835968,52.3738139],[4.8833743,52.3738211],[4.8833781,52.3738714],[4.8836335,52.3738631]]]},"properties":{"class":"building","class_id":1,"building":"apartments"}},{"type":"Feature","geometry":{"type":"Polygon","coordinates":[[[4.8858006,52.3724845],[4.8857887,52.3723574],[4.8857106,52.3723596],[4.8857264,52.3725276],[4.8857668,52.3725262],[4.885763,52.3724858],[4.8858006,52.3724845]]]},"properties":{"class":"building","class_id":1,"building":"apartments"}},{"type":"Feature","geometry":{"type":"Polygon","coordinates":[[[4.8833915,52.3722615],[4.8833888,52.3722316],[4.8834569,52.3722293],[4.883455,52.3722078],[4.8832353,52.3722152],[4.8832403,52.3722666],[4.8833915,52.3722615]]]},"properties":{"class":"building","class_id":1,"building":"commercial"}},{"type":"Feature","geometry":{"type":"Polygon","coordinates":[[[4.8858931,52.371688],[4.8858908,52.3716644],[4.8858236,52.3716668],[4.8858283,52.3717158],[4.8858444,52.3717152],[4.8858955,52.3717134],[4.8858931,52.371688]]]},"properties":{"class":"building","class_id":1,"building":"yes"}},{"type":"Feature","geometry":{"type":"Polygon","coordinates":[[[4.884617,52.3735047],[4.8846136,52.3734742],[4.8842452,52.3734861],[4.8842493,52.3735337],[4.8842571,52.3735334],[4.8846189,52.3735217],[4.884617,52.3735047]]]},"properties":{"class":"building","class_id":1,"building":"commercial"}},{"type":"Feature","geometry":{"type":"Polygon","coordinates":[[[4.8840208,52.3735411],[4.8840395,52.3735405],[4.8840354,52.3734929],[4.8839772,52.3734948],[4.8839777,52.3735003],[4.8839814,52.3735424],[4.8840208,52.3735411]]]},"properties":{"class":"building","class_id":1,"building":"yes"}},{"type":"Feature","geometry":{"type":"Polygon","coordinates":[[[4.8846297,52.3736226],[4.8846245,52.3735765],[4.8844383,52.3735825],[4.8843591,52.3735851],[4.8842619,52.3735883],[4.8842659,52.3736344],[4.8846297,52.3736226]]]},"properties":{"class":"building","class_id":1,"building":"apartments"}},{"type":"Feature","geometry":{"type":"Polygon","coordinates":[[[4.8837164,52.3716767],[4.8837129,52.3716373],[4.8831849,52.371655],[4.8831896,52.3717076],[4.8831912,52.3717078],[4.8837119,52.3716903],[4.8837176,52.3716898],[4.8837164,52.3716767]]]},"properties":{"class":"building","class_id":1,"building":"apartments"}},{"type":"Feature","geometry":{"type":"Polygon","coordinates":[[[4.8844552,52.3738878],[4.8844461,52.3737835],[4.8844451,52.3737714],[4.8844103,52.3737725],[4.8844118,52.3737899],[4.8843874,52.3737907],[4.884396,52.3738902],[4.8844552,52.3738878]]]},"properties":{"class":"building","class_id":1,"building":"apartments"}},{"type":"Feature","geometry":{"type":"Polygon","coordinates":[[[4.8844756,52.3719515],[4.8844727,52.3719179],[4.8841284,52.3719295],[4.884097,52.3719305],[4.8841016,52.3719808],[4.8841144,52.3719803],[4.8844771,52.3719682],[4.8844756,52.3719515]]]},"properties":{"class":"building","class_id":1,"building":"apartments"}},{"type":"Feature","geometry":{"type":"Polygon","coordinates":[[[4.8858883,52.3725721],[4.885868,52.3723548],[4.8857896,52.3723571],[4.8857887,52.3723574],[4.8858006,52.3724845],[4.8858083,52.3724842],[4.8858123,52.372525],[4.8858168,52.3725746],[4.8858883,52.3725721]]]},"properties":{"class":"building","class_id":1,"building":"yes"}},{"type":"Feature","geometry":{"type":"Polygon","coordinates":[[[4.8853754,52.3722566],[4.8853721,52.3722226],[4.8853686,52.3722227],[4.8853665,52.3722014],[4.8853417,52.3722023],[4.8853438,52.3722236],[4.8852274,52.3722278],[4.8852312,52.3722618],[4.8853754,52.3722566]]]},"properties":{"class":"building","class_id":1,"building":"house"}},{"type":"Feature","geometry":{"type":"Polygon","coordinates":[[[4.8836448,52.3714679],[4.8836415,52.3714379],[4.8836002,52.3714392],[4.8834885,52.371443],[4.8834899,52.3714589],[4.8834998,52.3714584],[4.8835121,52.3714504],[4.8835145,52.3714723],[4.8836448,52.3714679]]]},"properties":{"class":"building","class_id":1,"building":"house"}},{"type":"Feature","geometry":{"type":"Polygon","coordinates":[[[4.8857264,52.3725276],[4.8857106,52.3723596],[4.8856317,52.372362],[4.8856533,52.372593],[4.8856835,52.3725919],[4.885699,52.3725914],[4.885695,52.3725491],[4.8857283,52.3725479],[4.8857264,52.3725276]]]},"properties":{"class":"building","class_id":1,"building":"yes"}},{"type":"Feature","geometry":{"type":"Polygon","coordinates":[[[4.8840678,52.3725711],[4.8840545,52.3724168],[4.8839795,52.3724191],[4.8839879,52.3725134],[4.8840187,52.3725124],[4.8840212,52.3725414],[4.8839904,52.3725425],[4.8839931,52.3725736],[4.8840678,52.3725711]]]},"properties":{"class":"building","class_id":1,"building":"yes"}},{"type":"Feature","geometry":{"type":"Polygon","coordinates":[[[4.883544,52.3712334],[4.8835364,52.3711487],[4.8833698,52.3711543],[4.8833731,52.3711902],[4.8833025,52.3711926],[4.8832993,52.3711567],[4.8831387,52.3711621],[4.8831479,52.3712467],[4.883544,52.3712334]]]},"properties":{"class":"building","class_id":1,"building":"apartments"}},{"type":"Feature","geometry":{"type":"Polygon","coordinates":[[[4.8864078,52.373216],[4.8864029,52.3731641],[4.8863507,52.373166],[4.8863476,52.3731327],[4.8862247,52.373137],[4.8862358,52.3732554],[4.8863587,52.3732511],[4.8863556,52.3732178],[4.8864078,52.373216]]]},"properties":{"class":"building","class_id":1,"building":"house"}},{"type":"Feature","geometry":{"type":"Polygon","coordinates":[[[4.8867682,52.3725062],[4.886766,52.3724795],[4.886473,52.3724897],[4.8864767,52.3725287],[4.8865473,52.3725263],[4.8865454,52.3725065],[4.8866007,52.3725046],[4.8866025,52.3725243],[4.8867692,52.3725182],[4.8867682,52.3725062]]]},"properties":{"class":"building","class_id":1,"building":"house"}},{"type":"Feature","geometry":{"type":"Polygon","coordinates":[[[4.8857099,52.3722838],[4.8857009,52.3721909],[4.8857071,52.3721907],[4.8857041,52.3721597],[4.8856546,52.3721615],[4.8856569,52.3721846],[4.8856099,52.3721863],[4.8856199,52.3722877],[4.8857099,52.3722838]]]},"properties":{"class":"building","class_id":1,"building":"yes"}},{"type":"Feature","geometry":{"type":"Polygon","coordinates":[[[4.8837023,52.373914],[4.8836938,52.373816],[4.8836912,52.3737868],[4.8836889,52.3737603],[4.8836248,52.3737624],[4.8836254,52.3737695],[4.8836292,52.3738128],[4.8836335,52.3738631],[4.8836381,52.3739161],[4.8837023,52.373914]]]},"properties":{"class":"building","class_id":1,"building":"apartments"}},{"type":"Feature","geometry":{"type":"Polygon","coordinates":[[[4.8840084,52.3735787],[4.8840067,52.3735593],[4.8840224,52.3735588],[4.8840208,52.3735411],[4.8839814,52.3735424],[4.8839818,52.3735467],[4.8839861,52.3735973],[4.8840256,52.3735959],[4.8840241,52.3735782],[4.8840084,52.3735787]]]},"properties":{"class":"building","class_id":1,"building":"yes"}},{"type":"Feature","geometry":{"type":"Polygon","coordinates":[[[4.883962,52.3723441],[4.8839483,52.372191],[4.8838646,52.3721938],[4.8838672,52.372223],[4.8839258,52.372221],[4.8839282,52.372248],[4.8838696,52.3722499],[4.8838784,52.3723478],[4.8839608,52.3723444],[4.883962,52.3723441]]]},"properties":{"class":"building","class_id":1,"building":"yes"}},{"type":"Feature","geometry":{"type":"Polygon","coordinates":[[[4.8859765,52.3726611],[4.8859694,52.3725855],[4.8859034,52.3725878],[4.8859067,52.372623],[4.8858664,52.3726244],[4.8858697,52.3726597],[4.88591,52.3726583],[4.8859156,52.3727172],[4.8859822,52.3727146],[4.8859765,52.3726611]]]},"properties":{"class":"building","class_id":1,"building":"yes"}},{"type":"Feature","geometry":{"type":"Polygon","coordinates":[[[4.8876077,52.3713412],[4.8876038,52.3713196],[4.8875937,52.3712646],[4.8875146,52.3712708],[4.8875346,52.3713806],[4.8875414,52.3713802],[4.8875424,52.3713857],[4.8875836,52.3713829],[4.8875828,52.3713789],[4.8876142,52.3713767],[4.8876077,52.3713412]]]},"properties":{"class":"building","class_id":1,"building":"yes"}},{"type":"Feature","geometry":{"type":"Polygon","coordinates":[[[4.8873612,52.3713232],[4.8873537,52.3712819],[4.8873524,52.371282],[4.8873507,52.3712731],[4.8872535,52.3712802],[4.8872551,52.3712885],[4.8872565,52.3713016],[4.8872735,52.371301],[4.8872762,52.371328],[4.8872756,52.371329],[4.8873612,52.3713232]]]},"properties":{"class":"building","class_id":1,"building":"house"}},{"type":"Feature","geometry":{"type":"Polygon","coordinates":[[[4.8878879,52.3710073],[4.8878799,52.3709595],[4.887879,52.3709559],[4.887482,52.3709849],[4.8874927,52.3710392],[4.887604,52.371031],[4.8875991,52.3710056],[4.887629,52.3710035],[4.8876286,52.3710013],[4.8876695,52.3709983],[4.8876749,52.3710259],[4.8878885,52.3710109],[4.8878879,52.3710073]]]},"properties":{"class":"building","class_id":1,"building":"apartments"}},{"type":"Feature","geometry":{"type":"Polygon","coordinates":[[[4.8879374,52.3723142],[4.8879334,52.37229],[4.8879258,52.3722433],[4.8879159,52.372244],[4.8879162,52.3722453],[4.8879031,52.3722464],[4.8879028,52.372245],[4.8878605,52.3722483],[4.8878756,52.3723293],[4.8878921,52.3723281],[4.8878955,52.3723467],[4.8879421,52.3723434],[4.8879406,52.3723344],[4.8879374,52.3723142]]]},"properties":{"class":"building","class_id":1,"building":"house"}},{"type":"Feature","geometry":{"type":"Polygon","coordinates":[[[4.8875346,52.3713806],[4.8875146,52.3712708],[4.8874341,52.3712758],[4.8874503,52.3713648],[4.8875016,52.3713614],[4.8875054,52.3713826],[4.8874739,52.3713848],[4.8874743,52.3713873],[4.8874822,52.3714305],[4.8875203,52.3714279],[4.8875498,52.3714259],[4.8875424,52.3713857],[4.8875414,52.3713802],[4.8875346,52.3713806]]]},"properties":{"class":"building","class_id":1,"building":"yes"}},{"type":"Feature","geometry":{"type":"Polygon","coordinates":[[[4.8880983,52.3721298],[4.8880861,52.3720587],[4.887886,52.3720724],[4.8878822,52.3720515],[4.8878177,52.3720559],[4.887637,52.3720682],[4.887641,52.3721146],[4.8876415,52.3721196],[4.8877733,52.3721154],[4.8877801,52.3721524],[4.8878537,52.3721474],[4.8879145,52.3721433],[4.8879847,52.3721385],[4.8880984,52.3721307],[4.8880983,52.3721298]]]},"properties":{"class":"building","class_id":1,"building":"yes"}},{"type":"Feature","geometry":{"type":"Polygon","coordinates":[[[4.887916,52.3710638],[4.8879124,52.3710459],[4.8878954,52.3710472],[4.8878885,52.3710109],[4.8876749,52.3710259],[4.8876812,52.3710582],[4.8876175,52.3710627],[4.8876113,52.3710305],[4.887604,52.371031],[4.8874927,52.3710392],[4.8875035,52.3710939],[4.8875742,52.3710888],[4.8876292,52.3710847],[4.88769,52.3710803],[4.8876901,52.3710808],[4.8878988,52.3710658],[4.8878987,52.3710649],[4.887916,52.3710638]]]},"properties":{"class":"building","class_id":1,"building":"house"}},{"type":"Feature","geometry":{"type":"Polygon","coordinates":[[[4.8881838,52.3725585],[4.8881665,52.3725072],[4.8879613,52.3725278],[4.8879702,52.3725611],[4.8879012,52.372568],[4.8878923,52.3725347],[4.8877399,52.37255],[4.8877397,52.3725493],[4.8875867,52.3725646],[4.8875879,52.3725688],[4.8875985,52.3726083],[4.8875725,52.372611],[4.8875753,52.3726216],[4.8875717,52.372622],[4.8875797,52.3726519],[4.8876395,52.3726459],[4.8876315,52.3726161],[4.887694,52.3726098],[4.8876935,52.3726076],[4.8881838,52.3725585]]]},"properties":{"class":"building","class_id":1,"building":"apartments"}},{"type":"Feature","geometry":{"type":"Polygon","coordinates":[[[4.8877657,52.3732251],[4.8877387,52.3731241],[4.8876736,52.3731306],[4.8876985,52.373233],[4.8877657,52.3732251]]]},"properties":{"class":"building","class_id":1,"building":"yes"}},{"type":"Feature","geometry":{"type":"Polygon","coordinates":[[[4.8875356,52.3723192],[4.8875269,52.3722722],[4.8874745,52.372276],[4.8874833,52.3723228],[4.8875356,52.3723192]]]},"properties":{"class":"building","class_id":1,"building":"house"}},{"type":"Feature","geometry":{"type":"Polygon","coordinates":[[[4.8876734,52.3714743],[4.8876646,52.3714264],[4.8876049,52.3714305],[4.8876133,52.3714791],[4.8876734,52.3714743]]]},"properties":{"class":"building","class_id":1,"building":"yes"}},{"type":"Feature","geometry":{"type":"Polygon","coordinates":[[[4.8876667,52.3711957],[4.8876563,52.3711423],[4.8875857,52.3711475],[4.8875957,52.3711991],[4.887596,52.3712004],[4.8876667,52.3711957]]]},"properties":{"class":"building","class_id":1,"building":"apartments"}},{"type":"Feature","geometry":{"type":"Polygon","coordinates":[[[4.8874795,52.3716579],[4.887471,52.3716111],[4.8873031,52.3716226],[4.887308,52.3716686],[4.8873085,52.3716696],[4.8874795,52.3716579]]]},"properties":{"class":"building","class_id":1,"building":"yes"}},{"type":"Feature","geometry":{"type":"Polygon","coordinates":[[[4.8876826,52.3717007],[4.8880165,52.3716775],[4.8880058,52.3716244],[4.8876403,52.3716492],[4.8876501,52.3717028],[4.8876826,52.3717007]]]},"properties":{"class":"building","class_id":1,"building":"apartments"}},{"type":"Feature","geometry":{"type":"Polygon","coordinates":[[[4.8875808,52.372206],[4.8875731,52.3721635],[4.8875126,52.3721676],[4.8875203,52.3722095],[4.8875792,52.3722057],[4.8875808,52.372206]]]},"properties":{"class":"building","class_id":1,"building":"house"}},{"type":"Feature","geometry":{"type":"Polygon","coordinates":[[[4.8875857,52.3711475],[4.8875742,52.3710888],[4.8875035,52.3710939],[4.887515,52.3711527],[4.8875252,52.3712047],[4.8875957,52.3711991],[4.8875857,52.3711475]]]},"properties":{"class":"building","class_id":1,"building":"yes"}},{"type":"Feature","geometry":{"type":"Polygon","coordinates":[[[4.8874618,52.372213],[4.8874543,52.3721716],[4.8873604,52.372178],[4.8873592,52.372178],[4.8873623,52.372222],[4.887462,52.3722139],[4.8874618,52.372213]]]},"properties":{"class":"building","class_id":1,"building":"apartments"}},{"type":"Feature","geometry":{"type":"Polygon","coordinates":[[[4.8873836,52.3711489],[4.8873801,52.371103],[4.8872618,52.3711117],[4.887261,52.3711125],[4.8872625,52.3711555],[4.8872636,52.3711554],[4.8873815,52.371149],[4.8873836,52.3711489]]]},"properties":{"class":"building","class_id":1,"building":"house"}},{"type":"Feature","geometry":{"type":"Polygon","coordinates":[[[4.8879429,52.3712943],[4.8879322,52.37124],[4.8877075,52.371256],[4.8876502,52.3712613],[4.8876601,52.3713157],[4.8877836,52.3713073],[4.8877832,52.3713049],[4.8879429,52.3712943]]]},"properties":{"class":"building","class_id":1,"building":"apartments"}},{"type":"Feature","geometry":{"type":"Polygon","coordinates":[[[4.888157,52.3724566],[4.8881467,52.3724072],[4.8878969,52.3724323],[4.887837,52.3724383],[4.8877679,52.3724452],[4.8877181,52.3724502],[4.8877133,52.3724507],[4.8877264,52.3724998],[4.888157,52.3724566]]]},"properties":{"class":"building","class_id":1,"building":"yes"}},{"type":"Feature","geometry":{"type":"Polygon","coordinates":[[[4.8879921,52.3721795],[4.8879847,52.3721385],[4.8879145,52.3721433],[4.887922,52.3721846],[4.8879593,52.3721819],[4.887959,52.3721801],[4.8879896,52.3721779],[4.8879899,52.3721797],[4.8879921,52.3721795]]]},"properties":{"class":"building","class_id":1,"building":"apartments"}},{"type":"Feature","geometry":{"type":"Polygon","coordinates":[[[4.8875443,52.3723656],[4.8875356,52.3723192],[4.8874833,52.3723228],[4.8874745,52.372276],[4.8874314,52.3722785],[4.8873666,52.3722832],[4.8873751,52.3723322],[4.8874441,52.3723253],[4.8874534,52.3723748],[4.8875443,52.3723656]]]},"properties":{"class":"building","class_id":1,"building":"apartments"}},{"type":"Feature","geometry":{"type":"Polygon","coordinates":[[[4.8904346,52.3727134],[4.8904772,52.3727083],[4.8904604,52.3726565],[4.8904179,52.3726616],[4.8904346,52.3727134]]]},"properties":{"class":"building","class_id":1,"building":"static_caravan"}},{"type":"Feature","geometry":{"type":"Polygon","coordinates":[[[4.8897921,52.3721334],[4.8897974,52.3721173],[4.8897872,52.3721158],[4.8897237,52.3721067],[4.8897151,52.3721391],[4.8897091,52.3721618],[4.8896998,52.3721968],[4.8896875,52.3722434],[4.8896873,52.3722439],[4.8897494,52.3722635],[4.8897921,52.3721334]]]},"properties":{"class":"building","class_id":1,"building":"yes"}},{"type":"Feature","geometry":{"type":"Polygon","coordinates":[[[4.8890063,52.3712839],[4.8889867,52.3712777],[4.8889685,52.371272],[4.8887843,52.3712141],[4.8886616,52.3711905],[4.8886777,52.3712738],[4.889033,52.3713691],[4.8891808,52.3714088],[4.8891721,52.3713633],[4.8891712,52.3713634],[4.8891652,52.3713333],[4.8891638,52.3713334],[4.8890063,52.3712839]]]},"properties":{"class":"building","class_id":1,"building":"apartments"}},{"type":"Feature","geometry":{"type":"Polygon","coordinates":[[[4.8888349,52.3710182],[4.8887488,52.3709902],[4.8887628,52.3709792],[4.8887864,52.37093],[4.8886754,52.3708987],[4.8886699,52.3709059],[4.8885908,52.3708835],[4.8886185,52.3709886],[4.8886343,52.3710508],[4.8886402,52.3710869],[4.8887601,52.3711024],[4.8889036,52.3711475],[4.8889223,52.3711125],[4.8889057,52.3711072],[4.8889452,52.3710544],[4.8888349,52.3710182]]]},"properties":{"class":"building","class_id":1,"building":"apartments"}},{"type":"Feature","geometry":{"type":"Polygon","coordinates":[[[4.8892341,52.3716583],[4.8892098,52.3715481],[4.8890747,52.3715133],[4.8890482,52.3715519],[4.8887175,52.3714666],[4.8887283,52.3715122],[4.8887293,52.3715121],[4.8890021,52.3715824],[4.8889726,52.3716253],[4.8890185,52.3716372],[4.8890089,52.3716688],[4.8890249,52.371673],[4.8890184,52.3716949],[4.8890136,52.3717034],[4.8890648,52.3717118],[4.8890562,52.3717311],[4.8890673,52.371733],[4.8891124,52.3717404],[4.8892556,52.371764],[4.8892468,52.3717172],[4.8892458,52.3717173],[4.8892352,52.3716582],[4.8892341,52.3716583]]]},"properties":{"class":"building","class_id":1,"building":"yes"}},{"type":"Feature","geometry":{"type":"Polygon","coordinates":[[[4.8901563,52.3717913],[4.890169,52.3717467],[4.8901389,52.3717425],[4.8901579,52.3717004],[4.8901804,52.3716503],[4.8901408,52.3716463],[4.8901404,52.3716471],[4.8897004,52.3715991],[4.8897007,52.3715982],[4.8896054,52.3715872],[4.8895893,52.3716403],[4.8895092,52.3716313],[4.8895208,52.3716959],[4.8898541,52.371798],[4.8898308,52.3718752],[4.889793,52.3718629],[4.8897446,52.3719187],[4.8898016,52.3719366],[4.8898023,52.371936],[4.8901367,52.3720414],[4.8901756,52.3719939],[4.8901434,52.371984],[4.8901513,52.3719745],[4.8901746,52.3719076],[4.890203,52.371915],[4.8902214,52.3718807],[4.8901869,52.3718718],[4.8902086,52.3718314],[4.8901485,52.3718187],[4.8901563,52.3717913]]]},"properties":{"class":"building","class_id":1,"building":"yes"}},{"type":"Feature","geometry":{"type":"Polygon","coordinates":[[[4.889966,52.3723317],[4.890016,52.3721788],[4.8899373,52.3721692],[4.8898917,52.3723086],[4.889966,52.3723317]]]},"properties":{"class":"building","class_id":1,"building":"apartments"}},{"type":"Feature","geometry":{"type":"Polygon","coordinates":[[[4.8898917,52.3723086],[4.8899373,52.3721692],[4.8898547,52.3721591],[4.8898139,52.3722838],[4.8898917,52.3723086]]]},"properties":{"class":"building","class_id":1,"building":"yes"}},{"type":"Feature","geometry":{"type":"Polygon","coordinates":[[[4.8894014,52.3726695],[4.8893864,52.3725993],[4.8893852,52.3725966],[4.8893767,52.3725664],[4.8893409,52.3723805],[4.8893318,52.3723234],[4.8893288,52.3723208],[4.8893245,52.372319],[4.8891639,52.3723007],[4.8891353,52.3723036],[4.889108,52.3722989],[4.8891072,52.3723192],[4.8891088,52.3723464],[4.8891022,52.3724652],[4.8889434,52.3724638],[4.8889724,52.3725588],[4.8889708,52.3725602],[4.8889724,52.3725628],[4.8890698,52.372826],[4.8894397,52.3728219],[4.8894299,52.3727768],[4.8894289,52.3727749],[4.8894014,52.3726695]]]},"properties":{"class":"building","class_id":1,"building":"commercial"}},{"type":"Feature","geometry":{"type":"Polygon","coordinates":[[[4.890261,52.3730093],[4.8903072,52.3726841],[4.8903022,52.3726729],[4.8902256,52.3726018],[4.8902131,52.3725929],[4.8898936,52.3724943],[4.8898763,52.3724908],[4.8897914,52.3724694],[4.8897621,52.3724608],[4.8897395,52.372445],[4.8896332,52.3724476],[4.8896497,52.3724972],[4.8896682,52.3725172],[4.8896684,52.3725749],[4.8896649,52.3725863],[4.8897132,52.372832],[4.8897198,52.3728514],[4.8897527,52.3730195],[4.8897584,52.3730298],[4.889776,52.3730852],[4.8899004,52.3730839],[4.8899187,52.3730849],[4.8901015,52.3730753],[4.8901193,52.3730705],[4.8902494,52.3730196],[4.8902577,52.3730091],[4.890261,52.3730093]]]},"properties":{"class":"building","class_id":1,"building":"yes"}},{"type":"Feature","geometry":{"type":"Polygon","coordinates":[[[4.8902047,52.3715059],[4.8902013,52.3714858],[4.8898525,52.3714499],[4.8898389,52.3714993],[4.8900176,52.3715177],[4.89021,52.3715375],[4.8902047,52.3715059]]]},"properties":{"class":"building","class_id":1,"building":"yes"}},{"type":"Feature","geometry":{"type":"Polygon","coordinates":[[[4.8895971,52.3712343],[4.8896057,52.3712031],[4.8895607,52.3711984],[4.8895667,52.3711763],[4.8894043,52.371172],[4.8894129,52.3712156],[4.8894138,52.3712155],[4.8895971,52.3712343]]]},"properties":{"class":"building","class_id":1,"building":"apartments"}},{"type":"Feature","geometry":{"type":"Polygon","coordinates":[[[4.8902086,52.3718314],[4.8904072,52.371873],[4.8904061,52.3718268],[4.8902052,52.3717919],[4.8902018,52.3717992],[4.8901563,52.3717913],[4.8901485,52.3718187],[4.8902086,52.3718314]]]},"properties":{"class":"building","class_id":1,"building":"yes"}},{"type":"Feature","geometry":{"type":"Polygon","coordinates":[[[4.8896875,52.3722434],[4.8896998,52.3721968],[4.8896099,52.3721942],[4.8896125,52.3722106],[4.8896111,52.3722107],[4.8896114,52.3722133],[4.8896132,52.3722133],[4.8896248,52.3722246],[4.8896875,52.3722434]]]},"properties":{"class":"building","class_id":1,"building":"apartments"}},{"type":"Feature","geometry":{"type":"Polygon","coordinates":[[[4.8889472,52.371442],[4.8886968,52.3713732],[4.8886951,52.3713733],[4.8886962,52.3713787],[4.888698,52.3713786],[4.8887064,52.3714183],[4.8889152,52.3714722],[4.8889247,52.3714746],[4.8889466,52.3714427],[4.8889472,52.371442]]]},"properties":{"class":"building","class_id":1,"building":"yes"}},{"type":"Feature","geometry":{"type":"Polygon","coordinates":[[[4.8917871,52.3726627],[4.8917935,52.3725851],[4.8916173,52.3725795],[4.8916106,52.3726593],[4.8916253,52.3726598],[4.8916254,52.3726576],[4.8916656,52.3726589],[4.8916655,52.372661],[4.8917465,52.3726636],[4.8917467,52.3726614],[4.8917871,52.3726627]]]},"properties":{"class":"building","class_id":1,"building":"commercial"}},{"type":"Feature","geometry":{"type":"Polygon","coordinates":[[[4.8913096,52.3726318],[4.8913862,52.3724878],[4.8913126,52.3724731],[4.8912809,52.3725327],[4.8912932,52.3725352],[4.8912483,52.3726195],[4.8912532,52.3726206],[4.891255,52.3726175],[4.8913056,52.3726285],[4.8913038,52.3726315],[4.8913087,52.3726326],[4.8913096,52.3726318]]]},"properties":{"class":"building","class_id":1,"building":"yes"}},{"type":"Feature","geometry":{"type":"Polygon","coordinates":[[[4.8910714,52.3724819],[4.8910988,52.3724305],[4.8908976,52.3723929],[4.890893,52.3723928],[4.8908883,52.3724445],[4.8908896,52.3724445],[4.8908892,52.3724458],[4.8910102,52.3724697],[4.8910153,52.3724602],[4.8910511,52.3724673],[4.891046,52.3724768],[4.8910714,52.3724819]]]},"properties":{"class":"building","class_id":1,"building":"house"}},{"type":"Feature","geometry":{"type":"Polygon","coordinates":[[[4.8926524,52.3717173],[4.8926452,52.3716634],[4.8923763,52.3716704],[4.8923779,52.3716943],[4.8924185,52.3716933],[4.8924203,52.3717197],[4.8923797,52.3717201],[4.8923566,52.3717203],[4.8923594,52.3717622],[4.8924299,52.3717615],[4.8926564,52.3717592],[4.8926524,52.3717173]]]},"properties":{"class":"building","class_id":1,"building":"yes"}},{"type":"Feature","geometry":{"type":"Polygon","coordinates":[[[4.8919692,52.3722822],[4.891581,52.3722234],[4.8915882,52.3722091],[4.8915616,52.372204],[4.8915556,52.3722145],[4.8915279,52.3722086],[4.8915369,52.3721928],[4.8914868,52.3721821],[4.8914474,52.3722513],[4.8915661,52.3722769],[4.8919652,52.3723373],[4.8919657,52.3722852],[4.8919692,52.3722852],[4.8919692,52.3722822]]]},"properties":{"class":"building","class_id":1,"building":"house"}},{"type":"Feature","geometry":{"type":"Polygon","coordinates":[[[4.8912483,52.3726195],[4.8912932,52.3725352],[4.8912809,52.3725327],[4.8913126,52.3724731],[4.8912332,52.3724573],[4.8912168,52.3724881],[4.8912015,52.3725169],[4.8912121,52.372519],[4.8911679,52.3726019],[4.8911672,52.3726032],[4.8911746,52.3726048],[4.8911754,52.3726035],[4.8912409,52.3726179],[4.8912401,52.3726191],[4.8912476,52.3726208],[4.8912483,52.3726195]]]},"properties":{"class":"building","class_id":1,"building":"yes"}},{"type":"Feature","geometry":{"type":"Polygon","coordinates":[[[4.8923166,52.3713699],[4.892331,52.3713692],[4.8923189,52.3713093],[4.8923127,52.3712784],[4.8923065,52.3712473],[4.8922615,52.3712501],[4.8919917,52.3712673],[4.8919927,52.3712709],[4.8919917,52.371271],[4.8920063,52.3713251],[4.8920073,52.371325],[4.892008,52.3713275],[4.8920091,52.3713274],[4.8920235,52.371381],[4.8920256,52.3713808],[4.8920265,52.3713841],[4.8923166,52.3713699]]]},"properties":{"class":"building","class_id":1,"building":"retail"}},{"type":"Feature","geometry":{"type":"Polygon","coordinates":[[[4.8927024,52.3723421],[4.8927123,52.3723329],[4.8927044,52.3723024],[4.8927064,52.3723021],[4.8927059,52.3722978],[4.8925219,52.3723019],[4.8924722,52.372303],[4.8924588,52.3723033],[4.8924601,52.3723177],[4.892462,52.3723372],[4.8923994,52.3723394],[4.8924015,52.3723622],[4.8924424,52.3723754],[4.8924984,52.3723683],[4.8925425,52.3723627],[4.8925424,52.3723612],[4.8926603,52.3723475],[4.8926603,52.372348],[4.8926669,52.3723473],[4.8926666,52.3723461],[4.8927024,52.3723421]]]},"properties":{"class":"building","class_id":1,"building":"apartments"}},{"type":"Feature","geometry":{"type":"Polygon","coordinates":[[[4.8919676,52.3722256],[4.8919697,52.3721803],[4.8919723,52.3721804],[4.8919725,52.3721762],[4.8919678,52.3721734],[4.8919659,52.3721746],[4.8919651,52.3721765],[4.8919072,52.3721681],[4.8919079,52.3721662],[4.8919007,52.3721652],[4.8919,52.3721671],[4.8918445,52.372159],[4.8918452,52.3721572],[4.8918381,52.3721561],[4.8918374,52.372158],[4.8917818,52.3721499],[4.8917826,52.3721481],[4.8917754,52.3721471],[4.8917748,52.3721486],[4.8916297,52.372127],[4.8915882,52.3722091],[4.891581,52.3722234],[4.8919692,52.3722822],[4.8919693,52.3722791],[4.8919653,52.3722791],[4.8919661,52.3722317],[4.8919701,52.3722317],[4.8919703,52.3722257],[4.8919676,52.3722256]]]},"properties":{"class":"building","class_id":1,"building":"retail"}},{"type":"Feature","geometry":{"type":"Polygon","coordinates":[[[4.8916455,52.3720291],[4.891366,52.3719344],[4.891113,52.3719377],[4.8910877,52.3719833],[4.8911214,52.37199],[4.8913102,52.3720327],[4.8913143,52.3720327],[4.8914313,52.3720594],[4.8914361,52.3720597],[4.8916835,52.3721154],[4.8916881,52.3721153],[4.8917964,52.3721339],[4.8918006,52.3721337],[4.8919689,52.3721569],[4.891965,52.3721107],[4.8919633,52.3721056],[4.891754,52.3720398],[4.8916909,52.3720293],[4.8916455,52.3720291]]]},"properties":{"class":"building","class_id":1,"building":"yes"}},{"type":"Feature","geometry":{"type":"Polygon","coordinates":[[[4.8912318,52.3720958],[4.8912621,52.372047],[4.8911725,52.3720268],[4.8911425,52.372075],[4.8912318,52.3720958]]]},"properties":{"class":"building","class_id":1,"building":"yes"}},{"type":"Feature","geometry":{"type":"Polygon","coordinates":[[[4.8924083,52.371991],[4.8924081,52.3719453],[4.8920716,52.3719428],[4.89207,52.371991],[4.8923542,52.371991],[4.8924083,52.371991]]]},"properties":{"class":"building","class_id":1,"building":"retail"}},{"type":"Feature","geometry":{"type":"Polygon","coordinates":[[[4.8922615,52.3712501],[4.892252,52.3712027],[4.8921438,52.3712095],[4.8919782,52.3712199],[4.8919766,52.3712201],[4.8919917,52.3712673],[4.8922615,52.3712501]]]},"properties":{"class":"building","class_id":1,"building":"retail"}},{"type":"Feature","geometry":{"type":"Polygon","coordinates":[[[4.8914716,52.3716179],[4.8909756,52.3713587],[4.8909479,52.3714523],[4.8909475,52.3714623],[4.8909473,52.3715053],[4.8909467,52.3715617],[4.8909487,52.3715984],[4.8909456,52.3716095],[4.8909477,52.3716462],[4.8909446,52.3716574],[4.8909481,52.3716943],[4.8909474,52.3717359],[4.8910843,52.3718055],[4.8914997,52.3717973],[4.8917696,52.3718038],[4.8916362,52.3716613],[4.8914716,52.3716179]]]},"properties":{"class":"building","class_id":1,"building":"commercial"}},{"type":"Feature","geometry":{"type":"Polygon","coordinates":[[[4.8910692,52.3720579],[4.8910995,52.3720092],[4.8910988,52.3720088],[4.8910791,52.3720043],[4.8910787,52.3720051],[4.8910536,52.3719994],[4.8910238,52.3720473],[4.8910692,52.3720579]]]},"properties":{"class":"building","class_id":1,"building":"yes"}},{"type":"Feature","geometry":{"type":"Polygon","coordinates":[[[4.8914114,52.3721652],[4.8914572,52.3720917],[4.8913934,52.3720783],[4.8913049,52.3722205],[4.8913183,52.3722236],[4.8913517,52.3721701],[4.8913909,52.3721792],[4.8914011,52.3721628],[4.8914114,52.3721652]]]},"properties":{"class":"building","class_id":1,"building":"yes"}},{"type":"Feature","geometry":{"type":"Polygon","coordinates":[[[4.892568,52.371352],[4.8925559,52.3713019],[4.8925675,52.3713009],[4.8925659,52.3712941],[4.8925663,52.3712936],[4.8923189,52.3713093],[4.892331,52.3713692],[4.8925811,52.371357],[4.8925796,52.3713509],[4.892568,52.371352]]]},"properties":{"class":"building","class_id":1,"building":"commercial"}},{"type":"Feature","geometry":{"type":"Polygon","coordinates":[[[4.8919473,52.3715897],[4.8917033,52.3715518],[4.891558,52.3715208],[4.8915275,52.3715743],[4.8916645,52.3715938],[4.8916703,52.3715785],[4.8917225,52.3715859],[4.8917167,52.3716012],[4.8919528,52.3716348],[4.8919473,52.3715897]]]},"properties":{"class":"building","class_id":1,"building":"retail"}},{"type":"Feature","geometry":{"type":"Polygon","coordinates":[[[4.8924424,52.3723754],[4.8924015,52.3723622],[4.8923994,52.3723394],[4.8923805,52.3723401],[4.8920831,52.3723507],[4.8920837,52.3723869],[4.892086,52.3723868],[4.8923936,52.3723719],[4.8924342,52.372385],[4.8924424,52.3723754]]]},"properties":{"class":"building","class_id":1,"building":"retail"}},{"type":"Feature","geometry":{"type":"Polygon","coordinates":[[[4.894864,52.3718587],[4.8948861,52.3718868],[4.8948701,52.3718914],[4.8948843,52.3719096],[4.8950284,52.3718689],[4.8951125,52.3718452],[4.8950798,52.3718034],[4.8950139,52.3718227],[4.894926,52.3718479],[4.8949221,52.3718429],[4.894864,52.3718587]]]},"properties":{"class":"building","class_id":1,"building":"apartments"}},{"type":"Feature","geometry":{"type":"Polygon","coordinates":[[[4.894643,52.371995],[4.8946833,52.3720424],[4.8947079,52.3720709],[4.8947225,52.3720879],[4.8947777,52.3721544],[4.894849,52.372131],[4.8949491,52.3720988],[4.8949019,52.3720401],[4.894892,52.3720427],[4.8948793,52.3720269],[4.8948945,52.3720224],[4.8948692,52.3719909],[4.8948185,52.3720062],[4.8947781,52.3719559],[4.894643,52.371995]]]},"properties":{"class":"building","class_id":1,"building":"yes"}},{"type":"Feature","geometry":{"type":"Polygon","coordinates":[[[4.8946773,52.3713548],[4.8947187,52.3714444],[4.8947331,52.3714409],[4.8947811,52.3714292],[4.8947648,52.371395],[4.8949485,52.3713518],[4.8949181,52.3713213],[4.8949124,52.3713156],[4.8949008,52.3713175],[4.8948024,52.3713337],[4.8947405,52.3713444],[4.894715,52.3713485],[4.8947153,52.3713494],[4.8947012,52.3713517],[4.8947008,52.3713509],[4.8946773,52.3713548]]]},"properties":{"class":"building","class_id":1,"building":"yes"}},{"type":"Feature","geometry":{"type":"Polygon","coordinates":[[[4.8945647,52.3714769],[4.8945863,52.3715237],[4.8946907,52.3715061],[4.8950273,52.3714266],[4.8950427,52.3714206],[4.8950178,52.3713967],[4.8950024,52.3714028],[4.8949976,52.3713982],[4.8949793,52.3713809],[4.8947811,52.3714292],[4.8947331,52.3714409],[4.8947485,52.3714646],[4.8947018,52.371476],[4.8946863,52.3714523],[4.8946355,52.3714647],[4.8945647,52.3714769]]]},"properties":{"class":"building","class_id":1,"building":"apartments"}},{"type":"Feature","geometry":{"type":"Polygon","coordinates":[[[4.8948437,52.3719369],[4.8948738,52.3719743],[4.8948905,52.3719693],[4.8949004,52.3719815],[4.894914,52.3719774],[4.8950021,52.3720829],[4.8950758,52.3720593],[4.8950291,52.3720012],[4.8950498,52.371995],[4.8950345,52.3719759],[4.8950138,52.3719822],[4.8950058,52.3719722],[4.8950265,52.371966],[4.8950428,52.3719611],[4.8949895,52.3718947],[4.8948437,52.3719369]]]},"properties":{"class":"building","class_id":1,"building":"apartments"}},{"type":"Feature","geometry":{"type":"Polygon","coordinates":[[[4.8939623,52.3723393],[4.8939646,52.3723419],[4.8939661,52.3723415],[4.8939709,52.3723483],[4.8939695,52.3723487],[4.8939709,52.3723507],[4.8939724,52.3723503],[4.8939861,52.3723693],[4.8939847,52.3723697],[4.8939861,52.3723717],[4.8939876,52.3723713],[4.8940031,52.3723926],[4.8940016,52.372393],[4.8940033,52.3723954],[4.8940084,52.3723941],[4.894022,52.372398],[4.8940233,52.3723996],[4.8941457,52.3723609],[4.8941207,52.3723321],[4.8941802,52.3723128],[4.894152,52.3722803],[4.8939623,52.3723393]]]},"properties":{"class":"building","class_id":1,"building":"yes"}},{"type":"Feature","geometry":{"type":"Polygon","coordinates":[[[4.8959905,52.3714094],[4.8959594,52.3713589],[4.8958944,52.3713741],[4.8959213,52.3714177],[4.8959905,52.3714094]]]},"properties":{"class":"building","class_id":1,"building":"house"}},{"type":"Feature","geometry":{"type":"Polygon","coordinates":[[[4.894946,52.3716483],[4.8949685,52.3716801],[4.8952194,52.3716161],[4.8951872,52.3715843],[4.894946,52.3716483]]]},"properties":{"class":"building","class_id":1,"building":"apartments"}},{"type":"Feature","geometry":{"type":"Polygon","coordinates":[[[4.8945203,52.3713806],[4.8945647,52.3714769],[4.8946355,52.3714647],[4.8945914,52.3713691],[4.8945203,52.3713806]]]},"properties":{"class":"building","class_id":1,"building":"house"}},{"type":"Feature","geometry":{"type":"Polygon","coordinates":[[[4.8942764,52.3722576],[4.8943149,52.372305],[4.8943695,52.3722862],[4.894331,52.3722404],[4.8942764,52.3722576]]]},"properties":{"class":"building","class_id":1,"building":"yes"}},{"type":"Feature","geometry":{"type":"Polygon","coordinates":[[[4.8945107,52.3718346],[4.8945362,52.3718723],[4.8946402,52.3718451],[4.8946186,52.3718101],[4.8945579,52.3718239],[4.8945107,52.3718346]]]},"properties":{"class":"building","class_id":1,"building":"yes"}},{"type":"Feature","geometry":{"type":"Polygon","coordinates":[[[4.8948842,52.3719096],[4.89487,52.3718914],[4.8948471,52.3718621],[4.8947891,52.3718791],[4.8948259,52.3719261],[4.8948842,52.3719096]]]},"properties":{"class":"building","class_id":1,"building":"yes"}},{"type":"Feature","geometry":{"type":"Polygon","coordinates":[[[4.89449,52.3715399],[4.8945616,52.3717007],[4.8946332,52.3716856],[4.8945629,52.3715276],[4.8945159,52.3715356],[4.89449,52.3715399]]]},"properties":{"class":"building","class_id":1,"building":"apartments"}},{"type":"Feature","geometry":{"type":"Polygon","coordinates":[[[4.8944201,52.3715517],[4.8944392,52.3715944],[4.8944921,52.3717133],[4.8945616,52.3717007],[4.89449,52.3715399],[4.8944562,52.3715456],[4.8944201,52.3715517]]]},"properties":{"class":"building","class_id":1,"building":"apartments"}},{"type":"Feature","geometry":{"type":"Polygon","coordinates":[[[4.8952313,52.3718853],[4.895313,52.3719835],[4.8953543,52.3719697],[4.895306,52.3719117],[4.8952933,52.3718965],[4.895274,52.3718732],[4.8952313,52.3718853]]]},"properties":{"class":"building","class_id":1,"building":"yes"}},{"type":"Feature","geometry":{"type":"Polygon","coordinates":[[[4.8938309,52.3723592],[4.8937863,52.3722593],[4.8937215,52.3722685],[4.8937219,52.3722694],[4.8936793,52.3722755],[4.8937599,52.3724552],[4.8938642,52.3724339],[4.8938309,52.3723592]]]},"properties":{"class":"building","class_id":1,"building":"retail"}},{"type":"Feature","geometry":{"type":"Polygon","coordinates":[[[4.8959213,52.3714177],[4.8958944,52.3713741],[4.8958437,52.3713865],[4.8958631,52.3714189],[4.8958984,52.371411],[4.8959194,52.371445],[4.8959362,52.3714407],[4.8959213,52.3714177]]]},"properties":{"class":"building","class_id":1,"building":"house"}},{"type":"Feature","geometry":{"type":"Polygon","coordinates":[[[4.8957504,52.3715032],[4.895985,52.3714427],[4.8959764,52.3714303],[4.8959362,52.3714407],[4.8959194,52.371445],[4.8958984,52.371411],[4.8958631,52.3714189],[4.895694,52.3714568],[4.8957504,52.3715032]]]},"properties":{"class":"building","class_id":1,"building":"house"}},{"type":"Feature","geometry":{"type":"Polygon","coordinates":[[[4.8936793,52.3722755],[4.893679,52.3722745],[4.893447,52.3723075],[4.8934528,52.3723197],[4.8934547,52.3723193],[4.8934713,52.3723539],[4.8935939,52.3723366],[4.8936566,52.3724764],[4.8937599,52.3724552],[4.8936793,52.3722755]]]},"properties":{"class":"building","class_id":1,"building":"commercial"}},{"type":"Feature","geometry":{"type":"Polygon","coordinates":[[[4.8961014,52.3723401],[4.8959205,52.3722008],[4.8956445,52.3722807],[4.8956543,52.3722936],[4.8956845,52.3722831],[4.8957178,52.3723205],[4.8957448,52.3723116],[4.8957986,52.3723658],[4.895779,52.3723719],[4.8958297,52.3724337],[4.8960986,52.3723414],[4.8961014,52.3723401]]]},"properties":{"class":"building","class_id":1,"building":"apartments"}},{"type":"Feature","geometry":{"type":"Polygon","coordinates":[[[4.8956445,52.3722807],[4.8956021,52.3722226],[4.8955745,52.3721892],[4.8954593,52.3722269],[4.8954017,52.3722452],[4.89535,52.3722628],[4.8953869,52.3723137],[4.895427,52.3723685],[4.8954278,52.3723694],[4.8954884,52.3723508],[4.8954675,52.3723248],[4.8955235,52.3723084],[4.8955286,52.3723152],[4.8956445,52.3722807]]]},"properties":{"class":"building","class_id":1,"building":"yes"}},{"type":"Feature","geometry":{"type":"Polygon","coordinates":[[[4.8947369,52.3724214],[4.8946381,52.372311],[4.8945107,52.3723535],[4.8946118,52.3724632],[4.8947369,52.3724214]]]},"properties":{"class":"building","class_id":1,"building":"apartments"}},{"type":"Feature","geometry":{"type":"Polygon","coordinates":[[[4.8954703,52.3732234],[4.8954435,52.3731902],[4.895427,52.3731952],[4.8954042,52.373167],[4.8953442,52.373184],[4.8953946,52.3732463],[4.8954703,52.3732234]]]},"properties":{"class":"building","class_id":1,"building":"house"}},{"type":"Feature","geometry":{"type":"Polygon","coordinates":[[[4.8959727,52.373127],[4.8958897,52.3730176],[4.8958277,52.3730366],[4.8959017,52.3731254],[4.8959166,52.3731436],[4.8959716,52.3731273],[4.8959727,52.373127]]]},"properties":{"class":"building","class_id":1,"building":"apartments"}},{"type":"Feature","geometry":{"type":"Polygon","coordinates":[[[4.8944083,52.3724887],[4.8944638,52.3724677],[4.8944295,52.3724334],[4.8943603,52.3724596],[4.8943258,52.3724251],[4.8941854,52.3724799],[4.8942187,52.3725132],[4.8942529,52.3725475],[4.8944083,52.3724887]]]},"properties":{"class":"building","class_id":1,"building":"apartments"}},{"type":"Feature","geometry":{"type":"Polygon","coordinates":[[[4.8950075,52.3755593],[4.8950063,52.3755578],[4.8950075,52.3755574],[4.8949908,52.375536],[4.894989,52.3755357],[4.8949776,52.3755195],[4.8949765,52.3755198],[4.8949734,52.3755151],[4.8949719,52.3755119],[4.8949561,52.375488],[4.8949554,52.3754882],[4.8949469,52.3754756],[4.8949459,52.3754749],[4.8951641,52.3754221],[4.8953027,52.3753887],[4.8953694,52.3753725],[4.8953964,52.3754156],[4.8953628,52.3754235],[4.8953916,52.3754697],[4.8950075,52.3755593]]]},"properties":{"class":"building","class_id":1,"building":"yes"}},{"type":"Feature","geometry":{"type":"Polygon","coordinates":[[[4.889543,52.3754714],[4.8895981,52.375449],[4.8896456,52.3754918],[4.8896486,52.3754902],[4.8896714,52.3755111],[4.8896143,52.3755356],[4.889543,52.3754714]]]},"properties":{"class":"building","class_id":1,"building":"commercial"}},{"type":"Feature","geometry":{"type":"Polygon","coordinates":[[[4.8898394,52.377011],[4.8898405,52.3770169],[4.8898468,52.3770296],[4.8898578,52.3770445],[4.8899884,52.377187],[4.890046,52.3771672],[4.8899154,52.3770248],[4.8899003,52.3770112],[4.8898858,52.3770013],[4.8898783,52.3769976],[4.889869,52.3769953],[4.8898599,52.3769936],[4.8898533,52.3769937],[4.8898498,52.3769945],[4.889847,52.3769959],[4.8898433,52.3769993],[4.8898409,52.377005],[4.8898394,52.377011]]]},"properties":{"class":"building","class_id":1,"building":"houseboat"}},{"type":"Feature","geometry":{"type":"Polygon","coordinates":[[[4.8928779,52.3751415],[4.8927751,52.3751287],[4.8927916,52.375087],[4.892863,52.3750975],[4.8928966,52.3751015],[4.8928779,52.3751415]]]},"properties":{"class":"building","class_id":1,"building":"house"}},{"type":"Feature","geometry":{"type":"Polygon","coordinates":[[[4.8940386,52.3769183],[4.8940514,52.3769143],[4.8942428,52.376854],[4.8943329,52.3768942],[4.8941521,52.3769579],[4.8940948,52.3769781],[4.8940386,52.3769183]]]},"properties":{"class":"building","class_id":1,"building":"yes"}},{"type":"Feature","geometry":{"type":"Polygon","coordinates":[[[4.8873927,52.3756117],[4.8874521,52.3756764],[4.8873977,52.3756951],[4.8873383,52.3756305],[4.8873927,52.3756117]]]},"properties":{"class":"building","class_id":1,"building":"yes"}},{"type":"Feature","geometry":{"type":"Polygon","coordinates":[[[4.8943056,52.3717821],[4.89429,52.3717506],[4.8942668,52.3717549],[4.8942824,52.3717864],[4.8943056,52.3717821]]]},"properties":{"class":"building","class_id":1,"building":"yes"}},{"type":"Feature","geometry":{"type":"Polygon","coordinates":[[[4.8909344,52.3719491],[4.891088,52.3719827],[4.891113,52.3719377],[4.8909396,52.3718999],[4.8909344,52.3719491]]]},"properties":{"class":"building","class_id":1,"building":"retail"}},{"type":"Feature","geometry":{"type":"Polygon","coordinates":[[[4.8862044,52.3750105],[4.8862965,52.3751105],[4.8862375,52.3751313],[4.8861751,52.3750636],[4.8861449,52.3750305],[4.8862044,52.3750105]]]},"properties":{"class":"building","class_id":1,"building":"commercial"}},{"type":"Feature","geometry":{"type":"Polygon","coordinates":[[[4.8873073,52.3755118],[4.8873617,52.3754931],[4.8874219,52.3755586],[4.8873675,52.3755773],[4.8873495,52.3755578],[4.8873367,52.3755438],[4.8873513,52.3755388],[4.8873457,52.3755327],[4.8873311,52.3755377],[4.8873073,52.3755118]]]},"properties":{"class":"building","class_id":1,"building":"yes"}}]}