{"type":"FeatureCollection","osm":{"attribution":"© OpenStreetMap contributors","license":"ODbL-1.0","license_url":"https://opendatacommons.org/licenses/odbl/1-0/","source":"https://overpass-api.de/api/interpreter","query":"[out:json][timeout:60];\n(\n  way[\"building\"](52.3715,4.936,52.379,4.953);\n  relation[\"building\"][\"type\"=\"multipolygon\"](52.3715,4.936,52.379,4.953);\n);\nout geom;","timestamp_osm_base":"2026-10-04T10:57:06Z"},"features":[{"type":"Feature","properties":{"class":"building","osm_id":"relation/3679879","building":"apartments"},"geometry":{"type":"Polygon","coordinates":[[[4.948276,52.377184],[4.948273,52.37713],[4.948266,52.377099],[4.948249,52.377053],[4.948229,52.377017],[4.948198,52.376974],[4.948166,52.37694],[4.948122,52.376902],[4.94808,52.376873],[4.947995,52.376826],[4.947909,52.376792],[4.947887,52.376785],[4.947875,52.376799],[4.947842,52.37679],[4.947853,52.376775],[4.947783,52.376759],[4.947721,52.376749],[4.947646,52.376741],[4.947582,52.376738],[4.947506,52.37674],[4.947443,52.376745],[4.947369,52.376756],[4.947309,52.376768],[4.947217,52.376795],[4.947133,52.376829],[4.947103,52.376844],[4.947119,52.376855],[4.947092,52.37687],[4.947075,52.37686],[4.947067,52.376865],[4.947017,52.376898],[4.946981,52.376928],[4.946944,52.376965],[4.94691,52.377008],[4.946889,52.377044],[4.946871,52.377089],[4.946862,52.377127],[4.946858,52.377172],[4.946862,52.377218],[4.946871,52.377256],[4.946886,52.377293],[4.946908,52.377332],[4.946951,52.377388],[4.947007,52.377438],[4.947022,52.37745],[4.947041,52.377441],[4.947065,52.377458],[4.947048,52.377468],[4.947057,52.377474],[4.947113,52.377506],[4.947164,52.37753],[4.947219,52.377551],[4.947288,52.377572],[4.947361,52.377588],[4.947423,52.377597],[4.947486,52.377604],[4.947576,52.377606],[4.947666,52.377602],[4.947779,52.377587],[4.947771,52.377573],[4.947809,52.377565],[4.947817,52.377578],[4.947853,52.37757],[4.94791,52.377552],[4.947977,52.377527],[4.948038,52.377497],[4.948075,52.377475],[4.948126,52.37744],[4.948156,52.377414],[4.948189,52.37738],[4.948218,52.377345],[4.948252,52.377285],[4.948271,52.377223],[4.948274,52.377208],[4.948248,52.377206],[4.94825,52.377184],[4.948276,52.377184]],[[4.947207,52.377008],[4.947293,52.376965],[4.947283,52.376967],[4.947271,52.376959],[4.947337,52.37693],[4.947419,52.376907],[4.947488,52.376897],[4.947569,52.376892],[4.947643,52.376896],[4.947661,52.376898],[4.947646,52.376917],[4.947672,52.376925],[4.947674,52.376923],[4.947667,52.376921],[4.947679,52.376906],[4.947777,52.376939],[4.947778,52.376937],[4.947769,52.376934],[4.947778,52.376924],[4.947837,52.376946],[4.947891,52.376975],[4.947938,52.377008],[4.947984,52.377056],[4.948005,52.377091],[4.948017,52.377122],[4.947984,52.377121],[4.947982,52.377138],[4.947985,52.377139],[4.947986,52.377133],[4.948012,52.377135],[4.948,52.377203],[4.948003,52.377203],[4.948004,52.377197],[4.948023,52.377198],[4.948015,52.377228],[4.948002,52.377259],[4.947984,52.377287],[4.947939,52.377336],[4.947886,52.377373],[4.947813,52.377409],[4.947804,52.377389],[4.947776,52.377395],[4.947784,52.377395],[4.947791,52.37741],[4.947684,52.37743],[4.947695,52.37743],[4.9477,52.37744],[4.947632,52.37745],[4.94758,52.377452],[4.947528,52.377451],[4.947457,52.377444],[4.947398,52.377433],[4.947349,52.377419],[4.947304,52.377402],[4.947329,52.377389],[4.947312,52.377375],[4.947309,52.377376],[4.947314,52.37738],[4.947293,52.37739],[4.947222,52.377337],[4.94722,52.377338],[4.947226,52.377343],[4.947213,52.37735],[4.94719,52.377331],[4.947164,52.377305],[4.947143,52.377278],[4.947127,52.377249],[4.947114,52.377211],[4.947109,52.377174],[4.947112,52.377143],[4.94712,52.377113],[4.947138,52.377074],[4.947165,52.377039],[4.947189,52.377015],[4.94721,52.37703],[4.947232,52.377018],[4.947224,52.37702],[4.947207,52.377008]]]}},{"type":"Feature","properties":{"class":"building","osm_id":"relation/3679880","building":"apartments"},"geometry":{"type":"Polygon","coordinates":[[[4.938207,52.37682],[4.938234,52.376512],[4.937617,52.376492],[4.93759,52.376799],[4.938207,52.37682]],[[4.93777,52.376578],[4.938068,52.376588],[4.938055,52.376733],[4.937757,52.376723],[4.93777,52.376578]]]}},{"type":"Feature","properties":{"class":"building","osm_id":"relation/3679882","building":"apartments"},"geometry":{"type":"Polygon","coordinates":[[[4.944488,52.377045],[4.944585,52.377048],[4.944576,52.376959],[4.944514,52.376958],[4.944519,52.376939],[4.944446,52.376925],[4.944417,52.376916],[4.944379,52.376898],[4.944346,52.376876],[4.944324,52.376855],[4.944308,52.376833],[4.944296,52.376804],[4.944292,52.376775],[4.944297,52.376745],[4.944306,52.376725],[4.944332,52.376691],[4.944351,52.376673],[4.944395,52.376647],[4.944448,52.376627],[4.944488,52.376618],[4.944475,52.376593],[4.944482,52.376588],[4.944482,52.376581],[4.944476,52.376576],[4.944465,52.376573],[4.944437,52.376517],[4.944363,52.376534],[4.944292,52.376562],[4.944254,52.376533],[4.944273,52.376524],[4.944279,52.376512],[4.943385,52.376481],[4.943335,52.376509],[4.943294,52.37696],[4.943287,52.376966],[4.943283,52.376975],[4.943288,52.376986],[4.943299,52.376993],[4.943323,52.376996],[4.943339,52.376991],[4.944233,52.377021],[4.944233,52.377013],[4.944229,52.377007],[4.94421,52.376998],[4.944251,52.376972],[4.94432,52.377005],[4.944402,52.377031],[4.944488,52.377045]],[[4.94425,52.376584],[4.944188,52.37663],[4.944151,52.376672],[4.944131,52.376707],[4.944117,52.376757],[4.944118,52.376807],[4.944132,52.376851],[4.944161,52.376897],[4.944203,52.376938],[4.944145,52.376934],[4.944122,52.376945],[4.944101,52.37693],[4.944104,52.376902],[4.943488,52.376882],[4.943513,52.3766],[4.944129,52.376621],[4.944132,52.376594],[4.944155,52.376578],[4.944177,52.37659],[4.94425,52.376584]]]}},{"type":"Feature","properties":{"class":"building","osm_id":"relation/3679883","building":"apartments"},"geometry":{"type":"Polygon","coordinates":[[[4.945828,52.376593],[4.945782,52.376562],[4.944889,52.376532],[4.944889,52.376539],[4.944893,52.376547],[4.944909,52.376556],[4.944868,52.376582],[4.944802,52.37655],[4.94473,52.376526],[4.944693,52.37658],[4.944683,52.376582],[4.944675,52.376587],[4.944674,52.376595],[4.944679,52.3766],[4.944662,52.376624],[4.944706,52.376638],[4.944738,52.376652],[4.944767,52.37667],[4.944795,52.376695],[4.944815,52.376722],[4.944826,52.376747],[4.94483,52.376775],[4.944827,52.376801],[4.944815,52.37683],[4.944799,52.376854],[4.944772,52.376878],[4.944744,52.376897],[4.944706,52.376915],[4.944664,52.376929],[4.944619,52.376937],[4.944574,52.376941],[4.944585,52.377048],[4.944655,52.377043],[4.944713,52.377032],[4.944779,52.377014],[4.944834,52.376991],[4.944872,52.377019],[4.944851,52.377027],[4.944845,52.377033],[4.944843,52.377042],[4.945737,52.377072],[4.945761,52.377078],[4.945782,52.377074],[4.945792,52.377066],[4.945795,52.37706],[4.945794,52.377051],[4.945787,52.377044],[4.945828,52.376593]],[[4.944988,52.376848],[4.944998,52.376818],[4.945003,52.376788],[4.945002,52.376753],[4.944995,52.376725],[4.944981,52.376693],[4.944963,52.376664],[4.944939,52.376636],[4.944909,52.37661],[4.944965,52.376618],[4.944988,52.376608],[4.945006,52.376623],[4.945004,52.37665],[4.945634,52.376671],[4.945608,52.376953],[4.944978,52.376932],[4.944976,52.376959],[4.944957,52.376973],[4.944934,52.376961],[4.94489,52.376959],[4.944923,52.376934],[4.944946,52.376911],[4.944968,52.376883],[4.944988,52.376848]]]}},{"type":"Feature","properties":{"class":"building","osm_id":"relation/3679884","building":"apartments"},"geometry":{"type":"Polygon","coordinates":[[[4.940738,52.376393],[4.939491,52.376352],[4.939459,52.376723],[4.939418,52.376722],[4.939405,52.37686],[4.941673,52.376934],[4.941935,52.376945],[4.941984,52.376435],[4.941746,52.376427],[4.941082,52.376563],[4.940836,52.376767],[4.940621,52.37676],[4.940608,52.376662],[4.940738,52.376393]],[[4.939716,52.376504],[4.940443,52.376529],[4.940386,52.376647],[4.940396,52.376753],[4.939697,52.376731],[4.939716,52.376504]],[[4.941105,52.376775],[4.941217,52.376677],[4.941729,52.376573],[4.941669,52.376792],[4.941105,52.376775]]]}},{"type":"Feature","properties":{"class":"building","osm_id":"relation/3694001","building":"yes"},"geometry":{"type":"Polygon","coordinates":[[[4.939819,52.373297],[4.939801,52.373357],[4.939896,52.373368],[4.939893,52.37338],[4.939872,52.373377],[4.939838,52.37349],[4.939859,52.373492],[4.939856,52.373504],[4.939714,52.373488],[4.939709,52.373506],[4.939756,52.37351],[4.939743,52.373553],[4.940466,52.373634],[4.940722,52.373398],[4.939819,52.373297]],[[4.940001,52.373379],[4.940293,52.373412],[4.940284,52.373442],[4.940253,52.373439],[4.940231,52.373517],[4.940261,52.37352],[4.940252,52.373548],[4.93996,52.373516],[4.940001,52.373379]]]}},{"type":"Feature","properties":{"class":"building","osm_id":"relation/3694002","building":"apartments"},"geometry":{"type":"Polygon","coordinates":[[[4.941674,52.372788],[4.941452,52.372992],[4.940845,52.373552],[4.941479,52.37381],[4.942309,52.373047],[4.941674,52.372788]],[[4.94113,52.373517],[4.941731,52.372963],[4.942024,52.373082],[4.941423,52.373636],[4.94113,52.373517]]]}},{"type":"Feature","properties":{"class":"building","osm_id":"relation/3716602","building":"apartments"},"geometry":{"type":"Polygon","coordinates":[[[4.9464,52.371299],[4.946433,52.37129],[4.946404,52.371254],[4.946371,52.371264],[4.946321,52.371202],[4.945659,52.371401],[4.945709,52.371464],[4.945676,52.371474],[4.945704,52.371509],[4.945737,52.371499],[4.946076,52.37192],[4.946043,52.37193],[4.946084,52.371981],[4.946177,52.371953],[4.946355,52.372176],[4.946959,52.371994],[4.946767,52.371757],[4.9468,52.371747],[4.946771,52.37171],[4.946738,52.37172],[4.9464,52.371299]],[[4.945974,52.371434],[4.946245,52.371354],[4.946614,52.37182],[4.946344,52.3719],[4.945974,52.371434]]]}},{"type":"Feature","properties":{"class":"building","osm_id":"way/1075729446","building":"houseboat"},"geometry":{"type":"Polygon","coordinates":[[[4.942954,52.372686],[4.942933,52.372687],[4.942915,52.372692],[4.942901,52.372702],[4.942904,52.37271],[4.942918,52.372724],[4.942935,52.372731],[4.943261,52.372764],[4.943284,52.37276],[4.943295,52.372751],[4.943297,52.372744],[4.943294,52.372733],[4.943277,52.372723],[4.942954,52.372686]]]}},{"type":"Feature","properties":{"class":"building","osm_id":"way/1075729447","building":"houseboat"},"geometry":{"type":"Polygon","coordinates":[[[4.944004,52.372802],[4.943984,52.372803],[4.943965,52.372808],[4.943952,52.372818],[4.943954,52.372826],[4.943968,52.37284],[4.943985,52.372847],[4.944311,52.37288],[4.944334,52.372876],[4.944345,52.372867],[4.944348,52.37286],[4.944344,52.372849],[4.944327,52.372839],[4.944004,52.372802]]]}},{"type":"Feature","properties":{"class":"building","osm_id":"way/1075731905","building":"houseboat"},"geometry":{"type":"Polygon","coordinates":[[[4.943165,52.374356],[4.94312,52.374535],[4.943124,52.374541],[4.943142,52.37455],[4.943165,52.374549],[4.943174,52.374545],[4.943183,52.374536],[4.943233,52.374357],[4.943231,52.374343],[4.943214,52.374328],[4.943208,52.374325],[4.943187,52.374334],[4.943172,52.374346],[4.943165,52.374356]]]}},{"type":"Feature","properties":{"class":"building","osm_id":"way/1075731906","building":"houseboat"},"geometry":{"type":"Polygon","coordinates":[[[4.942602,52.37422],[4.942557,52.374399],[4.942561,52.374406],[4.942579,52.374415],[4.942602,52.374414],[4.942612,52.37441],[4.94262,52.3744],[4.94267,52.374221],[4.942668,52.374208],[4.942651,52.374193],[4.942645,52.37419],[4.942624,52.374198],[4.942609,52.374211],[4.942602,52.37422]]]}},{"type":"Feature","properties":{"class":"building","osm_id":"way/1075731907","building":"houseboat"},"geometry":{"type":"Polygon","coordinates":[[[4.942762,52.374194],[4.942686,52.374417],[4.942686,52.374426],[4.942694,52.374439],[4.942714,52.374452],[4.942742,52.374445],[4.94276,52.374429],[4.942837,52.374203],[4.942835,52.37419],[4.942825,52.374178],[4.942814,52.374173],[4.9428,52.374171],[4.942775,52.374181],[4.942762,52.374194]]]}},{"type":"Feature","properties":{"class":"building","osm_id":"way/1075735055","building":"houseboat"},"geometry":{"type":"Polygon","coordinates":[[[4.938971,52.37561],[4.93894,52.375897],[4.938954,52.375909],[4.938978,52.375913],[4.939001,52.375908],[4.939012,52.3759],[4.939044,52.375613],[4.939034,52.375594],[4.939011,52.375582],[4.938982,52.375594],[4.938971,52.37561]]]}},{"type":"Feature","properties":{"class":"building","osm_id":"way/1075735056","building":"houseboat"},"geometry":{"type":"Polygon","coordinates":[[[4.939222,52.375596],[4.939195,52.375903],[4.939204,52.375914],[4.939225,52.375921],[4.93925,52.375918],[4.939263,52.37591],[4.939268,52.375903],[4.939294,52.375593],[4.939275,52.375582],[4.939244,52.375582],[4.939234,52.375586],[4.939222,52.375596]]]}},{"type":"Feature","properties":{"class":"building","osm_id":"way/1075735057","building":"houseboat"},"geometry":{"type":"Polygon","coordinates":[[[4.941559,52.375931],[4.941532,52.376239],[4.94154,52.376249],[4.941562,52.376256],[4.941586,52.376254],[4.9416,52.376246],[4.941604,52.376239],[4.94163,52.375929],[4.941612,52.375918],[4.941581,52.375917],[4.94157,52.375921],[4.941559,52.375931]]]}},{"type":"Feature","properties":{"class":"building","osm_id":"way/1075737748","building":"houseboat"},"geometry":{"type":"Polygon","coordinates":[[[4.945939,52.376397],[4.945965,52.376093],[4.945957,52.376077],[4.94593,52.376064],[4.945901,52.376072],[4.945893,52.376079],[4.945887,52.37609],[4.945858,52.376397],[4.945862,52.376405],[4.945874,52.376414],[4.945899,52.376418],[4.945928,52.376411],[4.945939,52.376397]]]}},{"type":"Feature","properties":{"class":"building","osm_id":"way/1075737749","building":"houseboat"},"geometry":{"type":"Polygon","coordinates":[[[4.946175,52.376397],[4.946201,52.376093],[4.946193,52.376077],[4.946166,52.376064],[4.946137,52.376072],[4.946129,52.376079],[4.946124,52.37609],[4.946094,52.376397],[4.946098,52.376405],[4.946111,52.376414],[4.946135,52.376418],[4.946164,52.376411],[4.946175,52.376397]]]}},{"type":"Feature","properties":{"class":"building","osm_id":"way/1075737750","building":"houseboat"},"geometry":{"type":"Polygon","coordinates":[[[4.946313,52.376408],[4.946339,52.376104],[4.946331,52.376088],[4.946304,52.376075],[4.946275,52.376083],[4.946267,52.37609],[4.946262,52.376101],[4.946232,52.376408],[4.946236,52.376416],[4.946248,52.376425],[4.946273,52.37643],[4.946302,52.376422],[4.946313,52.376408]]]}},{"type":"Feature","properties":{"class":"building","osm_id":"way/1075737751","building":"houseboat"},"geometry":{"type":"Polygon","coordinates":[[[4.94601,52.37616],[4.94599,52.376378],[4.945996,52.376388],[4.946005,52.376393],[4.946028,52.376396],[4.946047,52.376388],[4.946054,52.376378],[4.946072,52.376166],[4.946059,52.376136],[4.946028,52.376135],[4.94601,52.37616]]]}},{"type":"Feature","properties":{"class":"building","osm_id":"way/1285336895","building":"yes"},"geometry":{"type":"Polygon","coordinates":[[[4.946072,52.377112],[4.946074,52.377077],[4.946052,52.377076],[4.946049,52.377111],[4.946072,52.377112]]]}},{"type":"Feature","properties":{"class":"building","osm_id":"way/1301555772","building":"wall"},"geometry":{"type":"Polygon","coordinates":[[[4.937577,52.373476],[4.93652,52.373359],[4.936514,52.373351],[4.936499,52.373353],[4.936509,52.373346],[4.937648,52.373473],[4.937654,52.373487],[4.937416,52.373529],[4.93741,52.373516],[4.937574,52.373489],[4.937577,52.373476]]]}},{"type":"Feature","properties":{"class":"building","osm_id":"way/1301555782","building":"wall"},"geometry":{"type":"Polygon","coordinates":[[[4.936673,52.372693],[4.936379,52.372895],[4.936366,52.372887],[4.936661,52.372688],[4.936673,52.372693]]]}},{"type":"Feature","properties":{"class":"building","osm_id":"way/1301555783","building":"wall"},"geometry":{"type":"Polygon","coordinates":[[[4.935389,52.373014],[4.93537,52.373023],[4.936372,52.373136],[4.936375,52.373131],[4.936408,52.373135],[4.936407,52.373142],[4.936425,52.373144],[4.936427,52.373141],[4.936445,52.373143],[4.936444,52.373147],[4.936538,52.373157],[4.936453,52.372898],[4.936422,52.372918],[4.936447,52.372932],[4.936516,52.373144],[4.935389,52.373014]]]}},{"type":"Feature","properties":{"class":"building","osm_id":"way/1488048526","building":"yes"},"geometry":{"type":"Polygon","coordinates":[[[4.942305,52.372666],[4.942336,52.372669],[4.942346,52.372638],[4.9426,52.372666],[4.942586,52.372712],[4.942301,52.372681],[4.942305,52.372666]]]}},{"type":"Feature","properties":{"class":"building","osm_id":"way/276686456","building":"houseboat"},"geometry":{"type":"Polygon","coordinates":[[[4.943307,52.376042],[4.943292,52.376028],[4.943274,52.376022],[4.94326,52.376021],[4.943233,52.376026],[4.943217,52.376039],[4.943196,52.376282],[4.943202,52.376297],[4.94321,52.376306],[4.943242,52.376323],[4.943258,52.376319],[4.943278,52.376309],[4.943288,52.3763],[4.943295,52.376285],[4.943307,52.376042]]]}},{"type":"Feature","properties":{"class":"building","osm_id":"way/276686457","building":"houseboat"},"geometry":{"type":"Polygon","coordinates":[[[4.94343,52.376067],[4.943413,52.376319],[4.94343,52.37633],[4.943453,52.376332],[4.94347,52.376328],[4.943481,52.37632],[4.943498,52.37607],[4.943467,52.376039],[4.94343,52.376067]]]}},{"type":"Feature","properties":{"class":"building","osm_id":"way/276686458","building":"houseboat"},"geometry":{"type":"Polygon","coordinates":[[[4.943591,52.376323],[4.943608,52.376104],[4.943598,52.376091],[4.943572,52.376085],[4.943551,52.37609],[4.943541,52.376103],[4.943529,52.376322],[4.943542,52.37633],[4.94356,52.376333],[4.943578,52.376331],[4.943591,52.376323]]]}},{"type":"Feature","properties":{"class":"building","osm_id":"way/276686459","building":"houseboat"},"geometry":{"type":"Polygon","coordinates":[[[4.943639,52.37631],[4.943646,52.37633],[4.943658,52.376339],[4.943676,52.376345],[4.943697,52.37634],[4.943708,52.376332],[4.943714,52.376323],[4.943743,52.376012],[4.94374,52.376004],[4.94373,52.375997],[4.943716,52.375992],[4.943687,52.375997],[4.943674,52.376005],[4.943669,52.376015],[4.943639,52.37631]]]}},{"type":"Feature","properties":{"class":"building","osm_id":"way/276686460","building":"houseboat"},"geometry":{"type":"Polygon","coordinates":[[[4.943763,52.376326],[4.943791,52.376338],[4.943812,52.376338],[4.94383,52.376332],[4.943871,52.3761],[4.943868,52.376079],[4.943857,52.376063],[4.943846,52.376053],[4.943831,52.376045],[4.943813,52.376053],[4.943783,52.376082],[4.943763,52.376326]]]}},{"type":"Feature","properties":{"class":"building","osm_id":"way/276686461","building":"houseboat"},"geometry":{"type":"Polygon","coordinates":[[[4.943877,52.37634],[4.943894,52.376352],[4.943919,52.376355],[4.943938,52.376351],[4.943954,52.376339],[4.94397,52.376008],[4.943944,52.375997],[4.943918,52.375998],[4.943896,52.376007],[4.943877,52.37634]]]}},{"type":"Feature","properties":{"class":"building","osm_id":"way/276686462","building":"houseboat"},"geometry":{"type":"Polygon","coordinates":[[[4.944035,52.376347],[4.944055,52.376333],[4.944069,52.376317],[4.944082,52.37628],[4.94409,52.376233],[4.94409,52.376202],[4.944083,52.376154],[4.944067,52.376108],[4.944052,52.376078],[4.944028,52.376119],[4.944016,52.376147],[4.944005,52.376186],[4.943998,52.376232],[4.943998,52.376263],[4.944005,52.376309],[4.944016,52.376329],[4.944035,52.376347]]]}},{"type":"Feature","properties":{"class":"building","osm_id":"way/276686463","building":"houseboat"},"geometry":{"type":"Polygon","coordinates":[[[4.944106,52.37631],[4.944115,52.376336],[4.944137,52.376359],[4.944164,52.376343],[4.944177,52.376328],[4.944182,52.376317],[4.944202,52.376086],[4.944198,52.376075],[4.94418,52.376065],[4.94415,52.376065],[4.944136,52.376072],[4.944129,52.376082],[4.944106,52.37631]]]}},{"type":"Feature","properties":{"class":"building","osm_id":"way/276686464","building":"houseboat"},"geometry":{"type":"Polygon","coordinates":[[[4.94426,52.376064],[4.944229,52.376351],[4.944244,52.376362],[4.944267,52.376367],[4.94429,52.376362],[4.944302,52.376354],[4.944334,52.376066],[4.944324,52.376048],[4.944301,52.376036],[4.944272,52.376048],[4.94426,52.376064]]]}},{"type":"Feature","properties":{"class":"building","osm_id":"way/276686465","building":"houseboat"},"geometry":{"type":"Polygon","coordinates":[[[4.945064,52.376166],[4.945048,52.37635],[4.945074,52.376362],[4.9451,52.376362],[4.945122,52.376353],[4.945138,52.376165],[4.945121,52.376153],[4.945097,52.37615],[4.945074,52.376156],[4.945064,52.376166]]]}},{"type":"Feature","properties":{"class":"building","osm_id":"way/276686466","building":"houseboat"},"geometry":{"type":"Polygon","coordinates":[[[4.945183,52.376158],[4.945163,52.376375],[4.945169,52.376385],[4.945178,52.37639],[4.945201,52.376393],[4.945221,52.376386],[4.945227,52.376376],[4.945246,52.376164],[4.945233,52.376133],[4.945202,52.376132],[4.945183,52.376158]]]}},{"type":"Feature","properties":{"class":"building","osm_id":"way/276686467","building":"houseboat"},"geometry":{"type":"Polygon","coordinates":[[[4.945284,52.376356],[4.945295,52.376366],[4.945317,52.376371],[4.945341,52.376368],[4.945355,52.37636],[4.945371,52.376161],[4.945361,52.376156],[4.945329,52.376151],[4.9453,52.376161],[4.945284,52.376356]]]}},{"type":"Feature","properties":{"class":"building","osm_id":"way/276686468","building":"houseboat"},"geometry":{"type":"Polygon","coordinates":[[[4.945395,52.376365],[4.945401,52.376379],[4.945408,52.376387],[4.945437,52.376401],[4.945469,52.376389],[4.94548,52.376372],[4.945489,52.376194],[4.945472,52.376162],[4.94545,52.376141],[4.945425,52.376161],[4.945403,52.376192],[4.945395,52.376365]]]}},{"type":"Feature","properties":{"class":"building","osm_id":"way/276686469","building":"houseboat"},"geometry":{"type":"Polygon","coordinates":[[[4.945542,52.376174],[4.945524,52.376354],[4.945535,52.37637],[4.945558,52.37638],[4.945576,52.376374],[4.945594,52.376361],[4.945609,52.376177],[4.945596,52.376138],[4.945559,52.376136],[4.945542,52.376174]]]}},{"type":"Feature","properties":{"class":"building","osm_id":"way/276686470","building":"houseboat"},"geometry":{"type":"Polygon","coordinates":[[[4.945704,52.376393],[4.94573,52.376089],[4.945722,52.376073],[4.945695,52.37606],[4.945665,52.376068],[4.945658,52.376075],[4.945652,52.376086],[4.945623,52.376393],[4.945627,52.376401],[4.945639,52.37641],[4.945663,52.376414],[4.945692,52.376407],[4.945704,52.376393]]]}},{"type":"Feature","properties":{"class":"building","osm_id":"way/276686471","building":"houseboat"},"geometry":{"type":"Polygon","coordinates":[[[4.945746,52.376384],[4.945748,52.376392],[4.945758,52.376403],[4.94578,52.376413],[4.94581,52.376404],[4.945821,52.376389],[4.945844,52.376132],[4.94584,52.376115],[4.945833,52.376103],[4.945823,52.376093],[4.945803,52.37608],[4.945771,52.376102],[4.945758,52.376125],[4.945746,52.376384]]]}},{"type":"Feature","properties":{"class":"building","osm_id":"way/276686480","building":"houseboat"},"geometry":{"type":"Polygon","coordinates":[[[4.946479,52.376122],[4.946469,52.376106],[4.946459,52.3761],[4.946439,52.376096],[4.946405,52.3761],[4.946391,52.37611],[4.946385,52.376118],[4.946363,52.376386],[4.946373,52.376408],[4.946401,52.37643],[4.94643,52.376413],[4.946447,52.376392],[4.946479,52.376122]]]}},{"type":"Feature","properties":{"class":"building","osm_id":"way/276686481","building":"yes"},"geometry":{"type":"Polygon","coordinates":[[[4.939786,52.377552],[4.939773,52.377563],[4.939776,52.377613],[4.939885,52.377609],[4.93988,52.377559],[4.939866,52.37755],[4.939786,52.377552]]]}},{"type":"Feature","properties":{"class":"building","osm_id":"way/276686482","building":"houseboat"},"geometry":{"type":"Polygon","coordinates":[[[4.938846,52.375886],[4.938853,52.375894],[4.938871,52.375899],[4.93889,52.375895],[4.9389,52.375888],[4.938909,52.375721],[4.938904,52.375712],[4.938891,52.375706],[4.938865,52.375708],[4.938854,52.375719],[4.938846,52.375886]]]}},{"type":"Feature","properties":{"class":"building","osm_id":"way/276686485","building":"houseboat"},"geometry":{"type":"Polygon","coordinates":[[[4.939107,52.375651],[4.939086,52.375902],[4.939093,52.375912],[4.939101,52.375917],[4.939123,52.37592],[4.93914,52.375917],[4.939151,52.375909],[4.939176,52.37565],[4.939167,52.375634],[4.939144,52.375624],[4.939118,52.375633],[4.939111,52.375639],[4.939107,52.375651]]]}},{"type":"Feature","properties":{"class":"building","osm_id":"way/276686490","building":"houseboat"},"geometry":{"type":"Polygon","coordinates":[[[4.939394,52.37592],[4.939416,52.375633],[4.939405,52.375602],[4.939394,52.375588],[4.939371,52.375569],[4.939354,52.375579],[4.939334,52.375597],[4.939319,52.375623],[4.939306,52.375916],[4.939325,52.37593],[4.939352,52.375935],[4.939379,52.375929],[4.939394,52.37592]]]}},{"type":"Feature","properties":{"class":"building","osm_id":"way/276686491","building":"houseboat"},"geometry":{"type":"Polygon","coordinates":[[[4.939529,52.375925],[4.939545,52.375684],[4.939534,52.375672],[4.939508,52.375667],[4.939488,52.375673],[4.93948,52.375683],[4.939459,52.375917],[4.939469,52.37593],[4.939489,52.375937],[4.939513,52.375935],[4.939529,52.375925]]]}},{"type":"Feature","properties":{"class":"building","osm_id":"way/276686492","building":"houseboat"},"geometry":{"type":"Polygon","coordinates":[[[4.939555,52.375962],[4.939535,52.376174],[4.93955,52.376191],[4.939572,52.376204],[4.939597,52.376192],[4.93961,52.376179],[4.939636,52.375956],[4.939632,52.37594],[4.93962,52.375925],[4.939598,52.375922],[4.939582,52.375925],[4.939572,52.375932],[4.93956,52.375946],[4.939555,52.375962]]]}},{"type":"Feature","properties":{"class":"building","osm_id":"way/276686493","building":"houseboat"},"geometry":{"type":"Polygon","coordinates":[[[4.939667,52.376018],[4.93966,52.376152],[4.939669,52.376163],[4.939693,52.376167],[4.939703,52.376164],[4.939711,52.376156],[4.939719,52.376016],[4.93971,52.376005],[4.939691,52.376001],[4.939673,52.376006],[4.939667,52.376018]]]}},{"type":"Feature","properties":{"class":"building","osm_id":"way/276686494","building":"houseboat"},"geometry":{"type":"Polygon","coordinates":[[[4.939756,52.376171],[4.939766,52.376196],[4.939782,52.376214],[4.939796,52.376224],[4.939814,52.376218],[4.939836,52.376205],[4.939851,52.376189],[4.939857,52.376177],[4.939868,52.376099],[4.939871,52.375996],[4.939858,52.375971],[4.939833,52.37595],[4.939808,52.375965],[4.939795,52.375976],[4.93978,52.376003],[4.939761,52.376099],[4.939756,52.376171]]]}},{"type":"Feature","properties":{"class":"building","osm_id":"way/276686498","building":"houseboat"},"geometry":{"type":"Polygon","coordinates":[[[4.939986,52.375951],[4.939977,52.375937],[4.939955,52.375931],[4.939932,52.375934],[4.939918,52.375946],[4.939894,52.376183],[4.939904,52.376204],[4.939928,52.37622],[4.939955,52.376206],[4.939968,52.376191],[4.939971,52.376181],[4.939986,52.375951]]]}},{"type":"Feature","properties":{"class":"building","osm_id":"way/276686506","building":"church"},"geometry":{"type":"Polygon","coordinates":[[[4.938632,52.377689],[4.938584,52.377701],[4.938561,52.377714],[4.938549,52.377724],[4.938588,52.37774],[4.938632,52.377749],[4.938889,52.377737],[4.938929,52.377732],[4.938966,52.377721],[4.938978,52.377711],[4.938982,52.377698],[4.938977,52.377686],[4.938964,52.377676],[4.938917,52.377673],[4.938869,52.377673],[4.938632,52.377689]]]}},{"type":"Feature","properties":{"class":"building","osm_id":"way/276686510","building":"houseboat"},"geometry":{"type":"Polygon","coordinates":[[[4.939107,52.377661],[4.939088,52.377669],[4.939082,52.377676],[4.939081,52.377683],[4.939091,52.377697],[4.939113,52.377703],[4.939482,52.377682],[4.939503,52.377676],[4.939512,52.377663],[4.939508,52.377653],[4.939501,52.377647],[4.93948,52.377642],[4.939107,52.377661]]]}},{"type":"Feature","properties":{"class":"building","osm_id":"way/276686511","building":"houseboat"},"geometry":{"type":"Polygon","coordinates":[[[4.939779,52.377622],[4.939748,52.377626],[4.939718,52.377634],[4.939693,52.377646],[4.939679,52.377657],[4.939723,52.377677],[4.939754,52.377684],[4.939787,52.377685],[4.940044,52.377663],[4.940066,52.377655],[4.940075,52.37764],[4.940071,52.377629],[4.940064,52.377622],[4.940035,52.377614],[4.939779,52.377622]]]}},{"type":"Feature","properties":{"class":"building","osm_id":"way/276686514","building":"houseboat"},"geometry":{"type":"Polygon","coordinates":[[[4.940036,52.375895],[4.940009,52.376203],[4.940017,52.376213],[4.940039,52.376221],[4.940064,52.376218],[4.940077,52.37621],[4.940082,52.376203],[4.940108,52.375893],[4.940089,52.375882],[4.940058,52.375882],[4.940047,52.375886],[4.940036,52.375895]]]}},{"type":"Feature","properties":{"class":"building","osm_id":"way/276686524","building":"houseboat"},"geometry":{"type":"Polygon","coordinates":[[[4.940168,52.376147],[4.940163,52.376139],[4.940151,52.376135],[4.940137,52.376136],[4.940128,52.376142],[4.94012,52.376218],[4.94014,52.37623],[4.94016,52.376222],[4.940168,52.376147]]]}},{"type":"Feature","properties":{"class":"building","osm_id":"way/276686531","building":"houseboat"},"geometry":{"type":"Polygon","coordinates":[[[4.940277,52.376029],[4.940258,52.376187],[4.940279,52.376195],[4.940297,52.376196],[4.940319,52.376189],[4.940335,52.376031],[4.940313,52.375995],[4.940277,52.376029]]]}},{"type":"Feature","properties":{"class":"building","osm_id":"way/276686540","building":"houseboat"},"geometry":{"type":"Polygon","coordinates":[[[4.940381,52.376021],[4.940359,52.376203],[4.940362,52.37621],[4.940374,52.376219],[4.940404,52.376223],[4.94042,52.376218],[4.940428,52.376211],[4.940443,52.37602],[4.940433,52.376007],[4.940411,52.376003],[4.94039,52.376008],[4.940381,52.376021]]]}},{"type":"Feature","properties":{"class":"building","osm_id":"way/276686549","building":"houseboat"},"geometry":{"type":"Polygon","coordinates":[[[4.937632,52.375774],[4.937444,52.375937],[4.937436,52.375953],[4.937443,52.375969],[4.937447,52.375973],[4.93747,52.375972],[4.937492,52.375965],[4.937504,52.375959],[4.937687,52.375795],[4.937688,52.375788],[4.937684,52.375781],[4.937672,52.375773],[4.937649,52.37577],[4.937632,52.375774]]]}},{"type":"Feature","properties":{"class":"building","osm_id":"way/276686550","building":"houseboat"},"geometry":{"type":"Polygon","coordinates":[[[4.941206,52.375938],[4.941183,52.376224],[4.941194,52.376242],[4.941218,52.376262],[4.941246,52.376244],[4.94126,52.376227],[4.941279,52.375936],[4.941276,52.375926],[4.941261,52.375912],[4.941237,52.375911],[4.941224,52.375915],[4.941209,52.375929],[4.941206,52.375938]]]}},{"type":"Feature","properties":{"class":"building","osm_id":"way/276686551","building":"houseboat"},"geometry":{"type":"Polygon","coordinates":[[[4.941301,52.376237],[4.941304,52.376244],[4.941317,52.376253],[4.941341,52.376258],[4.941365,52.376253],[4.941378,52.37624],[4.941396,52.375933],[4.941388,52.375921],[4.94138,52.375917],[4.941349,52.375916],[4.941331,52.375922],[4.941326,52.375927],[4.941301,52.376237]]]}},{"type":"Feature","properties":{"class":"building","osm_id":"way/276686552","building":"houseboat"},"geometry":{"type":"Polygon","coordinates":[[[4.941436,52.376017],[4.941413,52.376221],[4.94142,52.376237],[4.941441,52.376256],[4.941466,52.376239],[4.94148,52.376217],[4.941498,52.376018],[4.941484,52.376007],[4.941456,52.376005],[4.941446,52.376009],[4.941436,52.376017]]]}},{"type":"Feature","properties":{"class":"building","osm_id":"way/276686557","building":"houseboat"},"geometry":{"type":"Polygon","coordinates":[[[4.941678,52.376009],[4.941664,52.376239],[4.941668,52.376245],[4.94168,52.376253],[4.941692,52.376255],[4.941714,52.376252],[4.941727,52.37624],[4.941745,52.376009],[4.941678,52.376009]]]}},{"type":"Feature","properties":{"class":"building","osm_id":"way/276686559","building":"houseboat"},"geometry":{"type":"Polygon","coordinates":[[[4.941764,52.376254],[4.941775,52.376268],[4.941796,52.376277],[4.94182,52.376271],[4.941836,52.376258],[4.941861,52.375998],[4.941854,52.375988],[4.941839,52.375981],[4.941821,52.37598],[4.941809,52.375982],[4.941797,52.37599],[4.941793,52.375998],[4.941764,52.376254]]]}},{"type":"Feature","properties":{"class":"building","osm_id":"way/276686563","building":"houseboat"},"geometry":{"type":"Polygon","coordinates":[[[4.94191,52.376016],[4.941889,52.376253],[4.941903,52.376269],[4.941927,52.376279],[4.941946,52.376271],[4.94196,52.37626],[4.941987,52.376018],[4.941982,52.376004],[4.941977,52.376001],[4.941949,52.375994],[4.94192,52.376001],[4.94191,52.376016]]]}},{"type":"Feature","properties":{"class":"building","osm_id":"way/276686566","building":"houseboat"},"geometry":{"type":"Polygon","coordinates":[[[4.942,52.376261],[4.942013,52.376277],[4.942038,52.376286],[4.942064,52.376281],[4.942074,52.376275],[4.942084,52.376264],[4.942111,52.376046],[4.942104,52.376029],[4.942079,52.376013],[4.942065,52.376013],[4.942044,52.376023],[4.942031,52.376036],[4.942026,52.376045],[4.942,52.376261]]]}},{"type":"Feature","properties":{"class":"building","osm_id":"way/276686577","building":"apartments"},"geometry":{"type":"Polygon","coordinates":[[[4.943134,52.376955],[4.943148,52.376809],[4.942246,52.376778],[4.942249,52.376753],[4.942047,52.376746],[4.942036,52.376868],[4.942107,52.376871],[4.942101,52.37695],[4.943131,52.376985],[4.943132,52.376978],[4.943144,52.376978],[4.943147,52.376955],[4.943134,52.376955]]]}},{"type":"Feature","properties":{"class":"building","osm_id":"way/276686581","building":"yes"},"geometry":{"type":"Polygon","coordinates":[[[4.946511,52.376802],[4.946536,52.37653],[4.946259,52.376521],[4.946253,52.376578],[4.946193,52.376576],[4.946198,52.376519],[4.946043,52.376513],[4.946019,52.376785],[4.946173,52.376791],[4.946178,52.376733],[4.946239,52.376735],[4.946234,52.376793],[4.946511,52.376802]]]}},{"type":"Feature","properties":{"class":"building","osm_id":"way/276686585","building":"apartments"},"geometry":{"type":"Polygon","coordinates":[[[4.944365,52.377607],[4.944387,52.377369],[4.944299,52.377366],[4.944291,52.377459],[4.943426,52.377431],[4.943435,52.377337],[4.943346,52.377334],[4.943325,52.377573],[4.943406,52.377575],[4.943405,52.377579],[4.944285,52.377608],[4.944285,52.377605],[4.944365,52.377607]]]}},{"type":"Feature","properties":{"class":"building","osm_id":"way/276686586","building":"apartments"},"geometry":{"type":"Polygon","coordinates":[[[4.946433,52.377681],[4.946454,52.377438],[4.946451,52.377437],[4.946453,52.37742],[4.94637,52.377417],[4.946368,52.377435],[4.946366,52.377435],[4.946358,52.377528],[4.945962,52.377515],[4.945949,52.377664],[4.946433,52.377681]]]}},{"type":"Feature","properties":{"class":"building","osm_id":"way/276686592","building":"apartments"},"geometry":{"type":"Polygon","coordinates":[[[4.943084,52.377564],[4.943105,52.377326],[4.943017,52.377323],[4.943009,52.377416],[4.942144,52.377387],[4.942153,52.377294],[4.942064,52.377291],[4.942043,52.37753],[4.942124,52.377532],[4.942124,52.377536],[4.943003,52.377565],[4.943003,52.377562],[4.943084,52.377564]]]}},{"type":"Feature","properties":{"class":"building","osm_id":"way/276686596","building":"apartments"},"geometry":{"type":"Polygon","coordinates":[[[4.945647,52.37765],[4.945668,52.377411],[4.94558,52.377408],[4.945572,52.377502],[4.945019,52.377484],[4.944707,52.377473],[4.944716,52.37738],[4.944628,52.377376],[4.944607,52.377615],[4.944685,52.377617],[4.944685,52.377621],[4.945568,52.377651],[4.945568,52.377647],[4.945647,52.37765]]]}},{"type":"Feature","properties":{"class":"building","osm_id":"way/276686609","building":"apartments"},"geometry":{"type":"Polygon","coordinates":[[[4.946749,52.376762],[4.946764,52.376597],[4.946773,52.376539],[4.946791,52.37651],[4.946772,52.376506],[4.946776,52.376466],[4.946718,52.376454],[4.946711,52.376454],[4.946705,52.376464],[4.946612,52.376461],[4.946609,52.3765],[4.946589,52.376503],[4.946601,52.376533],[4.946604,52.376546],[4.946599,52.376595],[4.946617,52.376595],[4.946602,52.376756],[4.946749,52.376762]]]}},{"type":"Feature","properties":{"class":"building","osm_id":"way/276686631","building":"hut"},"geometry":{"type":"Polygon","coordinates":[[[4.946445,52.377127],[4.946455,52.377115],[4.94646,52.377105],[4.946461,52.377094],[4.946456,52.377082],[4.946377,52.377096],[4.946313,52.37712],[4.946338,52.377138],[4.946377,52.377146],[4.946414,52.377142],[4.946445,52.377127]]]}},{"type":"Feature","properties":{"class":"building","osm_id":"way/276686634","building":"shed"},"geometry":{"type":"Polygon","coordinates":[[[4.948178,52.376673],[4.948197,52.376681],[4.948233,52.376652],[4.948215,52.376643],[4.948178,52.376673]]]}},{"type":"Feature","properties":{"class":"building","osm_id":"way/276686637","building":"shed"},"geometry":{"type":"Polygon","coordinates":[[[4.947422,52.376542],[4.947446,52.376542],[4.947449,52.376505],[4.947426,52.376505],[4.947422,52.376542]]]}},{"type":"Feature","properties":{"class":"building","osm_id":"way/276686639","building":"service"},"geometry":{"type":"Polygon","coordinates":[[[4.94869,52.377794],[4.948704,52.377776],[4.948644,52.377759],[4.948618,52.377792],[4.94869,52.377794]]]}},{"type":"Feature","properties":{"class":"building","osm_id":"way/276686643","building":"shed"},"geometry":{"type":"Polygon","coordinates":[[[4.948636,52.37733],[4.948637,52.377316],[4.948576,52.377314],[4.948575,52.377328],[4.948636,52.37733]]]}},{"type":"Feature","properties":{"class":"building","osm_id":"way/276686645","building":"apartments"},"geometry":{"type":"Polygon","coordinates":[[[4.938481,52.376458],[4.938491,52.376342],[4.938301,52.376335],[4.93829,52.376452],[4.938481,52.376458]]]}},{"type":"Feature","properties":{"class":"building","osm_id":"way/276686650","building":"shed"},"geometry":{"type":"Polygon","coordinates":[[[4.948636,52.377078],[4.948633,52.377064],[4.948573,52.377069],[4.948576,52.377083],[4.948636,52.377078]]]}},{"type":"Feature","properties":{"class":"building","osm_id":"way/276686657","building":"shed"},"geometry":{"type":"Polygon","coordinates":[[[4.948444,52.376854],[4.948456,52.376866],[4.948508,52.376847],[4.948496,52.376835],[4.948444,52.376854]]]}},{"type":"Feature","properties":{"class":"building","osm_id":"way/276686684","building":"shed"},"geometry":{"type":"Polygon","coordinates":[[[4.948576,52.377083],[4.94858,52.377098],[4.94864,52.377092],[4.948636,52.377078],[4.948576,52.377083]]]}},{"type":"Feature","properties":{"class":"building","osm_id":"way/276686719","building":"shed"},"geometry":{"type":"Polygon","coordinates":[[[4.94782,52.376568],[4.947843,52.376571],[4.947858,52.376535],[4.947835,52.376532],[4.94782,52.376568]]]}},{"type":"Feature","properties":{"class":"building","osm_id":"way/276686728","building":"shed"},"geometry":{"type":"Polygon","coordinates":[[[4.948178,52.376673],[4.948215,52.376643],[4.948196,52.376634],[4.948159,52.376664],[4.948178,52.376673]]]}},{"type":"Feature","properties":{"class":"building","osm_id":"way/276686741","building":"service"},"geometry":{"type":"Polygon","coordinates":[[[4.937585,52.377556],[4.93758,52.377524],[4.937522,52.377527],[4.937526,52.377559],[4.937585,52.377556]]]}},{"type":"Feature","properties":{"class":"building","osm_id":"way/276686749","building":"shed"},"geometry":{"type":"Polygon","coordinates":[[[4.947422,52.376542],[4.947426,52.376505],[4.947402,52.376504],[4.947399,52.376541],[4.947422,52.376542]]]}},{"type":"Feature","properties":{"class":"building","osm_id":"way/276686757","building":"apartments"},"geometry":{"type":"Polygon","coordinates":[[[4.937943,52.376216],[4.937998,52.376157],[4.938029,52.376123],[4.937933,52.37609],[4.937847,52.376182],[4.937943,52.376216]]]}},{"type":"Feature","properties":{"class":"building","osm_id":"way/276686760","building":"shed"},"geometry":{"type":"Polygon","coordinates":[[[4.947049,52.37653],[4.947052,52.376492],[4.947028,52.376492],[4.947025,52.376529],[4.947049,52.37653]]]}},{"type":"Feature","properties":{"class":"building","osm_id":"way/276686772","building":"shed"},"geometry":{"type":"Polygon","coordinates":[[[4.948575,52.377328],[4.948574,52.377342],[4.948634,52.377345],[4.948636,52.37733],[4.948575,52.377328]]]}},{"type":"Feature","properties":{"class":"building","osm_id":"way/276686773","building":"house"},"geometry":{"type":"Polygon","coordinates":[[[4.937926,52.376253],[4.937943,52.376216],[4.937847,52.376182],[4.937816,52.376251],[4.937926,52.376253]]]}},{"type":"Feature","properties":{"class":"building","osm_id":"way/276686777","building":"shed"},"geometry":{"type":"Polygon","coordinates":[[[4.94782,52.376568],[4.947835,52.376532],[4.947812,52.376528],[4.947797,52.376564],[4.94782,52.376568]]]}},{"type":"Feature","properties":{"class":"building","osm_id":"way/276686783","building":"shed"},"geometry":{"type":"Polygon","coordinates":[[[4.948444,52.376854],[4.948496,52.376835],[4.948484,52.376823],[4.948432,52.376841],[4.948444,52.376854]]]}},{"type":"Feature","properties":{"class":"building","osm_id":"way/276686798","building":"apartments"},"geometry":{"type":"Polygon","coordinates":[[[4.936378,52.377534],[4.936369,52.377484],[4.936371,52.377429],[4.936388,52.377373],[4.936423,52.377314],[4.936416,52.377312],[4.936413,52.377317],[4.936269,52.377326],[4.936269,52.377323],[4.935707,52.377354],[4.935729,52.377503],[4.935806,52.377545],[4.935811,52.377561],[4.935764,52.377617],[4.935769,52.377629],[4.935772,52.377629],[4.935827,52.377747],[4.936439,52.37764],[4.936401,52.377587],[4.936378,52.377534]]]}},{"type":"Feature","properties":{"class":"building","osm_id":"way/276686807","building":"apartments"},"geometry":{"type":"Polygon","coordinates":[[[4.940789,52.377492],[4.94082,52.377131],[4.940445,52.377119],[4.940414,52.37748],[4.940789,52.377492]]]}},{"type":"Feature","properties":{"class":"building","osm_id":"way/276686820","building":"apartments"},"geometry":{"type":"Polygon","coordinates":[[[4.941075,52.376484],[4.941076,52.376442],[4.94108,52.376442],[4.941082,52.376437],[4.941083,52.376414],[4.94105,52.376413],[4.94105,52.376416],[4.940962,52.376413],[4.940963,52.376407],[4.940902,52.376405],[4.940901,52.376411],[4.940817,52.376408],[4.940817,52.376405],[4.940785,52.376404],[4.940774,52.376536],[4.940924,52.37654],[4.940924,52.376535],[4.940971,52.376536],[4.940971,52.376533],[4.94104,52.376536],[4.94104,52.376538],[4.941071,52.37654],[4.941074,52.376511],[4.94107,52.376511],[4.941075,52.376484]]]}},{"type":"Feature","properties":{"class":"building","osm_id":"way/276686822","building":"apartments"},"geometry":{"type":"Polygon","coordinates":[[[4.947325,52.37654],[4.94733,52.37648],[4.947228,52.376476],[4.947219,52.37657],[4.947306,52.376572],[4.947309,52.376539],[4.947325,52.37654]]]}},{"type":"Feature","properties":{"class":"building","osm_id":"way/276686824","building":"apartments"},"geometry":{"type":"Polygon","coordinates":[[[4.94862,52.376945],[4.948586,52.376886],[4.948493,52.376906],[4.948499,52.376915],[4.948448,52.376925],[4.948477,52.376976],[4.94862,52.376945]]]}},{"type":"Feature","properties":{"class":"building","osm_id":"way/276686825","building":"apartments"},"geometry":{"type":"Polygon","coordinates":[[[4.948677,52.377271],[4.948682,52.377209],[4.948531,52.377204],[4.948527,52.377257],[4.948579,52.377258],[4.948578,52.377268],[4.948677,52.377271]]]}},{"type":"Feature","properties":{"class":"building","osm_id":"way/276686827","building":"apartments"},"geometry":{"type":"Polygon","coordinates":[[[4.948655,52.377004],[4.94862,52.376945],[4.948477,52.376976],[4.948506,52.377026],[4.948556,52.377015],[4.948562,52.377024],[4.948655,52.377004]]]}},{"type":"Feature","properties":{"class":"building","osm_id":"way/276686828","building":"industrial"},"geometry":{"type":"Polygon","coordinates":[[[4.939309,52.376486],[4.939323,52.376313],[4.93879,52.376295],[4.938775,52.376468],[4.939309,52.376486]]]}},{"type":"Feature","properties":{"class":"building","osm_id":"way/276686829","building":"apartments"},"geometry":{"type":"Polygon","coordinates":[[[4.948682,52.377209],[4.948688,52.377146],[4.94859,52.377143],[4.948589,52.377153],[4.948536,52.37715],[4.948531,52.377204],[4.948682,52.377209]]]}},{"type":"Feature","properties":{"class":"building","osm_id":"way/276686830","building":"apartments"},"geometry":{"type":"Polygon","coordinates":[[[4.948099,52.376637],[4.948142,52.376583],[4.94805,52.376556],[4.947984,52.376639],[4.948062,52.376662],[4.948085,52.376633],[4.948099,52.376637]]]}},{"type":"Feature","properties":{"class":"building","osm_id":"way/276686831","building":"apartments"},"geometry":{"type":"Polygon","coordinates":[[[4.947984,52.376639],[4.94805,52.376556],[4.947957,52.376528],[4.947914,52.376583],[4.947929,52.376587],[4.947906,52.376616],[4.947984,52.376639]]]}},{"type":"Feature","properties":{"class":"building","osm_id":"way/276686834","building":"apartments"},"geometry":{"type":"Polygon","coordinates":[[[4.937921,52.37636],[4.937926,52.376253],[4.937816,52.376251],[4.937811,52.376344],[4.937801,52.37635],[4.937822,52.376363],[4.937831,52.376357],[4.937921,52.37636]]]}},{"type":"Feature","properties":{"class":"building","osm_id":"way/276686835","building":"apartments"},"geometry":{"type":"Polygon","coordinates":[[[4.948661,52.377454],[4.948666,52.377391],[4.948568,52.377387],[4.948567,52.377397],[4.948514,52.377396],[4.948509,52.377449],[4.948661,52.377454]]]}},{"type":"Feature","properties":{"class":"building","osm_id":"way/276686836","building":"apartments"},"geometry":{"type":"Polygon","coordinates":[[[4.948286,52.376777],[4.948398,52.376716],[4.94833,52.376669],[4.948256,52.376709],[4.948267,52.376716],[4.948228,52.376737],[4.948286,52.376777]]]}},{"type":"Feature","properties":{"class":"building","osm_id":"way/276686840","building":"apartments"},"geometry":{"type":"Polygon","coordinates":[[[4.947228,52.376476],[4.947125,52.376473],[4.94712,52.376533],[4.947136,52.376534],[4.947133,52.376567],[4.947219,52.37657],[4.947228,52.376476]]]}},{"type":"Feature","properties":{"class":"building","osm_id":"way/276686852","building":"apartments"},"geometry":{"type":"Polygon","coordinates":[[[4.947628,52.376489],[4.947619,52.376583],[4.947706,52.376586],[4.947709,52.376553],[4.947725,52.376553],[4.94773,52.376493],[4.947628,52.376489]]]}},{"type":"Feature","properties":{"class":"building","osm_id":"way/276686855","building":"apartments"},"geometry":{"type":"Polygon","coordinates":[[[4.948393,52.376802],[4.948466,52.376762],[4.948398,52.376716],[4.948286,52.376777],[4.948344,52.376817],[4.948383,52.376795],[4.948393,52.376802]]]}},{"type":"Feature","properties":{"class":"building","osm_id":"way/276686857","building":"apartments"},"geometry":{"type":"Polygon","coordinates":[[[4.948655,52.377516],[4.948661,52.377454],[4.948509,52.377449],[4.948504,52.377501],[4.94843,52.377499],[4.948385,52.37754],[4.948633,52.377549],[4.948636,52.377516],[4.948655,52.377516]]]}},{"type":"Feature","properties":{"class":"building","osm_id":"way/276686858","building":"apartments"},"geometry":{"type":"Polygon","coordinates":[[[4.947619,52.376583],[4.947628,52.376489],[4.947524,52.376486],[4.94752,52.376546],[4.947535,52.376547],[4.947532,52.37658],[4.947619,52.376583]]]}},{"type":"Feature","properties":{"class":"building","osm_id":"way/276686861","building":"apartments"},"geometry":{"type":"Polygon","coordinates":[[[4.938775,52.376468],[4.938787,52.376334],[4.938626,52.376328],[4.938627,52.376315],[4.93859,52.376313],[4.938588,52.376327],[4.938493,52.376324],[4.938481,52.376458],[4.938775,52.376468]]]}},{"type":"Feature","properties":{"class":"building","osm_id":"way/277087159","building":"houseboat"},"geometry":{"type":"Polygon","coordinates":[[[4.938583,52.374887],[4.938585,52.374898],[4.9386,52.374911],[4.938624,52.374915],[4.938648,52.374911],[4.938851,52.374738],[4.938879,52.374681],[4.938789,52.374714],[4.938583,52.374887]]]}},{"type":"Feature","properties":{"class":"building","osm_id":"way/277087160","building":"yes"},"geometry":{"type":"Polygon","coordinates":[[[4.936468,52.374736],[4.93649,52.374725],[4.936498,52.374713],[4.936498,52.374704],[4.93649,52.374692],[4.936479,52.374686],[4.936467,52.374682],[4.936445,52.374681],[4.936026,52.37475],[4.935983,52.374769],[4.935943,52.374791],[4.935996,52.374799],[4.93605,52.374802],[4.936468,52.374736]]]}},{"type":"Feature","properties":{"class":"building","osm_id":"way/277087161","building":"yes"},"geometry":{"type":"Polygon","coordinates":[[[4.937475,52.374512],[4.93734,52.374562],[4.937342,52.374567],[4.937491,52.374563],[4.937811,52.374509],[4.937921,52.374478],[4.937911,52.37445],[4.937799,52.374453],[4.937475,52.374512]]]}},{"type":"Feature","properties":{"class":"building","osm_id":"way/277087162","building":"yes"},"geometry":{"type":"Polygon","coordinates":[[[4.938716,52.374286],[4.938706,52.374293],[4.938698,52.374306],[4.938701,52.374323],[4.938718,52.374338],[4.938753,52.374344],[4.939239,52.374257],[4.939261,52.374248],[4.939272,52.374233],[4.93926,52.374208],[4.939257,52.374205],[4.939241,52.374198],[4.939217,52.374197],[4.938716,52.374286]]]}},{"type":"Feature","properties":{"class":"building","osm_id":"way/277087163","building":"houseboat"},"geometry":{"type":"Polygon","coordinates":[[[4.939203,52.374473],[4.939284,52.374433],[4.939338,52.374399],[4.939371,52.374374],[4.939413,52.374333],[4.939437,52.374305],[4.939456,52.374275],[4.939453,52.374268],[4.939441,52.374261],[4.939426,52.37426],[4.939393,52.374273],[4.939335,52.374303],[4.939269,52.37435],[4.939216,52.374404],[4.939187,52.374447],[4.939179,52.374462],[4.939181,52.374465],[4.939189,52.374472],[4.939203,52.374473]]]}},{"type":"Feature","properties":{"class":"building","osm_id":"way/277087170","building":"apartments"},"geometry":{"type":"Polygon","coordinates":[[[4.936077,52.37409],[4.936061,52.374057],[4.936069,52.374055],[4.936058,52.374032],[4.93605,52.374034],[4.936035,52.374],[4.935931,52.374018],[4.935978,52.374119],[4.935999,52.374115],[4.935994,52.374105],[4.936077,52.37409]]]}},{"type":"Feature","properties":{"class":"building","osm_id":"way/277087171","building":"apartments"},"geometry":{"type":"Polygon","coordinates":[[[4.938091,52.373776],[4.938002,52.373585],[4.938018,52.373584],[4.93798,52.373578],[4.937737,52.373617],[4.937834,52.373825],[4.938091,52.373776]]]}},{"type":"Feature","properties":{"class":"building","osm_id":"way/277087172","building":"apartments"},"geometry":{"type":"Polygon","coordinates":[[[4.937044,52.37387],[4.937017,52.373801],[4.936959,52.37381],[4.936945,52.373774],[4.93691,52.373779],[4.936951,52.373883],[4.936996,52.373877],[4.936997,52.373881],[4.937029,52.373876],[4.937028,52.373872],[4.937044,52.37387]]]}},{"type":"Feature","properties":{"class":"building","osm_id":"way/277087173","building":"apartments"},"geometry":{"type":"Polygon","coordinates":[[[4.937393,52.373818],[4.93735,52.373715],[4.937315,52.37372],[4.937329,52.373755],[4.937273,52.373763],[4.9373,52.373832],[4.937316,52.37383],[4.937317,52.373834],[4.937349,52.373829],[4.937348,52.373825],[4.937393,52.373818]]]}},{"type":"Feature","properties":{"class":"building","osm_id":"way/277087178","building":"apartments"},"geometry":{"type":"Polygon","coordinates":[[[4.937485,52.373805],[4.937458,52.373736],[4.937399,52.373745],[4.937385,52.373709],[4.93735,52.373715],[4.937393,52.373818],[4.937439,52.373812],[4.93744,52.373815],[4.937472,52.373811],[4.937471,52.373807],[4.937485,52.373805]]]}},{"type":"Feature","properties":{"class":"building","osm_id":"way/277087180","building":"apartments"},"geometry":{"type":"Polygon","coordinates":[[[4.936951,52.373883],[4.93691,52.373779],[4.936875,52.373785],[4.936889,52.37382],[4.936834,52.373828],[4.936861,52.373897],[4.936874,52.373895],[4.936875,52.373899],[4.936907,52.373894],[4.936906,52.37389],[4.936951,52.373883]]]}},{"type":"Feature","properties":{"class":"building","osm_id":"way/277087181","building":"house"},"geometry":{"type":"Polygon","coordinates":[[[4.936353,52.37387],[4.936144,52.373905],[4.936227,52.374089],[4.93629,52.374078],[4.936292,52.374082],[4.936311,52.374088],[4.936365,52.374079],[4.936375,52.374068],[4.936373,52.374064],[4.936436,52.374053],[4.936353,52.37387]]]}},{"type":"Feature","properties":{"class":"building","osm_id":"way/277087189","building":"apartments"},"geometry":{"type":"Polygon","coordinates":[[[4.939559,52.373959],[4.939461,52.373749],[4.939379,52.373763],[4.939358,52.373716],[4.938498,52.373865],[4.938625,52.37414],[4.939541,52.373981],[4.939564,52.373976],[4.939559,52.373959]]]}},{"type":"Feature","properties":{"class":"building","osm_id":"way/277087191","building":"yes"},"geometry":{"type":"Polygon","coordinates":[[[4.938189,52.373729],[4.938134,52.37366],[4.938127,52.373642],[4.938138,52.373639],[4.938133,52.37363],[4.93813,52.37363],[4.938102,52.373572],[4.938002,52.373585],[4.938091,52.373776],[4.938136,52.373767],[4.938186,52.373739],[4.938189,52.373729]]]}},{"type":"Feature","properties":{"class":"building","osm_id":"way/277087193","building":"apartments"},"geometry":{"type":"Polygon","coordinates":[[[4.936023,52.373456],[4.935979,52.37341],[4.93592,52.373284],[4.935758,52.37331],[4.935674,52.373328],[4.93569,52.373365],[4.935675,52.373371],[4.935715,52.37342],[4.935711,52.373478],[4.935742,52.373477],[4.935779,52.373558],[4.935905,52.373539],[4.936028,52.373515],[4.936002,52.37346],[4.936023,52.373456]]]}},{"type":"Feature","properties":{"class":"building","osm_id":"way/277087196","building":"apartments"},"geometry":{"type":"Polygon","coordinates":[[[4.936623,52.373583],[4.936516,52.373351],[4.936429,52.373364],[4.93627,52.373395],[4.936312,52.373486],[4.936313,52.373545],[4.936316,52.373542],[4.936342,52.373542],[4.936344,52.373555],[4.936376,52.373626],[4.936502,52.373607],[4.936623,52.373583]]]}},{"type":"Feature","properties":{"class":"building","osm_id":"way/277087200","building":"yes"},"geometry":{"type":"Polygon","coordinates":[[[4.93717,52.373778],[4.937156,52.373743],[4.937131,52.373747],[4.937145,52.373782],[4.93717,52.373778]]]}},{"type":"Feature","properties":{"class":"building","osm_id":"way/277087204","building":"yes"},"geometry":{"type":"Polygon","coordinates":[[[4.936856,52.373825],[4.936842,52.37379],[4.936821,52.373793],[4.936834,52.373828],[4.936856,52.373825]]]}},{"type":"Feature","properties":{"class":"building","osm_id":"way/277087207","building":"retail"},"geometry":{"type":"Polygon","coordinates":[[[4.936328,52.374395],[4.936275,52.374281],[4.936218,52.37429],[4.936271,52.374405],[4.936328,52.374395]]]}},{"type":"Feature","properties":{"class":"building","osm_id":"way/277087209","building":"retail"},"geometry":{"type":"Polygon","coordinates":[[[4.938197,52.374194],[4.93817,52.374136],[4.937937,52.374177],[4.937963,52.374235],[4.938197,52.374194]]]}},{"type":"Feature","properties":{"class":"building","osm_id":"way/277087210","building":"retail"},"geometry":{"type":"Polygon","coordinates":[[[4.937737,52.374274],[4.937632,52.374045],[4.937519,52.374065],[4.937624,52.374294],[4.937737,52.374274]]]}},{"type":"Feature","properties":{"class":"building","osm_id":"way/277087213","building":"retail"},"geometry":{"type":"Polygon","coordinates":[[[4.937402,52.374209],[4.937376,52.374153],[4.93715,52.374192],[4.937176,52.374248],[4.937402,52.374209]]]}},{"type":"Feature","properties":{"class":"building","osm_id":"way/277087216","building":"yes"},"geometry":{"type":"Polygon","coordinates":[[[4.937601,52.373715],[4.937587,52.37368],[4.937562,52.373683],[4.937576,52.373719],[4.937601,52.373715]]]}},{"type":"Feature","properties":{"class":"building","osm_id":"way/277087218","building":"yes"},"geometry":{"type":"Polygon","coordinates":[[[4.937626,52.373711],[4.937612,52.373676],[4.937587,52.37368],[4.937601,52.373715],[4.937626,52.373711]]]}},{"type":"Feature","properties":{"class":"building","osm_id":"way/277087219","building":"yes"},"geometry":{"type":"Polygon","coordinates":[[[4.936714,52.373845],[4.9367,52.37381],[4.936675,52.373814],[4.936689,52.373849],[4.936714,52.373845]]]}},{"type":"Feature","properties":{"class":"building","osm_id":"way/277087221","building":"yes"},"geometry":{"type":"Polygon","coordinates":[[[4.937458,52.373736],[4.937444,52.373701],[4.937423,52.373704],[4.937437,52.373739],[4.937458,52.373736]]]}},{"type":"Feature","properties":{"class":"building","osm_id":"way/277087224","building":"yes"},"geometry":{"type":"Polygon","coordinates":[[[4.936689,52.373849],[4.936675,52.373814],[4.93665,52.373817],[4.936664,52.373852],[4.936689,52.373849]]]}},{"type":"Feature","properties":{"class":"building","osm_id":"way/277087225","building":"apartments"},"geometry":{"type":"Polygon","coordinates":[[[4.937778,52.373779],[4.93775,52.373705],[4.937605,52.373726],[4.937636,52.3738],[4.937778,52.373779]]]}},{"type":"Feature","properties":{"class":"building","osm_id":"way/277087228","building":"retail"},"geometry":{"type":"Polygon","coordinates":[[[4.93817,52.374136],[4.938144,52.37408],[4.937911,52.374121],[4.937937,52.374177],[4.93817,52.374136]]]}},{"type":"Feature","properties":{"class":"building","osm_id":"way/277087229","building":"yes"},"geometry":{"type":"Polygon","coordinates":[[[4.937294,52.37376],[4.93728,52.373725],[4.937259,52.373728],[4.937273,52.373763],[4.937294,52.37376]]]}},{"type":"Feature","properties":{"class":"building","osm_id":"way/277087230","building":"apartments"},"geometry":{"type":"Polygon","coordinates":[[[4.936722,52.373933],[4.936693,52.37386],[4.936549,52.373881],[4.936578,52.373955],[4.936722,52.373933]]]}},{"type":"Feature","properties":{"class":"building","osm_id":"way/277087231","building":"yes"},"geometry":{"type":"Polygon","coordinates":[[[4.937145,52.373782],[4.937131,52.373747],[4.937106,52.373751],[4.93712,52.373786],[4.937145,52.373782]]]}},{"type":"Feature","properties":{"class":"building","osm_id":"way/277087232","building":"retail"},"geometry":{"type":"Polygon","coordinates":[[[4.937013,52.374276],[4.936987,52.37422],[4.936811,52.374251],[4.936837,52.374307],[4.937013,52.374276]]]}},{"type":"Feature","properties":{"class":"building","osm_id":"way/277087237","building":"retail"},"geometry":{"type":"Polygon","coordinates":[[[4.937066,52.37439],[4.937013,52.374276],[4.936837,52.374307],[4.93689,52.374421],[4.937066,52.37439]]]}},{"type":"Feature","properties":{"class":"building","osm_id":"way/277087238","building":"retail"},"geometry":{"type":"Polygon","coordinates":[[[4.937376,52.374153],[4.937349,52.374094],[4.937123,52.374133],[4.93715,52.374192],[4.937376,52.374153]]]}},{"type":"Feature","properties":{"class":"building","osm_id":"way/277087239","building":"retail"},"geometry":{"type":"Polygon","coordinates":[[[4.937398,52.374333],[4.937371,52.374275],[4.937202,52.374304],[4.937229,52.374362],[4.937398,52.374333]]]}},{"type":"Feature","properties":{"class":"building","osm_id":"way/277087240","building":"retail"},"geometry":{"type":"Polygon","coordinates":[[[4.936271,52.374405],[4.936218,52.37429],[4.936106,52.37431],[4.936158,52.374424],[4.936271,52.374405]]]}},{"type":"Feature","properties":{"class":"building","osm_id":"way/277087242","building":"retail"},"geometry":{"type":"Polygon","coordinates":[[[4.937624,52.374294],[4.937519,52.374065],[4.937349,52.374094],[4.937455,52.374323],[4.937624,52.374294]]]}},{"type":"Feature","properties":{"class":"building","osm_id":"way/277087243","building":"retail"},"geometry":{"type":"Polygon","coordinates":[[[4.938144,52.37408],[4.938091,52.373965],[4.93797,52.373986],[4.937998,52.374045],[4.937885,52.374065],[4.937911,52.374121],[4.938144,52.37408]]]}},{"type":"Feature","properties":{"class":"building","osm_id":"way/277087244","building":"retail"},"geometry":{"type":"Polygon","coordinates":[[[4.937455,52.374323],[4.937402,52.374209],[4.937176,52.374248],[4.937202,52.374304],[4.937371,52.374275],[4.937398,52.374333],[4.937455,52.374323]]]}},{"type":"Feature","properties":{"class":"building","osm_id":"way/277087245","building":"apartments"},"geometry":{"type":"Polygon","coordinates":[[[4.937636,52.3738],[4.937605,52.373726],[4.937462,52.373747],[4.937489,52.373815],[4.9375,52.37382],[4.937636,52.3738]]]}},{"type":"Feature","properties":{"class":"building","osm_id":"way/277087246","building":"retail"},"geometry":{"type":"Polygon","coordinates":[[[4.936381,52.37451],[4.936328,52.374395],[4.936158,52.374424],[4.936211,52.374539],[4.936381,52.37451]]]}},{"type":"Feature","properties":{"class":"building","osm_id":"way/277087247","building":"yes"},"geometry":{"type":"Polygon","coordinates":[[[4.936211,52.374536],[4.936107,52.374313],[4.935928,52.374344],[4.936032,52.374567],[4.936211,52.374536]]]}},{"type":"Feature","properties":{"class":"building","osm_id":"way/277087248","building":"retail"},"geometry":{"type":"Polygon","coordinates":[[[4.937885,52.374065],[4.937998,52.374045],[4.93797,52.373986],[4.937801,52.374016],[4.937854,52.374131],[4.937911,52.374121],[4.937885,52.374065]]]}},{"type":"Feature","properties":{"class":"building","osm_id":"way/277087250","building":"retail"},"geometry":{"type":"Polygon","coordinates":[[[4.936754,52.374261],[4.936987,52.37422],[4.93696,52.374162],[4.936727,52.374202],[4.936754,52.374261]]]}},{"type":"Feature","properties":{"class":"building","osm_id":"way/277087251","building":"retail"},"geometry":{"type":"Polygon","coordinates":[[[4.936494,52.37449],[4.936415,52.374319],[4.936472,52.37431],[4.936445,52.374251],[4.936275,52.374281],[4.936381,52.37451],[4.936494,52.37449]]]}},{"type":"Feature","properties":{"class":"building","osm_id":"way/277087252","building":"apartments"},"geometry":{"type":"Polygon","coordinates":[[[4.9373,52.373832],[4.937273,52.373763],[4.937017,52.373801],[4.937044,52.37387],[4.9373,52.373832]]]}},{"type":"Feature","properties":{"class":"building","osm_id":"way/277087253","building":"retail"},"geometry":{"type":"Polygon","coordinates":[[[4.937963,52.374235],[4.937911,52.374121],[4.937854,52.374131],[4.937801,52.374016],[4.937632,52.374045],[4.937737,52.374274],[4.937963,52.374235]]]}},{"type":"Feature","properties":{"class":"building","osm_id":"way/277087255","building":"apartments"},"geometry":{"type":"Polygon","coordinates":[[[4.936863,52.373907],[4.936838,52.373839],[4.936693,52.37386],[4.936722,52.373933],[4.936857,52.373914],[4.936863,52.373907]]]}},{"type":"Feature","properties":{"class":"building","osm_id":"way/277087257","building":"apartments"},"geometry":{"type":"Polygon","coordinates":[[[4.936582,52.373963],[4.936544,52.373868],[4.936397,52.373889],[4.936432,52.373976],[4.936536,52.373961],[4.936539,52.373969],[4.936582,52.373963]]]}},{"type":"Feature","properties":{"class":"building","osm_id":"way/277087259","building":"retail"},"geometry":{"type":"Polygon","coordinates":[[[4.936693,52.374392],[4.936614,52.374222],[4.936445,52.374251],[4.936472,52.37431],[4.936415,52.374319],[4.936494,52.37449],[4.936663,52.37446],[4.936636,52.374402],[4.936693,52.374392]]]}},{"type":"Feature","properties":{"class":"building","osm_id":"way/277087262","building":"yes"},"geometry":{"type":"Polygon","coordinates":[[[4.937227,52.37436],[4.937124,52.374136],[4.936962,52.374164],[4.937065,52.374388],[4.937227,52.37436]]]}},{"type":"Feature","properties":{"class":"building","osm_id":"way/277087263","building":"retail"},"geometry":{"type":"Polygon","coordinates":[[[4.93689,52.374421],[4.936811,52.374251],[4.936754,52.374261],[4.936727,52.374202],[4.936614,52.374222],[4.936693,52.374392],[4.936636,52.374402],[4.936663,52.37446],[4.93689,52.374421]]]}},{"type":"Feature","properties":{"class":"building","osm_id":"way/277950532","building":"houseboat"},"geometry":{"type":"Polygon","coordinates":[[[4.946272,52.374996],[4.94676,52.375052],[4.946775,52.375051],[4.946789,52.375045],[4.946801,52.37503],[4.9468,52.375021],[4.946796,52.375015],[4.946784,52.375007],[4.94677,52.375003],[4.946281,52.374946],[4.946261,52.374947],[4.946246,52.374953],[4.946234,52.374968],[4.946236,52.37498],[4.946248,52.37499],[4.946272,52.374996]]]}},{"type":"Feature","properties":{"class":"building","osm_id":"way/277950536","building":"houseboat"},"geometry":{"type":"Polygon","coordinates":[[[4.950573,52.371511],[4.950618,52.37133],[4.950615,52.371303],[4.950601,52.371296],[4.950587,52.371296],[4.950575,52.3713],[4.950553,52.371325],[4.950507,52.371507],[4.950514,52.371523],[4.950533,52.371536],[4.950558,52.371527],[4.950573,52.371511]]]}},{"type":"Feature","properties":{"class":"building","osm_id":"way/277950538","building":"houseboat"},"geometry":{"type":"Polygon","coordinates":[[[4.946405,52.373081],[4.946393,52.373095],[4.946399,52.373109],[4.946443,52.37312],[4.946657,52.373148],[4.946709,52.373149],[4.946734,52.373138],[4.946716,52.373122],[4.946688,52.37311],[4.946507,52.373089],[4.946405,52.373081]]]}},{"type":"Feature","properties":{"class":"building","osm_id":"way/277950539","building":"houseboat"},"geometry":{"type":"Polygon","coordinates":[[[4.950989,52.371365],[4.950982,52.371344],[4.950968,52.371331],[4.950954,52.371324],[4.950923,52.371332],[4.950905,52.371343],[4.950897,52.371353],[4.950844,52.371548],[4.950845,52.371561],[4.950855,52.371572],[4.950878,52.371581],[4.950894,52.37158],[4.950915,52.371575],[4.950934,52.371561],[4.950989,52.371365]]]}},{"type":"Feature","properties":{"class":"building","osm_id":"way/277950540","building":"houseboat"},"geometry":{"type":"Polygon","coordinates":[[[4.951061,52.371554],[4.95107,52.371583],[4.951088,52.371604],[4.95111,52.371594],[4.951127,52.371582],[4.95115,52.371555],[4.951222,52.371332],[4.951222,52.371321],[4.951214,52.371308],[4.951199,52.3713],[4.951173,52.371296],[4.951147,52.371303],[4.951131,52.371321],[4.951064,52.371533],[4.951061,52.371554]]]}},{"type":"Feature","properties":{"class":"building","osm_id":"way/277950541","building":"houseboat"},"geometry":{"type":"Polygon","coordinates":[[[4.951278,52.371598],[4.951305,52.37156],[4.951338,52.3715],[4.951371,52.371413],[4.951372,52.371395],[4.951368,52.371383],[4.951356,52.371366],[4.951343,52.371356],[4.951295,52.371374],[4.951269,52.371397],[4.951236,52.371455],[4.951211,52.371525],[4.9512,52.371578],[4.951208,52.371595],[4.951223,52.371605],[4.951243,52.371608],[4.951262,52.371606],[4.951278,52.371598]]]}},{"type":"Feature","properties":{"class":"building","osm_id":"way/277950542","building":"houseboat"},"geometry":{"type":"Polygon","coordinates":[[[4.945582,52.374873],[4.946061,52.374927],[4.946094,52.374926],[4.946122,52.374915],[4.946119,52.374908],[4.946105,52.374897],[4.946076,52.374887],[4.945588,52.374837],[4.94557,52.374843],[4.945561,52.374854],[4.945568,52.374867],[4.945582,52.374873]]]}},{"type":"Feature","properties":{"class":"building","osm_id":"way/277950550","building":"houseboat"},"geometry":{"type":"Polygon","coordinates":[[[4.945983,52.373065],[4.946054,52.373083],[4.946268,52.373104],[4.946331,52.373091],[4.946308,52.373063],[4.946274,52.373047],[4.946059,52.373029],[4.946008,52.373027],[4.945981,52.373036],[4.945964,52.37305],[4.945983,52.373065]]]}},{"type":"Feature","properties":{"class":"building","osm_id":"way/277950563","building":"houseboat"},"geometry":{"type":"Polygon","coordinates":[[[4.945383,52.372979],[4.945424,52.373007],[4.945824,52.373047],[4.945873,52.373047],[4.945884,52.37304],[4.945889,52.37303],[4.945888,52.373024],[4.945882,52.37302],[4.945847,52.373009],[4.94544,52.372966],[4.945383,52.372979]]]}},{"type":"Feature","properties":{"class":"building","osm_id":"way/277950575","building":"houseboat"},"geometry":{"type":"Polygon","coordinates":[[[4.944982,52.37293],[4.944976,52.372954],[4.945071,52.372968],[4.945167,52.372978],[4.945264,52.372982],[4.945286,52.37298],[4.94531,52.37297],[4.945299,52.372962],[4.945277,52.372953],[4.94523,52.372945],[4.945107,52.372933],[4.944982,52.37293]]]}},{"type":"Feature","properties":{"class":"building","osm_id":"way/277950576","building":"houseboat"},"geometry":{"type":"Polygon","coordinates":[[[4.948397,52.37519],[4.948389,52.375202],[4.94839,52.375215],[4.948406,52.375228],[4.948436,52.375236],[4.948836,52.375281],[4.94886,52.375281],[4.948885,52.375271],[4.948898,52.375257],[4.948894,52.37524],[4.948875,52.375226],[4.948853,52.375221],[4.948452,52.37518],[4.94842,52.375181],[4.948397,52.37519]]]}},{"type":"Feature","properties":{"class":"building","osm_id":"way/277950578","building":"houseboat"},"geometry":{"type":"Polygon","coordinates":[[[4.944457,52.372861],[4.944439,52.372864],[4.944423,52.372875],[4.944421,52.372887],[4.944429,52.372897],[4.944444,52.372903],[4.944818,52.372943],[4.944836,52.372942],[4.944846,52.372937],[4.944857,52.372924],[4.944857,52.372916],[4.944852,52.372909],[4.944832,52.3729],[4.944457,52.372861]]]}},{"type":"Feature","properties":{"class":"building","osm_id":"way/277950585","building":"houseboat"},"geometry":{"type":"Polygon","coordinates":[[[4.943492,52.372747],[4.943472,52.372748],[4.943454,52.372753],[4.94344,52.372763],[4.943442,52.372771],[4.943456,52.372785],[4.943473,52.372792],[4.9438,52.372825],[4.943822,52.372821],[4.943833,52.372812],[4.943836,52.372805],[4.943832,52.372794],[4.943815,52.372784],[4.943492,52.372747]]]}},{"type":"Feature","properties":{"class":"building","osm_id":"way/277950587","building":"houseboat"},"geometry":{"type":"Polygon","coordinates":[[[4.94151,52.372526],[4.941497,52.372569],[4.941809,52.372604],[4.941822,52.37256],[4.94151,52.372526]]]}},{"type":"Feature","properties":{"class":"building","osm_id":"way/277950589","building":"houseboat"},"geometry":{"type":"Polygon","coordinates":[[[4.948949,52.373363],[4.948911,52.373374],[4.94896,52.373399],[4.949022,52.373414],[4.949254,52.373439],[4.949334,52.373434],[4.949374,52.373424],[4.949369,52.37341],[4.949349,52.373398],[4.949294,52.373388],[4.949029,52.37336],[4.948949,52.373363]]]}},{"type":"Feature","properties":{"class":"building","osm_id":"way/277950590","building":"houseboat"},"geometry":{"type":"Polygon","coordinates":[[[4.940242,52.374394],[4.940196,52.374555],[4.940189,52.374604],[4.940199,52.374624],[4.940211,52.374631],[4.94023,52.374633],[4.940245,52.374629],[4.940265,52.374612],[4.940278,52.374585],[4.940332,52.374404],[4.940331,52.374393],[4.94031,52.374366],[4.940283,52.374363],[4.940248,52.374384],[4.940242,52.374394]]]}},{"type":"Feature","properties":{"class":"building","osm_id":"way/277950593","building":"houseboat"},"geometry":{"type":"Polygon","coordinates":[[[4.94097,52.372468],[4.940955,52.372521],[4.941221,52.37255],[4.941236,52.372497],[4.94097,52.372468]]]}},{"type":"Feature","properties":{"class":"building","osm_id":"way/277950595","building":"houseboat"},"geometry":{"type":"Polygon","coordinates":[[[4.940596,52.37243],[4.940581,52.372483],[4.94082,52.372508],[4.940835,52.372456],[4.940596,52.37243]]]}},{"type":"Feature","properties":{"class":"building","osm_id":"way/277950598","building":"houseboat"},"geometry":{"type":"Polygon","coordinates":[[[4.943038,52.374291],[4.942992,52.37447],[4.942996,52.374477],[4.943014,52.374486],[4.943037,52.374485],[4.943047,52.374481],[4.943055,52.374471],[4.943105,52.374292],[4.943103,52.374279],[4.943086,52.374264],[4.94308,52.374261],[4.943059,52.374269],[4.943044,52.374282],[4.943038,52.374291]]]}},{"type":"Feature","properties":{"class":"building","osm_id":"way/277950601","building":"houseboat"},"geometry":{"type":"Polygon","coordinates":[[[4.940122,52.372424],[4.94041,52.372456],[4.940425,52.372408],[4.940136,52.372376],[4.940122,52.372424]]]}},{"type":"Feature","properties":{"class":"building","osm_id":"way/277950602","building":"houseboat"},"geometry":{"type":"Polygon","coordinates":[[[4.942325,52.374143],[4.942248,52.374366],[4.942249,52.374375],[4.942256,52.374387],[4.942276,52.374401],[4.942304,52.374393],[4.942322,52.374378],[4.9424,52.374152],[4.942397,52.374139],[4.942387,52.374127],[4.942377,52.374122],[4.942363,52.37412],[4.942338,52.37413],[4.942325,52.374143]]]}},{"type":"Feature","properties":{"class":"building","osm_id":"way/277950603","building":"houseboat"},"geometry":{"type":"Polygon","coordinates":[[[4.942107,52.374398],[4.942104,52.374437],[4.942109,52.374443],[4.942134,52.374451],[4.942151,52.374448],[4.942163,52.374441],[4.942178,52.374407],[4.942257,52.374139],[4.942252,52.374121],[4.942232,52.3741],[4.942202,52.374113],[4.942181,52.374131],[4.942107,52.374398]]]}},{"type":"Feature","properties":{"class":"building","osm_id":"way/277950604","building":"houseboat"},"geometry":{"type":"Polygon","coordinates":[[[4.941821,52.37434],[4.941825,52.374364],[4.941866,52.374367],[4.941887,52.374347],[4.941951,52.374125],[4.941948,52.37411],[4.941936,52.374101],[4.941926,52.374097],[4.941907,52.3741],[4.941891,52.374108],[4.941881,52.374119],[4.941821,52.37434]]]}},{"type":"Feature","properties":{"class":"building","osm_id":"way/277950605","building":"houseboat"},"geometry":{"type":"Polygon","coordinates":[[[4.941685,52.374327],[4.941694,52.374336],[4.941709,52.374342],[4.941726,52.374342],[4.941742,52.374337],[4.941764,52.374302],[4.941781,52.374266],[4.9418,52.37421],[4.941811,52.374156],[4.941806,52.374125],[4.941789,52.374095],[4.941751,52.374123],[4.941736,52.374138],[4.94172,52.374164],[4.941699,52.374233],[4.94169,52.37428],[4.941685,52.374327]]]}},{"type":"Feature","properties":{"class":"building","osm_id":"way/277950606","building":"houseboat"},"geometry":{"type":"Polygon","coordinates":[[[4.941463,52.374021],[4.941367,52.374388],[4.941368,52.374396],[4.941373,52.374403],[4.941381,52.37441],[4.941399,52.374415],[4.941412,52.374416],[4.94143,52.374412],[4.94144,52.374406],[4.941448,52.374395],[4.941547,52.374025],[4.941545,52.374017],[4.941535,52.374006],[4.941524,52.374001],[4.941505,52.373998],[4.941479,52.374003],[4.94147,52.374009],[4.941463,52.374021]]]}},{"type":"Feature","properties":{"class":"building","osm_id":"way/277950608","building":"houseboat"},"geometry":{"type":"Polygon","coordinates":[[[4.94125,52.374257],[4.94126,52.374279],[4.941279,52.374298],[4.941307,52.374284],[4.94133,52.374267],[4.941387,52.374039],[4.941384,52.374027],[4.941373,52.374018],[4.941355,52.374013],[4.941336,52.374014],[4.94132,52.37402],[4.94131,52.374031],[4.94125,52.374257]]]}},{"type":"Feature","properties":{"class":"building","osm_id":"way/277950609","building":"houseboat"},"geometry":{"type":"Polygon","coordinates":[[[4.940955,52.374245],[4.940961,52.374263],[4.940974,52.37428],[4.941001,52.374268],[4.941017,52.374249],[4.941084,52.374011],[4.941074,52.374003],[4.941047,52.373998],[4.941026,52.374004],[4.940955,52.374245]]]}},{"type":"Feature","properties":{"class":"building","osm_id":"way/277950610","building":"houseboat"},"geometry":{"type":"Polygon","coordinates":[[[4.940874,52.374015],[4.940814,52.374237],[4.940822,52.374251],[4.940843,52.37426],[4.940868,52.374259],[4.940887,52.374249],[4.940947,52.374022],[4.940946,52.373991],[4.940932,52.373981],[4.940907,52.373981],[4.940895,52.373988],[4.940874,52.374015]]]}},{"type":"Feature","properties":{"class":"building","osm_id":"way/277950611","building":"houseboat"},"geometry":{"type":"Polygon","coordinates":[[[4.939731,52.372333],[4.939718,52.372376],[4.940004,52.372409],[4.940017,52.372366],[4.939731,52.372333]]]}},{"type":"Feature","properties":{"class":"building","osm_id":"way/277950613","building":"houseboat"},"geometry":{"type":"Polygon","coordinates":[[[4.947846,52.375179],[4.948232,52.375223],[4.948269,52.375216],[4.948294,52.375197],[4.948278,52.375178],[4.948251,52.375165],[4.947859,52.375123],[4.947827,52.37513],[4.947815,52.37514],[4.947812,52.37515],[4.947818,52.375166],[4.947832,52.375175],[4.947846,52.375179]]]}},{"type":"Feature","properties":{"class":"building","osm_id":"way/277950619","building":"houseboat"},"geometry":{"type":"Polygon","coordinates":[[[4.947876,52.373216],[4.947839,52.373223],[4.947827,52.373229],[4.947828,52.373234],[4.947841,52.373249],[4.947857,52.373257],[4.948109,52.373288],[4.948348,52.373307],[4.948369,52.373301],[4.948379,52.373289],[4.948375,52.373279],[4.948357,52.37327],[4.948133,52.373241],[4.947876,52.373216]]]}},{"type":"Feature","properties":{"class":"building","osm_id":"way/277950620","building":"houseboat"},"geometry":{"type":"Polygon","coordinates":[[[4.939953,52.374583],[4.939891,52.374801],[4.939893,52.374816],[4.939905,52.374826],[4.939922,52.374832],[4.939941,52.37483],[4.939957,52.374823],[4.939967,52.374809],[4.940023,52.37459],[4.940015,52.374578],[4.940003,52.37457],[4.939982,52.374568],[4.939966,52.374573],[4.939953,52.374583]]]}},{"type":"Feature","properties":{"class":"building","osm_id":"way/277950634","building":"houseboat"},"geometry":{"type":"Polygon","coordinates":[[[4.947342,52.375058],[4.947321,52.375067],[4.947314,52.375077],[4.947314,52.375088],[4.947328,52.375102],[4.947359,52.375109],[4.947747,52.375154],[4.947768,52.375154],[4.94779,52.375149],[4.947802,52.375143],[4.947811,52.375135],[4.947808,52.375125],[4.9478,52.375118],[4.947782,52.375108],[4.947763,52.375103],[4.947375,52.375058],[4.947342,52.375058]]]}},{"type":"Feature","properties":{"class":"building","osm_id":"way/277950643","building":"houseboat"},"geometry":{"type":"Polygon","coordinates":[[[4.947343,52.373197],[4.947371,52.373216],[4.947408,52.373227],[4.94771,52.373262],[4.947735,52.373256],[4.947745,52.373242],[4.947743,52.373233],[4.947738,52.373228],[4.947721,52.37322],[4.947411,52.373181],[4.947387,52.373181],[4.947365,52.373186],[4.947343,52.373197]]]}},{"type":"Feature","properties":{"class":"building","osm_id":"way/277950644","building":"houseboat"},"geometry":{"type":"Polygon","coordinates":[[[4.93965,52.374767],[4.939585,52.374999],[4.939588,52.375022],[4.939599,52.375034],[4.939616,52.375039],[4.939634,52.375038],[4.93965,52.375028],[4.939665,52.375007],[4.93972,52.374794],[4.939724,52.374775],[4.939721,52.374755],[4.939711,52.374741],[4.939697,52.374733],[4.93968,52.374737],[4.939663,52.374749],[4.93965,52.374767]]]}},{"type":"Feature","properties":{"class":"building","osm_id":"way/277950651","building":"houseboat"},"geometry":{"type":"Polygon","coordinates":[[[4.946924,52.375058],[4.94721,52.375091],[4.947242,52.375089],[4.947272,52.375076],[4.947254,52.375059],[4.947226,52.375048],[4.946927,52.375015],[4.946904,52.375021],[4.946893,52.375034],[4.946894,52.375043],[4.946898,52.375049],[4.946906,52.375054],[4.946924,52.375058]]]}},{"type":"Feature","properties":{"class":"building","osm_id":"way/277950657","building":"houseboat"},"geometry":{"type":"Polygon","coordinates":[[[4.946909,52.373126],[4.946867,52.373129],[4.94684,52.373141],[4.946859,52.373159],[4.946889,52.373172],[4.947207,52.373206],[4.94723,52.373202],[4.947238,52.373197],[4.947245,52.373187],[4.947239,52.373173],[4.947221,52.373165],[4.946909,52.373126]]]}},{"type":"Feature","properties":{"class":"building","osm_id":"way/277950658","building":"houseboat"},"geometry":{"type":"Polygon","coordinates":[[[4.939346,52.374982],[4.939194,52.375275],[4.93921,52.375296],[4.939257,52.375305],[4.939291,52.375293],[4.939435,52.375013],[4.939441,52.375001],[4.939442,52.374987],[4.939437,52.374972],[4.939417,52.374946],[4.939375,52.37496],[4.939358,52.374971],[4.939346,52.374982]]]}},{"type":"Feature","properties":{"class":"building","osm_id":"way/277950664","building":"apartments"},"geometry":{"type":"Polygon","coordinates":[[[4.941268,52.371646],[4.941371,52.371301],[4.941242,52.371287],[4.941138,52.371625],[4.941131,52.371624],[4.941129,52.371631],[4.941268,52.371646]]]}},{"type":"Feature","properties":{"class":"building","osm_id":"way/277950666","building":"house"},"geometry":{"type":"Polygon","coordinates":[[[4.951615,52.372478],[4.951657,52.372337],[4.951567,52.372327],[4.951525,52.372468],[4.951574,52.372473],[4.951576,52.37246],[4.951616,52.372464],[4.951612,52.372478],[4.951615,52.372478]]]}},{"type":"Feature","properties":{"class":"building","osm_id":"way/277950667","building":"house"},"geometry":{"type":"Polygon","coordinates":[[[4.939747,52.373367],[4.939769,52.373291],[4.939701,52.373284],[4.939679,52.373359],[4.939747,52.373367]]]}},{"type":"Feature","properties":{"class":"building","osm_id":"way/277950669","building":"house"},"geometry":{"type":"Polygon","coordinates":[[[4.947854,52.374257],[4.947873,52.374194],[4.947877,52.374195],[4.947877,52.374192],[4.947793,52.374183],[4.947793,52.374186],[4.947798,52.374186],[4.94778,52.374249],[4.947854,52.374257]]]}},{"type":"Feature","properties":{"class":"building","osm_id":"way/277950671","building":"apartments"},"geometry":{"type":"Polygon","coordinates":[[[4.945669,52.372137],[4.945737,52.371908],[4.945734,52.371905],[4.945598,52.371889],[4.945529,52.372121],[4.945669,52.372137]]]}},{"type":"Feature","properties":{"class":"building","osm_id":"way/277950672","building":"house"},"geometry":{"type":"Polygon","coordinates":[[[4.939693,52.373548],[4.939716,52.373473],[4.939647,52.373465],[4.939625,52.37354],[4.939693,52.373548]]]}},{"type":"Feature","properties":{"class":"building","osm_id":"way/277950673","building":"apartments"},"geometry":{"type":"Polygon","coordinates":[[[4.947642,52.374426],[4.947716,52.374177],[4.947721,52.374178],[4.947722,52.374175],[4.94765,52.374167],[4.947574,52.374423],[4.947646,52.374431],[4.947647,52.374428],[4.947642,52.374426]]]}},{"type":"Feature","properties":{"class":"building","osm_id":"way/277950674","building":"house"},"geometry":{"type":"Polygon","coordinates":[[[4.948638,52.374409],[4.948675,52.374283],[4.948614,52.374274],[4.948576,52.374402],[4.948638,52.374409]]]}},{"type":"Feature","properties":{"class":"building","osm_id":"way/277950677","building":"house"},"geometry":{"type":"Polygon","coordinates":[[[4.94801,52.374274],[4.948029,52.374212],[4.948033,52.374212],[4.948033,52.374209],[4.947949,52.3742],[4.947948,52.374203],[4.947952,52.374203],[4.947934,52.374266],[4.94801,52.374274]]]}},{"type":"Feature","properties":{"class":"building","osm_id":"way/277950680","building":"apartments"},"geometry":{"type":"Polygon","coordinates":[[[4.945059,52.373413],[4.945148,52.373113],[4.944111,52.372997],[4.944022,52.373298],[4.945059,52.373413]]]}},{"type":"Feature","properties":{"class":"building","osm_id":"way/277950683","building":"yes"},"geometry":{"type":"Polygon","coordinates":[[[4.946857,52.371506],[4.946912,52.371319],[4.946817,52.371309],[4.946796,52.371377],[4.94668,52.371364],[4.946679,52.371367],[4.946664,52.371366],[4.946658,52.371385],[4.946668,52.371387],[4.946639,52.371482],[4.946857,52.371506]]]}},{"type":"Feature","properties":{"class":"building","osm_id":"way/277950684","building":"apartments"},"geometry":{"type":"Polygon","coordinates":[[[4.937121,52.372897],[4.937198,52.37264],[4.936926,52.37261],[4.936786,52.372635],[4.936722,52.372852],[4.937121,52.372897]]]}},{"type":"Feature","properties":{"class":"building","osm_id":"way/277950688","building":"apartments"},"geometry":{"type":"Polygon","coordinates":[[[4.947645,52.37339],[4.945254,52.373125],[4.94525,52.373125],[4.945161,52.373424],[4.946563,52.37358],[4.947005,52.3735],[4.947006,52.373502],[4.947645,52.37339]]]}},{"type":"Feature","properties":{"class":"building","osm_id":"way/277950690","building":"house"},"geometry":{"type":"Polygon","coordinates":[[[4.948759,52.374997],[4.948779,52.374932],[4.948701,52.374923],[4.948697,52.374934],[4.948703,52.374938],[4.948675,52.37503],[4.948887,52.375053],[4.948899,52.375012],[4.948759,52.374997]]]}},{"type":"Feature","properties":{"class":"building","osm_id":"way/277950696","building":"house"},"geometry":{"type":"Polygon","coordinates":[[[4.951553,52.372735],[4.951591,52.372607],[4.95162,52.372611],[4.951629,52.372581],[4.9516,52.372577],[4.951603,52.372567],[4.951566,52.372563],[4.951563,52.372574],[4.951473,52.372564],[4.95141,52.372776],[4.951566,52.372793],[4.951582,52.372738],[4.951553,52.372735]]]}},{"type":"Feature","properties":{"class":"building","osm_id":"way/277950697","building":"house"},"geometry":{"type":"Polygon","coordinates":[[[4.948347,52.373728],[4.948389,52.373587],[4.94831,52.373601],[4.948275,52.37372],[4.948347,52.373728]]]}},{"type":"Feature","properties":{"class":"building","osm_id":"way/277950699","building":"apartments"},"geometry":{"type":"Polygon","coordinates":[[[4.951355,52.372005],[4.951425,52.371769],[4.949595,52.371566],[4.949525,52.371802],[4.951355,52.372005]]]}},{"type":"Feature","properties":{"class":"building","osm_id":"way/277950711","building":"house"},"geometry":{"type":"Polygon","coordinates":[[[4.948779,52.373596],[4.948801,52.373518],[4.948751,52.373514],[4.948745,52.373536],[4.948705,52.373531],[4.948705,52.373536],[4.948708,52.373536],[4.94868,52.373629],[4.948958,52.37366],[4.948961,52.373616],[4.948779,52.373596]]]}},{"type":"Feature","properties":{"class":"building","osm_id":"way/277950713","building":"apartments"},"geometry":{"type":"Polygon","coordinates":[[[4.93932,52.373137],[4.939394,52.372887],[4.939398,52.372888],[4.939398,52.372885],[4.939314,52.372876],[4.939313,52.372878],[4.939317,52.372879],[4.939243,52.37313],[4.939239,52.373129],[4.939238,52.373132],[4.939322,52.373142],[4.939323,52.373139],[4.93932,52.373137]]]}},{"type":"Feature","properties":{"class":"building","osm_id":"way/277950720","building":"house"},"geometry":{"type":"Polygon","coordinates":[[[4.94156,52.371679],[4.94166,52.371336],[4.941662,52.371334],[4.941594,52.371326],[4.941494,52.371664],[4.941487,52.371663],[4.941485,52.37167],[4.94156,52.371679]]]}},{"type":"Feature","properties":{"class":"building","osm_id":"way/277950726","building":"apartments"},"geometry":{"type":"Polygon","coordinates":[[[4.939164,52.37312],[4.939237,52.37287],[4.939241,52.37287],[4.939242,52.372868],[4.939158,52.372858],[4.939157,52.372861],[4.939161,52.372861],[4.939087,52.373112],[4.939083,52.373112],[4.939082,52.373115],[4.939166,52.373124],[4.939167,52.373121],[4.939164,52.37312]]]}},{"type":"Feature","properties":{"class":"building","osm_id":"way/277950733","building":"apartments"},"geometry":{"type":"Polygon","coordinates":[[[4.939008,52.373102],[4.939082,52.372853],[4.939085,52.372853],[4.939086,52.37285],[4.939002,52.372841],[4.939001,52.372844],[4.939005,52.372844],[4.938931,52.373094],[4.938926,52.373097],[4.93901,52.373107],[4.939011,52.373104],[4.939008,52.373102]]]}},{"type":"Feature","properties":{"class":"building","osm_id":"way/277950734","building":"house"},"geometry":{"type":"Polygon","coordinates":[[[4.948962,52.3748],[4.948976,52.374752],[4.948919,52.374748],[4.94892,52.374746],[4.948764,52.374729],[4.948728,52.374856],[4.948722,52.374858],[4.948719,52.374866],[4.948796,52.374874],[4.948822,52.374785],[4.948962,52.3748]]]}},{"type":"Feature","properties":{"class":"building","osm_id":"way/277950735","building":"apartments"},"geometry":{"type":"Polygon","coordinates":[[[4.939473,52.373155],[4.939547,52.372904],[4.939551,52.372905],[4.939552,52.372902],[4.93947,52.372893],[4.939469,52.372896],[4.939473,52.372898],[4.939399,52.373147],[4.939395,52.373147],[4.939394,52.373149],[4.939476,52.373159],[4.939477,52.373156],[4.939473,52.373155]]]}},{"type":"Feature","properties":{"class":"building","osm_id":"way/277950739","building":"apartments"},"geometry":{"type":"Polygon","coordinates":[[[4.937063,52.37176],[4.937146,52.371413],[4.936947,52.371399],[4.936831,52.371889],[4.937762,52.371984],[4.937765,52.371885],[4.937745,52.371883],[4.937761,52.371814],[4.937438,52.371785],[4.937436,52.371795],[4.937063,52.37176]]]}},{"type":"Feature","properties":{"class":"building","osm_id":"way/277950743","building":"apartments"},"geometry":{"type":"Polygon","coordinates":[[[4.94742,52.374041],[4.947496,52.373784],[4.947434,52.373777],[4.947432,52.373784],[4.947351,52.373775],[4.947353,52.373768],[4.947265,52.373784],[4.947214,52.373959],[4.947073,52.373943],[4.947058,52.374],[4.94742,52.374041]]]}},{"type":"Feature","properties":{"class":"building","osm_id":"way/277950760","building":"apartments"},"geometry":{"type":"Polygon","coordinates":[[[4.946146,52.374265],[4.946224,52.374009],[4.946156,52.374001],[4.946154,52.374008],[4.946074,52.373999],[4.946076,52.373992],[4.945986,52.374008],[4.945935,52.374182],[4.945795,52.374167],[4.94578,52.374224],[4.946146,52.374265]]]}},{"type":"Feature","properties":{"class":"building","osm_id":"way/277950761","building":"apartments"},"geometry":{"type":"Polygon","coordinates":[[[4.948728,52.374856],[4.948764,52.374729],[4.947664,52.374607],[4.947575,52.374907],[4.948675,52.37503],[4.948703,52.374938],[4.948697,52.374934],[4.948722,52.374858],[4.948728,52.374856]]]}},{"type":"Feature","properties":{"class":"building","osm_id":"way/277950766","building":"apartments"},"geometry":{"type":"Polygon","coordinates":[[[4.940912,52.371606],[4.941015,52.371262],[4.940852,52.371244],[4.940835,52.371304],[4.940756,52.371295],[4.940749,52.371322],[4.940799,52.371327],[4.940795,52.37134],[4.940823,52.371344],[4.940779,52.371488],[4.940752,52.371485],[4.940748,52.371499],[4.940697,52.371493],[4.94069,52.371519],[4.940768,52.371528],[4.94075,52.371588],[4.940912,52.371606]]]}},{"type":"Feature","properties":{"class":"building","osm_id":"way/277950780","building":"apartments"},"geometry":{"type":"Polygon","coordinates":[[[4.944954,52.373767],[4.945031,52.37351],[4.945022,52.373509],[4.94502,52.373517],[4.944985,52.373513],[4.944987,52.373506],[4.944961,52.373503],[4.944959,52.37351],[4.944924,52.373506],[4.944926,52.373499],[4.944901,52.373496],[4.944898,52.373504],[4.944863,52.3735],[4.944865,52.373492],[4.94484,52.373489],[4.944838,52.373497],[4.944802,52.373493],[4.944805,52.373485],[4.944779,52.373482],[4.944777,52.37349],[4.944742,52.373486],[4.944744,52.373478],[4.944719,52.373476],[4.944716,52.373483],[4.944681,52.373479],[4.944683,52.373472],[4.944658,52.373469],[4.944656,52.373477],[4.944621,52.373473],[4.944623,52.373465],[4.944597,52.373462],[4.944595,52.37347],[4.94456,52.373466],[4.944562,52.373458],[4.944537,52.373455],[4.944534,52.373463],[4.944499,52.373459],[4.944502,52.373452],[4.944476,52.373449],[4.944474,52.373456],[4.944439,52.373452],[4.944441,52.373445],[4.944415,52.373442],[4.944413,52.373449],[4.944378,52.373446],[4.94438,52.373438],[4.944352,52.373435],[4.94435,52.373443],[4.944315,52.373439],[4.944317,52.373431],[4.944292,52.373428],[4.944289,52.373436],[4.944254,52.373432],[4.944256,52.373424],[4.944231,52.373421],[4.944229,52.373429],[4.944193,52.373425],[4.944196,52.373418],[4.94417,52.373415],[4.944168,52.373422],[4.944133,52.373418],[4.944135,52.373411],[4.944109,52.373408],[4.944107,52.373416],[4.944072,52.373412],[4.944074,52.373404],[4.944049,52.373401],[4.944047,52.373409],[4.944011,52.373405],[4.944014,52.373397],[4.943988,52.373395],[4.943986,52.373402],[4.943951,52.373398],[4.943953,52.373391],[4.943925,52.373387],[4.943923,52.373395],[4.943888,52.373391],[4.94389,52.373384],[4.943865,52.373381],[4.943862,52.373388],[4.943827,52.373384],[4.943829,52.373377],[4.943804,52.373374],[4.943802,52.373382],[4.943766,52.373378],[4.943768,52.37337],[4.943743,52.373367],[4.943741,52.373375],[4.943706,52.373371],[4.943708,52.373363],[4.943682,52.373361],[4.94368,52.373368],[4.943645,52.373364],[4.943647,52.373357],[4.943622,52.373354],[4.94362,52.373362],[4.943584,52.373357],[4.943587,52.37335],[4.943561,52.373347],[4.943559,52.373355],[4.943524,52.373351],[4.943526,52.373343],[4.943501,52.37334],[4.943498,52.373348],[4.943463,52.373344],[4.943465,52.373336],[4.94344,52.373334],[4.943365,52.373591],[4.943389,52.373594],[4.943391,52.373586],[4.943427,52.37359],[4.943424,52.373597],[4.943449,52.3736],[4.943452,52.373593],[4.943487,52.373597],[4.943485,52.373604],[4.94351,52.373607],[4.943512,52.373599],[4.943548,52.373603],[4.943546,52.373611],[4.943571,52.373614],[4.943573,52.373606],[4.943609,52.37361],[4.943606,52.373618],[4.943632,52.373621],[4.943634,52.373613],[4.943669,52.373617],[4.943667,52.373624],[4.943692,52.373627],[4.943713,52.373556],[4.943748,52.37356],[4.943727,52.373631],[4.943753,52.373634],[4.943755,52.373626],[4.943791,52.37363],[4.943788,52.373638],[4.943813,52.373641],[4.943816,52.373633],[4.943851,52.373637],[4.943849,52.373644],[4.943877,52.373647],[4.943879,52.37364],[4.943914,52.373644],[4.943912,52.373651],[4.943937,52.373654],[4.94394,52.373646],[4.943975,52.37365],[4.943973,52.373658],[4.943998,52.373661],[4.944,52.373653],[4.944036,52.373657],[4.944033,52.373665],[4.944059,52.373668],[4.944061,52.37366],[4.944096,52.373664],[4.944094,52.373672],[4.944119,52.373674],[4.944121,52.373667],[4.944157,52.373671],[4.944155,52.373678],[4.94418,52.373681],[4.944182,52.373674],[4.944218,52.373677],[4.944215,52.373685],[4.944241,52.373688],[4.944243,52.37368],[4.944278,52.373684],[4.944276,52.373692],[4.944304,52.373695],[4.944306,52.373687],[4.944341,52.373691],[4.944339,52.373699],[4.944364,52.373702],[4.944367,52.373694],[4.944402,52.373698],[4.9444,52.373705],[4.944425,52.373708],[4.944427,52.373701],[4.944463,52.373705],[4.94446,52.373712],[4.944486,52.373715],[4.944488,52.373707],[4.944523,52.373711],[4.944521,52.373719],[4.944546,52.373722],[4.944549,52.373714],[4.944584,52.373718],[4.944582,52.373726],[4.944607,52.373729],[4.944609,52.373721],[4.944645,52.373725],[4.944642,52.373732],[4.944668,52.373735],[4.94467,52.373728],[4.944705,52.373731],[4.944703,52.373739],[4.944728,52.373742],[4.944731,52.373734],[4.944766,52.373738],[4.944764,52.373746],[4.944789,52.373749],[4.944791,52.373741],[4.944827,52.373745],[4.944824,52.373753],[4.94485,52.373756],[4.944852,52.373748],[4.944887,52.373752],[4.944885,52.373759],[4.94491,52.373762],[4.944913,52.373754],[4.944948,52.373758],[4.944946,52.373766],[4.944954,52.373767]]]}},{"type":"Feature","properties":{"class":"building","osm_id":"way/277950799","building":"apartments"},"geometry":{"type":"Polygon","coordinates":[[[4.940623,52.371471],[4.940666,52.371326],[4.940694,52.371329],[4.940698,52.371316],[4.940749,52.371322],[4.940756,52.371295],[4.940678,52.371286],[4.940696,52.371226],[4.94054,52.371209],[4.940523,52.371268],[4.940499,52.371266],[4.940487,52.371304],[4.940511,52.371307],[4.940438,52.371553],[4.940594,52.371571],[4.940612,52.371511],[4.94069,52.371519],[4.940697,52.371493],[4.940647,52.371487],[4.940651,52.371474],[4.940623,52.371471]]]}},{"type":"Feature","properties":{"class":"building","osm_id":"way/277950800","building":"apartments"},"geometry":{"type":"Polygon","coordinates":[[[4.948625,52.373809],[4.948708,52.373536],[4.948705,52.373536],[4.948705,52.373531],[4.948699,52.373532],[4.948695,52.373546],[4.948678,52.373548],[4.948681,52.373536],[4.94862,52.373546],[4.948562,52.373743],[4.948349,52.373719],[4.948333,52.373776],[4.948625,52.373809]]]}},{"type":"Feature","properties":{"class":"building","osm_id":"way/277950814","building":"apartments"},"geometry":{"type":"Polygon","coordinates":[[[4.93619,52.371826],[4.936237,52.371629],[4.936272,52.371629],[4.936278,52.371398],[4.936232,52.371398],[4.936233,52.371356],[4.936246,52.371356],[4.936249,52.371234],[4.936082,52.371233],[4.936072,52.371654],[4.936065,52.371654],[4.936063,52.371662],[4.935766,52.371637],[4.935768,52.371627],[4.935567,52.371607],[4.935096,52.371567],[4.93506,52.371717],[4.93619,52.371826]]]}},{"type":"Feature","properties":{"class":"building","osm_id":"way/277950815","building":"apartments"},"geometry":{"type":"Polygon","coordinates":[[[4.948704,52.371711],[4.948739,52.371593],[4.947973,52.371508],[4.947938,52.371626],[4.94794,52.371626],[4.947945,52.371608],[4.948023,52.371617],[4.948017,52.371635],[4.948092,52.371643],[4.948097,52.371625],[4.948152,52.371631],[4.948147,52.371649],[4.948222,52.371657],[4.948227,52.371639],[4.948283,52.371645],[4.948277,52.371664],[4.948352,52.371672],[4.948358,52.371654],[4.948413,52.37166],[4.948408,52.371678],[4.948482,52.371686],[4.948488,52.371668],[4.948543,52.371674],[4.948537,52.371692],[4.948612,52.371701],[4.948618,52.371682],[4.948673,52.371688],[4.948667,52.371707],[4.948704,52.371711]]]}},{"type":"Feature","properties":{"class":"building","osm_id":"way/277950816","building":"apartments"},"geometry":{"type":"Polygon","coordinates":[[[4.948739,52.371593],[4.948774,52.371475],[4.948737,52.371471],[4.948732,52.371489],[4.948677,52.371483],[4.948682,52.371465],[4.948607,52.371456],[4.948602,52.371475],[4.948547,52.371469],[4.948552,52.37145],[4.948478,52.371442],[4.948472,52.371461],[4.948417,52.371454],[4.948422,52.371436],[4.948347,52.371428],[4.948342,52.371446],[4.948287,52.37144],[4.948292,52.371421],[4.948217,52.371413],[4.948212,52.371431],[4.948157,52.371425],[4.948162,52.371407],[4.948087,52.371399],[4.948082,52.371417],[4.948004,52.371408],[4.94801,52.37139],[4.948008,52.37139],[4.947973,52.371508],[4.948739,52.371593]]]}},{"type":"Feature","properties":{"class":"building","osm_id":"way/277950817","building":"school"},"geometry":{"type":"Polygon","coordinates":[[[4.938221,52.372522],[4.938224,52.372383],[4.938214,52.372383],[4.938226,52.37234],[4.937232,52.37252],[4.937242,52.372522],[4.937248,52.372527],[4.937228,52.372531],[4.937225,52.372542],[4.9375,52.372573],[4.93751,52.372593],[4.937577,52.372582],[4.938218,52.372653],[4.938251,52.372543],[4.938199,52.372537],[4.938205,52.372521],[4.938221,52.372522]]]}},{"type":"Feature","properties":{"class":"building","osm_id":"way/277950821","building":"yes"},"geometry":{"type":"Polygon","coordinates":[[[4.943364,52.373499],[4.943367,52.373492],[4.943365,52.373486],[4.943349,52.373478],[4.943329,52.37348],[4.94332,52.37349],[4.943323,52.3735],[4.943336,52.373506],[4.943352,52.373506],[4.943364,52.373499]]]}},{"type":"Feature","properties":{"class":"building","osm_id":"way/277950823","building":"house"},"geometry":{"type":"Polygon","coordinates":[[[4.946696,52.37396],[4.94672,52.37388],[4.946429,52.373931],[4.946696,52.37396]]]}},{"type":"Feature","properties":{"class":"building","osm_id":"way/277950824","building":"house"},"geometry":{"type":"Polygon","coordinates":[[[4.947972,52.373736],[4.947996,52.373656],[4.947705,52.373707],[4.947972,52.373736]]]}},{"type":"Feature","properties":{"class":"building","osm_id":"way/277950825","building":"yes"},"geometry":{"type":"Polygon","coordinates":[[[4.939716,52.373473],[4.939747,52.373367],[4.93889,52.373271],[4.938859,52.373377],[4.939716,52.373473]]]}},{"type":"Feature","properties":{"class":"building","osm_id":"way/277950828","building":"apartments"},"geometry":{"type":"Polygon","coordinates":[[[4.937587,52.371742],[4.937595,52.371367],[4.937614,52.371367],[4.937617,52.371246],[4.937399,52.371244],[4.937388,52.371769],[4.937564,52.37177],[4.937564,52.371767],[4.937586,52.371767],[4.937586,52.371758],[4.937706,52.371759],[4.937704,52.371767],[4.937895,52.371766],[4.937894,52.371835],[4.938138,52.371836],[4.938176,52.371839],[4.938187,52.371312],[4.938183,52.371312],[4.938185,52.371252],[4.938188,52.37125],[4.937939,52.371249],[4.937937,52.37137],[4.937963,52.37137],[4.937959,52.371573],[4.937751,52.371571],[4.93771,52.371743],[4.937587,52.371742]]]}},{"type":"Feature","properties":{"class":"building","osm_id":"way/277950841","building":"apartments"},"geometry":{"type":"Polygon","coordinates":[[[4.940796,52.37294],[4.940886,52.37264],[4.940825,52.372633],[4.940735,52.372933],[4.940796,52.37294]]]}},{"type":"Feature","properties":{"class":"building","osm_id":"way/277950842","building":"house"},"geometry":{"type":"Polygon","coordinates":[[[4.94671,52.374195],[4.946748,52.374068],[4.946683,52.37406],[4.946644,52.374188],[4.94671,52.374195]]]}},{"type":"Feature","properties":{"class":"building","osm_id":"way/277950844","building":"house"},"geometry":{"type":"Polygon","coordinates":[[[4.943741,52.373785],[4.943757,52.373734],[4.943691,52.373727],[4.943676,52.373778],[4.943741,52.373785]]]}},{"type":"Feature","properties":{"class":"building","osm_id":"way/277950846","building":"apartments"},"geometry":{"type":"Polygon","coordinates":[[[4.939401,52.372785],[4.939491,52.372484],[4.93943,52.372477],[4.939341,52.372778],[4.939401,52.372785]]]}},{"type":"Feature","properties":{"class":"building","osm_id":"way/277950847","building":"house"},"geometry":{"type":"Polygon","coordinates":[[[4.940563,52.373279],[4.940588,52.373196],[4.940527,52.373189],[4.940503,52.373273],[4.940563,52.373279]]]}},{"type":"Feature","properties":{"class":"building","osm_id":"way/277950848","building":"house"},"geometry":{"type":"Polygon","coordinates":[[[4.940136,52.373232],[4.940161,52.373149],[4.9401,52.373142],[4.940075,52.373225],[4.940136,52.373232]]]}},{"type":"Feature","properties":{"class":"building","osm_id":"way/277950849","building":"house"},"geometry":{"type":"Polygon","coordinates":[[[4.947519,52.373922],[4.947558,52.373791],[4.947496,52.373784],[4.947457,52.373916],[4.947519,52.373922]]]}},{"type":"Feature","properties":{"class":"building","osm_id":"way/277950850","building":"house"},"geometry":{"type":"Polygon","coordinates":[[[4.940075,52.373225],[4.9401,52.373142],[4.940039,52.373135],[4.940015,52.373218],[4.940075,52.373225]]]}},{"type":"Feature","properties":{"class":"building","osm_id":"way/277950851","building":"house"},"geometry":{"type":"Polygon","coordinates":[[[4.94032,52.373253],[4.940345,52.373169],[4.940284,52.373162],[4.94026,52.373246],[4.94032,52.373253]]]}},{"type":"Feature","properties":{"class":"building","osm_id":"way/277950852","building":"house"},"geometry":{"type":"Polygon","coordinates":[[[4.937673,52.373191],[4.937711,52.373063],[4.937633,52.373054],[4.937595,52.373182],[4.937673,52.373191]]]}},{"type":"Feature","properties":{"class":"building","osm_id":"way/277950853","building":"apartments"},"geometry":{"type":"Polygon","coordinates":[[[4.940735,52.372933],[4.940825,52.372633],[4.940763,52.372626],[4.940674,52.372927],[4.940735,52.372933]]]}},{"type":"Feature","properties":{"class":"building","osm_id":"way/277950855","building":"house"},"geometry":{"type":"Polygon","coordinates":[[[4.937709,52.372962],[4.937747,52.372833],[4.937682,52.372826],[4.937644,52.372954],[4.937709,52.372962]]]}},{"type":"Feature","properties":{"class":"building","osm_id":"way/277950856","building":"house"},"geometry":{"type":"Polygon","coordinates":[[[4.948248,52.374132],[4.948285,52.374005],[4.948224,52.373998],[4.948187,52.374125],[4.948248,52.374132]]]}},{"type":"Feature","properties":{"class":"building","osm_id":"way/277950857","building":"house"},"geometry":{"type":"Polygon","coordinates":[[[4.947415,52.374273],[4.947453,52.374145],[4.947387,52.374138],[4.947349,52.374266],[4.947415,52.374273]]]}},{"type":"Feature","properties":{"class":"building","osm_id":"way/277950859","building":"house"},"geometry":{"type":"Polygon","coordinates":[[[4.947435,52.374892],[4.947487,52.374715],[4.947418,52.374707],[4.947365,52.374884],[4.947435,52.374892]]]}},{"type":"Feature","properties":{"class":"building","osm_id":"way/277950862","building":"apartments"},"geometry":{"type":"Polygon","coordinates":[[[4.947566,52.372027],[4.947608,52.371886],[4.947535,52.371877],[4.947493,52.372019],[4.947566,52.372027]]]}},{"type":"Feature","properties":{"class":"building","osm_id":"way/277950863","building":"house"},"geometry":{"type":"Polygon","coordinates":[[[4.946212,52.374272],[4.946251,52.374143],[4.946185,52.374135],[4.946146,52.374265],[4.946212,52.374272]]]}},{"type":"Feature","properties":{"class":"building","osm_id":"way/277950866","building":"house"},"geometry":{"type":"Polygon","coordinates":[[[4.94779,52.374082],[4.947828,52.373956],[4.947766,52.373949],[4.947729,52.374075],[4.94779,52.374082]]]}},{"type":"Feature","properties":{"class":"building","osm_id":"way/277950867","building":"apartments"},"geometry":{"type":"Polygon","coordinates":[[[4.94334,52.371877],[4.943392,52.371705],[4.94329,52.371694],[4.943239,52.371866],[4.94334,52.371877]]]}},{"type":"Feature","properties":{"class":"building","osm_id":"way/277950868","building":"house"},"geometry":{"type":"Polygon","coordinates":[[[4.948353,52.37451],[4.948391,52.374381],[4.948329,52.374375],[4.948291,52.374503],[4.948353,52.37451]]]}},{"type":"Feature","properties":{"class":"building","osm_id":"way/277950870","building":"house"},"geometry":{"type":"Polygon","coordinates":[[[4.947154,52.373916],[4.947189,52.373797],[4.947113,52.37381],[4.947084,52.373908],[4.947154,52.373916]]]}},{"type":"Feature","properties":{"class":"building","osm_id":"way/277950871","building":"house"},"geometry":{"type":"Polygon","coordinates":[[[4.937205,52.373139],[4.937243,52.373011],[4.937165,52.373002],[4.937127,52.37313],[4.937205,52.373139]]]}},{"type":"Feature","properties":{"class":"building","osm_id":"way/277950872","building":"house"},"geometry":{"type":"Polygon","coordinates":[[[4.946447,52.374165],[4.946486,52.374038],[4.946421,52.374031],[4.946382,52.374158],[4.946447,52.374165]]]}},{"type":"Feature","properties":{"class":"building","osm_id":"way/277950874","building":"house"},"geometry":{"type":"Polygon","coordinates":[[[4.94682,52.374668],[4.946864,52.374518],[4.946803,52.374511],[4.946759,52.374662],[4.94682,52.374668]]]}},{"type":"Feature","properties":{"class":"building","osm_id":"way/277950875","building":"house"},"geometry":{"type":"Polygon","coordinates":[[[4.948908,52.374046],[4.948912,52.373994],[4.948736,52.373974],[4.948721,52.374026],[4.948908,52.374046]]]}},{"type":"Feature","properties":{"class":"building","osm_id":"way/277950876","building":"house"},"geometry":{"type":"Polygon","coordinates":[[[4.937524,52.372903],[4.937535,52.372867],[4.937393,52.372851],[4.937382,52.372888],[4.937524,52.372903]]]}},{"type":"Feature","properties":{"class":"building","osm_id":"way/277950877","building":"house"},"geometry":{"type":"Polygon","coordinates":[[[4.951751,52.372493],[4.951792,52.372352],[4.951719,52.372343],[4.951677,52.372485],[4.951751,52.372493]]]}},{"type":"Feature","properties":{"class":"building","osm_id":"way/277950878","building":"house"},"geometry":{"type":"Polygon","coordinates":[[[4.940503,52.373273],[4.940527,52.373189],[4.940466,52.373182],[4.94044,52.373266],[4.940503,52.373273]]]}},{"type":"Feature","properties":{"class":"building","osm_id":"way/277950880","building":"house"},"geometry":{"type":"Polygon","coordinates":[[[4.946027,52.37458],[4.946072,52.37443],[4.94601,52.374423],[4.945966,52.374573],[4.946027,52.37458]]]}},{"type":"Feature","properties":{"class":"building","osm_id":"way/277950881","building":"house"},"geometry":{"type":"Polygon","coordinates":[[[4.950084,52.372308],[4.950126,52.372166],[4.950052,52.372158],[4.95001,52.3723],[4.950084,52.372308]]]}},{"type":"Feature","properties":{"class":"building","osm_id":"way/277950882","building":"house"},"geometry":{"type":"Polygon","coordinates":[[[4.94823,52.374496],[4.948268,52.374368],[4.948206,52.374361],[4.948168,52.374489],[4.94823,52.374496]]]}},{"type":"Feature","properties":{"class":"building","osm_id":"way/277950883","building":"apartments"},"geometry":{"type":"Polygon","coordinates":[[[4.951098,52.37242],[4.95114,52.372279],[4.951079,52.372272],[4.951037,52.372414],[4.951098,52.37242]]]}},{"type":"Feature","properties":{"class":"building","osm_id":"way/277950884","building":"apartments"},"geometry":{"type":"Polygon","coordinates":[[[4.939037,52.372744],[4.939126,52.372443],[4.939065,52.372437],[4.938976,52.372737],[4.939037,52.372744]]]}},{"type":"Feature","properties":{"class":"building","osm_id":"way/277950885","building":"house"},"geometry":{"type":"Polygon","coordinates":[[[4.946411,52.374778],[4.946455,52.374628],[4.946394,52.374621],[4.94635,52.374771],[4.946411,52.374778]]]}},{"type":"Feature","properties":{"class":"building","osm_id":"way/277950886","building":"house"},"geometry":{"type":"Polygon","coordinates":[[[4.94615,52.374594],[4.946194,52.374443],[4.946133,52.374437],[4.946088,52.374587],[4.94615,52.374594]]]}},{"type":"Feature","properties":{"class":"building","osm_id":"way/277950889","building":"house"},"geometry":{"type":"Polygon","coordinates":[[[4.946759,52.374662],[4.946803,52.374511],[4.946742,52.374504],[4.946698,52.374655],[4.946759,52.374662]]]}},{"type":"Feature","properties":{"class":"building","osm_id":"way/277950890","building":"house"},"geometry":{"type":"Polygon","coordinates":[[[4.942237,52.37383],[4.94225,52.373787],[4.942035,52.373764],[4.941992,52.373803],[4.942237,52.37383]]]}},{"type":"Feature","properties":{"class":"building","osm_id":"way/277950892","building":"house"},"geometry":{"type":"Polygon","coordinates":[[[4.948951,52.373747],[4.948955,52.373703],[4.948661,52.373692],[4.948647,52.37374],[4.948951,52.373747]]]}},{"type":"Feature","properties":{"class":"building","osm_id":"way/277950893","building":"house"},"geometry":{"type":"Polygon","coordinates":[[[4.943165,52.371623],[4.9432,52.371505],[4.943128,52.371497],[4.943093,52.371615],[4.943165,52.371623]]]}},{"type":"Feature","properties":{"class":"building","osm_id":"way/277950895","building":"house"},"geometry":{"type":"Polygon","coordinates":[[[4.936855,52.373232],[4.936893,52.373104],[4.936815,52.373096],[4.936777,52.373224],[4.936855,52.373232]]]}},{"type":"Feature","properties":{"class":"building","osm_id":"way/277950896","building":"house"},"geometry":{"type":"Polygon","coordinates":[[[4.937969,52.372991],[4.938007,52.372862],[4.937941,52.372855],[4.937904,52.372983],[4.937969,52.372991]]]}},{"type":"Feature","properties":{"class":"building","osm_id":"way/277950897","building":"house"},"geometry":{"type":"Polygon","coordinates":[[[4.9489,52.374151],[4.948904,52.374099],[4.948706,52.374077],[4.948691,52.374128],[4.9489,52.374151]]]}},{"type":"Feature","properties":{"class":"building","osm_id":"way/277950898","building":"house"},"geometry":{"type":"Polygon","coordinates":[[[4.937713,52.373328],[4.937752,52.373199],[4.937673,52.373191],[4.937635,52.373319],[4.937713,52.373328]]]}},{"type":"Feature","properties":{"class":"building","osm_id":"way/277950899","building":"house"},"geometry":{"type":"Polygon","coordinates":[[[4.946605,52.374316],[4.946644,52.374188],[4.946579,52.37418],[4.94654,52.374308],[4.946605,52.374316]]]}},{"type":"Feature","properties":{"class":"building","osm_id":"way/277950900","building":"house"},"geometry":{"type":"Polygon","coordinates":[[[4.945799,52.37471],[4.945843,52.37456],[4.945782,52.374553],[4.945738,52.374703],[4.945799,52.37471]]]}},{"type":"Feature","properties":{"class":"building","osm_id":"way/277950901","building":"house"},"geometry":{"type":"Polygon","coordinates":[[[4.945562,52.3742],[4.945598,52.374076],[4.945519,52.37409],[4.945489,52.374192],[4.945562,52.3742]]]}},{"type":"Feature","properties":{"class":"building","osm_id":"way/277950904","building":"apartments"},"geometry":{"type":"Polygon","coordinates":[[[4.943646,52.371911],[4.943697,52.371739],[4.943595,52.371728],[4.943544,52.3719],[4.943646,52.371911]]]}},{"type":"Feature","properties":{"class":"building","osm_id":"way/277950905","building":"house"},"geometry":{"type":"Polygon","coordinates":[[[4.943287,52.373947],[4.943325,52.373819],[4.943259,52.373811],[4.943221,52.37394],[4.943287,52.373947]]]}},{"type":"Feature","properties":{"class":"building","osm_id":"way/277950906","building":"apartments"},"geometry":{"type":"Polygon","coordinates":[[[4.940126,52.372866],[4.940216,52.372565],[4.940151,52.372557],[4.940062,52.372858],[4.940126,52.372866]]]}},{"type":"Feature","properties":{"class":"building","osm_id":"way/277950907","building":"house"},"geometry":{"type":"Polygon","coordinates":[[[4.948989,52.372186],[4.949031,52.372045],[4.948961,52.372037],[4.948918,52.372178],[4.948989,52.372186]]]}},{"type":"Feature","properties":{"class":"building","osm_id":"way/277950908","building":"house"},"geometry":{"type":"Polygon","coordinates":[[[4.940373,52.373076],[4.940397,52.372996],[4.940336,52.372989],[4.940312,52.373069],[4.940373,52.373076]]]}},{"type":"Feature","properties":{"class":"building","osm_id":"way/277950909","building":"apartments"},"geometry":{"type":"Polygon","coordinates":[[[4.944816,52.371864],[4.944867,52.371691],[4.944765,52.37168],[4.944714,52.371852],[4.944816,52.371864]]]}},{"type":"Feature","properties":{"class":"building","osm_id":"way/277950910","building":"apartments"},"geometry":{"type":"Polygon","coordinates":[[[4.943098,52.37185],[4.943165,52.371623],[4.943093,52.371615],[4.943025,52.371842],[4.943098,52.37185]]]}},{"type":"Feature","properties":{"class":"building","osm_id":"way/277950911","building":"house"},"geometry":{"type":"Polygon","coordinates":[[[4.937579,52.37272],[4.937589,52.372684],[4.937447,52.372668],[4.937436,52.372705],[4.937579,52.37272]]]}},{"type":"Feature","properties":{"class":"building","osm_id":"way/277950913","building":"house"},"geometry":{"type":"Polygon","coordinates":[[[4.937361,52.373156],[4.937399,52.373028],[4.937321,52.373019],[4.937283,52.373148],[4.937361,52.373156]]]}},{"type":"Feature","properties":{"class":"building","osm_id":"way/277950914","building":"house"},"geometry":{"type":"Polygon","coordinates":[[[4.939711,52.373185],[4.939736,52.373101],[4.939675,52.373095],[4.93965,52.373178],[4.939711,52.373185]]]}},{"type":"Feature","properties":{"class":"building","osm_id":"way/277950915","building":"house"},"geometry":{"type":"Polygon","coordinates":[[[4.940555,52.373097],[4.940579,52.373016],[4.940518,52.37301],[4.940494,52.37309],[4.940555,52.373097]]]}},{"type":"Feature","properties":{"class":"building","osm_id":"way/277950919","building":"house"},"geometry":{"type":"Polygon","coordinates":[[[4.948264,52.372105],[4.948306,52.371963],[4.948232,52.371955],[4.94819,52.372097],[4.948264,52.372105]]]}},{"type":"Feature","properties":{"class":"building","osm_id":"way/277950920","building":"house"},"geometry":{"type":"Polygon","coordinates":[[[4.942575,52.371519],[4.942598,52.371443],[4.942539,52.371436],[4.942517,52.371512],[4.942575,52.371519]]]}},{"type":"Feature","properties":{"class":"building","osm_id":"way/277950921","building":"house"},"geometry":{"type":"Polygon","coordinates":[[[4.942188,52.371749],[4.942212,52.371669],[4.942148,52.371662],[4.942124,52.371742],[4.942188,52.371749]]]}},{"type":"Feature","properties":{"class":"building","osm_id":"way/277950922","building":"house"},"geometry":{"type":"Polygon","coordinates":[[[4.947157,52.374861],[4.947209,52.374684],[4.94714,52.374676],[4.947088,52.374853],[4.947157,52.374861]]]}},{"type":"Feature","properties":{"class":"building","osm_id":"way/277950923","building":"apartments"},"geometry":{"type":"Polygon","coordinates":[[[4.950158,52.372316],[4.9502,52.372174],[4.950126,52.372166],[4.950084,52.372308],[4.950158,52.372316]]]}},{"type":"Feature","properties":{"class":"building","osm_id":"way/277950925","building":"apartments"},"geometry":{"type":"Polygon","coordinates":[[[4.944663,52.372025],[4.944714,52.371852],[4.944612,52.371841],[4.944561,52.372013],[4.944663,52.372025]]]}},{"type":"Feature","properties":{"class":"building","osm_id":"way/277950926","building":"house"},"geometry":{"type":"Polygon","coordinates":[[[4.943352,52.373955],[4.943391,52.373826],[4.943325,52.373819],[4.943287,52.373947],[4.943352,52.373955]]]}},{"type":"Feature","properties":{"class":"building","osm_id":"way/277950927","building":"house"},"geometry":{"type":"Polygon","coordinates":[[[4.947908,52.371501],[4.947943,52.371383],[4.947878,52.371375],[4.947843,52.371493],[4.947908,52.371501]]]}},{"type":"Feature","properties":{"class":"building","osm_id":"way/277950928","building":"house"},"geometry":{"type":"Polygon","coordinates":[[[4.947296,52.374876],[4.947348,52.3747],[4.947279,52.374692],[4.947227,52.374869],[4.947296,52.374876]]]}},{"type":"Feature","properties":{"class":"building","osm_id":"way/277950929","building":"apartments"},"geometry":{"type":"Polygon","coordinates":[[[4.943442,52.371889],[4.943493,52.371716],[4.943392,52.371705],[4.94334,52.371877],[4.943442,52.371889]]]}},{"type":"Feature","properties":{"class":"building","osm_id":"way/277950930","building":"house"},"geometry":{"type":"Polygon","coordinates":[[[4.948492,52.374159],[4.94853,52.374031],[4.948468,52.374025],[4.948431,52.374152],[4.948492,52.374159]]]}},{"type":"Feature","properties":{"class":"building","osm_id":"way/277950931","building":"house"},"geometry":{"type":"Polygon","coordinates":[[[4.946272,52.374607],[4.946317,52.374457],[4.946255,52.37445],[4.946211,52.374601],[4.946272,52.374607]]]}},{"type":"Feature","properties":{"class":"building","osm_id":"way/277950932","building":"house"},"geometry":{"type":"Polygon","coordinates":[[[4.942822,52.373165],[4.942835,52.37312],[4.942744,52.37311],[4.942699,52.373151],[4.942822,52.373165]]]}},{"type":"Feature","properties":{"class":"building","osm_id":"way/277950933","building":"house"},"geometry":{"type":"Polygon","coordinates":[[[4.945921,52.374724],[4.945966,52.374573],[4.945905,52.374567],[4.94586,52.374717],[4.945921,52.374724]]]}},{"type":"Feature","properties":{"class":"building","osm_id":"way/277950934","building":"house"},"geometry":{"type":"Polygon","coordinates":[[[4.948144,52.374354],[4.948163,52.37429],[4.948091,52.374282],[4.948072,52.374346],[4.948144,52.374354]]]}},{"type":"Feature","properties":{"class":"building","osm_id":"way/277950935","building":"apartments"},"geometry":{"type":"Polygon","coordinates":[[[4.938915,52.372731],[4.939004,52.37243],[4.938943,52.372423],[4.938854,52.372724],[4.938915,52.372731]]]}},{"type":"Feature","properties":{"class":"building","osm_id":"way/277950936","building":"apartments"},"geometry":{"type":"Polygon","coordinates":[[[4.940369,52.372893],[4.940459,52.372592],[4.940398,52.372585],[4.940309,52.372886],[4.940369,52.372893]]]}},{"type":"Feature","properties":{"class":"building","osm_id":"way/277950937","building":"house"},"geometry":{"type":"Polygon","coordinates":[[[4.946841,52.373976],[4.946877,52.373852],[4.946798,52.373866],[4.946769,52.373968],[4.946841,52.373976]]]}},{"type":"Feature","properties":{"class":"building","osm_id":"way/277950938","building":"house"},"geometry":{"type":"Polygon","coordinates":[[[4.942735,52.373753],[4.942773,52.373625],[4.942707,52.373618],[4.942669,52.373746],[4.942735,52.373753]]]}},{"type":"Feature","properties":{"class":"building","osm_id":"way/277950939","building":"house"},"geometry":{"type":"Polygon","coordinates":[[[4.948407,52.374018],[4.948446,52.373889],[4.948385,52.373883],[4.948346,52.374012],[4.948407,52.374018]]]}},{"type":"Feature","properties":{"class":"building","osm_id":"way/277950940","building":"house"},"geometry":{"type":"Polygon","coordinates":[[[4.945966,52.374573],[4.94601,52.374423],[4.945949,52.374416],[4.945905,52.374567],[4.945966,52.374573]]]}},{"type":"Feature","properties":{"class":"building","osm_id":"way/277950941","building":"house"},"geometry":{"type":"Polygon","coordinates":[[[4.947581,52.373929],[4.947619,52.373798],[4.947558,52.373791],[4.947519,52.373922],[4.947581,52.373929]]]}},{"type":"Feature","properties":{"class":"building","osm_id":"way/277950942","building":"apartments"},"geometry":{"type":"Polygon","coordinates":[[[4.940978,52.37296],[4.941068,52.37266],[4.941007,52.372653],[4.940917,52.372954],[4.940978,52.37296]]]}},{"type":"Feature","properties":{"class":"building","osm_id":"way/277950943","building":"yes"},"geometry":{"type":"Polygon","coordinates":[[[4.948101,52.374247],[4.948108,52.374224],[4.948077,52.37422],[4.94807,52.374244],[4.948101,52.374247]]]}},{"type":"Feature","properties":{"class":"building","osm_id":"way/277950944","building":"apartments"},"geometry":{"type":"Polygon","coordinates":[[[4.940186,52.372872],[4.940277,52.372572],[4.940216,52.372565],[4.940126,52.372866],[4.940186,52.372872]]]}},{"type":"Feature","properties":{"class":"building","osm_id":"way/277950946","building":"house"},"geometry":{"type":"Polygon","coordinates":[[[4.947283,52.374259],[4.947321,52.37413],[4.947255,52.374123],[4.947218,52.374251],[4.947283,52.374259]]]}},{"type":"Feature","properties":{"class":"building","osm_id":"way/277950947","building":"house"},"geometry":{"type":"Polygon","coordinates":[[[4.937049,52.373122],[4.937087,52.372993],[4.937009,52.372985],[4.936971,52.373113],[4.937049,52.373122]]]}},{"type":"Feature","properties":{"class":"building","osm_id":"way/277950948","building":"house"},"geometry":{"type":"Polygon","coordinates":[[[4.937941,52.372855],[4.93798,52.372727],[4.937915,52.37272],[4.937876,52.372848],[4.937941,52.372855]]]}},{"type":"Feature","properties":{"class":"building","osm_id":"way/277950949","building":"house"},"geometry":{"type":"Polygon","coordinates":[[[4.946775,52.374203],[4.946814,52.374075],[4.946748,52.374068],[4.94671,52.374195],[4.946775,52.374203]]]}},{"type":"Feature","properties":{"class":"building","osm_id":"way/277950951","building":"apartments"},"geometry":{"type":"Polygon","coordinates":[[[4.944307,52.371807],[4.944358,52.371635],[4.944256,52.371623],[4.944205,52.371796],[4.944307,52.371807]]]}},{"type":"Feature","properties":{"class":"building","osm_id":"way/277950952","building":"house"},"geometry":{"type":"Polygon","coordinates":[[[4.937535,52.372867],[4.937546,52.37283],[4.937403,52.372814],[4.937393,52.372851],[4.937535,52.372867]]]}},{"type":"Feature","properties":{"class":"building","osm_id":"way/277950953","building":"house"},"geometry":{"type":"Polygon","coordinates":[[[4.937286,52.372839],[4.937297,52.372803],[4.937154,52.372787],[4.937143,52.372823],[4.937286,52.372839]]]}},{"type":"Feature","properties":{"class":"building","osm_id":"way/277950954","building":"house"},"geometry":{"type":"Polygon","coordinates":[[[4.948291,52.374503],[4.948329,52.374375],[4.948268,52.374368],[4.94823,52.374496],[4.948291,52.374503]]]}},{"type":"Feature","properties":{"class":"building","osm_id":"way/277950955","building":"house"},"geometry":{"type":"Polygon","coordinates":[[[4.942612,52.371797],[4.942636,52.371717],[4.942578,52.37171],[4.942554,52.37179],[4.942612,52.371797]]]}},{"type":"Feature","properties":{"class":"building","osm_id":"way/277950957","building":"house"},"geometry":{"type":"Polygon","coordinates":[[[4.942458,52.371506],[4.942482,52.371426],[4.942418,52.371418],[4.942394,52.371499],[4.942458,52.371506]]]}},{"type":"Feature","properties":{"class":"building","osm_id":"way/277950958","building":"house"},"geometry":{"type":"Polygon","coordinates":[[[4.940006,52.373035],[4.94003,52.372955],[4.93997,52.372948],[4.939947,52.373028],[4.940006,52.373035]]]}},{"type":"Feature","properties":{"class":"building","osm_id":"way/277950960","building":"house"},"geometry":{"type":"Polygon","coordinates":[[[4.946277,52.374279],[4.946317,52.37415],[4.946251,52.374143],[4.946212,52.374272],[4.946277,52.374279]]]}},{"type":"Feature","properties":{"class":"building","osm_id":"way/277950964","building":"house"},"geometry":{"type":"Polygon","coordinates":[[[4.947973,52.371508],[4.948008,52.37139],[4.947943,52.371383],[4.947908,52.371501],[4.947973,52.371508]]]}},{"type":"Feature","properties":{"class":"building","osm_id":"way/277950965","building":"apartments"},"geometry":{"type":"Polygon","coordinates":[[[4.943544,52.3719],[4.943595,52.371728],[4.943493,52.371716],[4.943442,52.371889],[4.943544,52.3719]]]}},{"type":"Feature","properties":{"class":"building","osm_id":"way/277950966","building":"house"},"geometry":{"type":"Polygon","coordinates":[[[4.937401,52.373293],[4.937439,52.373165],[4.937361,52.373156],[4.937323,52.373284],[4.937401,52.373293]]]}},{"type":"Feature","properties":{"class":"building","osm_id":"way/277950967","building":"house"},"geometry":{"type":"Polygon","coordinates":[[[4.950582,52.372363],[4.950624,52.372222],[4.950555,52.372214],[4.950513,52.372355],[4.950582,52.372363]]]}},{"type":"Feature","properties":{"class":"building","osm_id":"way/277950968","building":"apartments"},"geometry":{"type":"Polygon","coordinates":[[[4.939219,52.372764],[4.939308,52.372464],[4.939247,52.372457],[4.939158,52.372758],[4.939219,52.372764]]]}},{"type":"Feature","properties":{"class":"building","osm_id":"way/277950969","building":"house"},"geometry":{"type":"Polygon","coordinates":[[[4.949289,52.371776],[4.949324,52.371658],[4.949256,52.37165],[4.949221,52.371768],[4.949289,52.371776]]]}},{"type":"Feature","properties":{"class":"building","osm_id":"way/277950970","building":"house"},"geometry":{"type":"Polygon","coordinates":[[[4.936777,52.373224],[4.936815,52.373096],[4.936737,52.373087],[4.936699,52.373215],[4.936777,52.373224]]]}},{"type":"Feature","properties":{"class":"building","osm_id":"way/277950971","building":"house"},"geometry":{"type":"Polygon","coordinates":[[[4.947002,52.374689],[4.947046,52.374538],[4.946986,52.374531],[4.946941,52.374682],[4.947002,52.374689]]]}},{"type":"Feature","properties":{"class":"building","osm_id":"way/277950974","building":"house"},"geometry":{"type":"Polygon","coordinates":[[[4.949718,52.372267],[4.94976,52.372126],[4.949687,52.372117],[4.949645,52.372259],[4.949718,52.372267]]]}},{"type":"Feature","properties":{"class":"building","osm_id":"way/277950975","building":"house"},"geometry":{"type":"Polygon","coordinates":[[[4.947678,52.371597],[4.947713,52.371479],[4.947648,52.371472],[4.947613,52.37159],[4.947678,52.371597]]]}},{"type":"Feature","properties":{"class":"building","osm_id":"way/277950976","building":"house"},"geometry":{"type":"Polygon","coordinates":[[[4.951452,52.37246],[4.951493,52.372318],[4.95143,52.372311],[4.951388,52.372453],[4.951452,52.37246]]]}},{"type":"Feature","properties":{"class":"building","osm_id":"way/277950977","building":"house"},"geometry":{"type":"Polygon","coordinates":[[[4.947574,52.374423],[4.947612,52.374295],[4.947546,52.374288],[4.947509,52.374416],[4.947574,52.374423]]]}},{"type":"Feature","properties":{"class":"building","osm_id":"way/277950978","building":"house"},"geometry":{"type":"Polygon","coordinates":[[[4.948961,52.373616],[4.948967,52.373537],[4.948801,52.373518],[4.948779,52.373596],[4.948961,52.373616]]]}},{"type":"Feature","properties":{"class":"building","osm_id":"way/277950979","building":"house"},"geometry":{"type":"Polygon","coordinates":[[[4.93783,52.373208],[4.937868,52.37308],[4.93779,52.373071],[4.937752,52.373199],[4.93783,52.373208]]]}},{"type":"Feature","properties":{"class":"building","osm_id":"way/277950980","building":"house"},"geometry":{"type":"Polygon","coordinates":[[[4.94539,52.371866],[4.945423,52.371753],[4.945353,52.371745],[4.945319,52.371858],[4.94539,52.371866]]]}},{"type":"Feature","properties":{"class":"building","osm_id":"way/277950981","building":"house"},"geometry":{"type":"Polygon","coordinates":[[[4.940128,52.373049],[4.940152,52.372969],[4.940091,52.372962],[4.940067,52.373042],[4.940128,52.373049]]]}},{"type":"Feature","properties":{"class":"building","osm_id":"way/277950983","building":"house"},"geometry":{"type":"Polygon","coordinates":[[[4.946532,52.374792],[4.946576,52.374641],[4.946516,52.374634],[4.946471,52.374785],[4.946532,52.374792]]]}},{"type":"Feature","properties":{"class":"building","osm_id":"way/277950984","building":"house"},"geometry":{"type":"Polygon","coordinates":[[[4.946736,52.37433],[4.946775,52.374203],[4.94671,52.374195],[4.946671,52.374323],[4.946736,52.37433]]]}},{"type":"Feature","properties":{"class":"building","osm_id":"way/277950985","building":"house"},"geometry":{"type":"Polygon","coordinates":[[[4.941887,52.371716],[4.94191,52.371635],[4.94185,52.371629],[4.941826,52.37171],[4.941887,52.371716]]]}},{"type":"Feature","properties":{"class":"building","osm_id":"way/277950986","building":"apartments"},"geometry":{"type":"Polygon","coordinates":[[[4.939462,52.372791],[4.939552,52.372491],[4.939491,52.372484],[4.939401,52.372785],[4.939462,52.372791]]]}},{"type":"Feature","properties":{"class":"building","osm_id":"way/277950987","building":"yes"},"geometry":{"type":"Polygon","coordinates":[[[4.948036,52.374468],[4.948049,52.374425],[4.948007,52.37442],[4.947994,52.374463],[4.948036,52.374468]]]}},{"type":"Feature","properties":{"class":"building","osm_id":"way/277950988","building":"house"},"geometry":{"type":"Polygon","coordinates":[[[4.943522,52.373841],[4.94356,52.373712],[4.943494,52.373705],[4.943456,52.373833],[4.943522,52.373841]]]}},{"type":"Feature","properties":{"class":"building","osm_id":"way/277950989","building":"apartments"},"geometry":{"type":"Polygon","coordinates":[[[4.93928,52.372771],[4.939369,52.37247],[4.939308,52.372464],[4.939219,52.372764],[4.93928,52.372771]]]}},{"type":"Feature","properties":{"class":"building","osm_id":"way/277950990","building":"apartments"},"geometry":{"type":"Polygon","coordinates":[[[4.943595,52.371728],[4.943646,52.371555],[4.943545,52.371544],[4.943493,52.371716],[4.943595,52.371728]]]}},{"type":"Feature","properties":{"class":"building","osm_id":"way/277950991","building":"house"},"geometry":{"type":"Polygon","coordinates":[[[4.946715,52.374812],[4.946759,52.374662],[4.946698,52.374655],[4.946654,52.374805],[4.946715,52.374812]]]}},{"type":"Feature","properties":{"class":"building","osm_id":"way/277950993","building":"house"},"geometry":{"type":"Polygon","coordinates":[[[4.947612,52.374295],[4.94765,52.374167],[4.947584,52.374159],[4.947546,52.374288],[4.947612,52.374295]]]}},{"type":"Feature","properties":{"class":"building","osm_id":"way/277950994","building":"house"},"geometry":{"type":"Polygon","coordinates":[[[4.951037,52.372414],[4.951079,52.372272],[4.950992,52.372263],[4.95095,52.372404],[4.951037,52.372414]]]}},{"type":"Feature","properties":{"class":"building","osm_id":"way/277950996","building":"house"},"geometry":{"type":"Polygon","coordinates":[[[4.947019,52.374846],[4.947063,52.374695],[4.947002,52.374689],[4.946958,52.374839],[4.947019,52.374846]]]}},{"type":"Feature","properties":{"class":"building","osm_id":"way/277950998","building":"house"},"geometry":{"type":"Polygon","coordinates":[[[4.946671,52.374323],[4.94671,52.374195],[4.946644,52.374188],[4.946605,52.374316],[4.946671,52.374323]]]}},{"type":"Feature","properties":{"class":"building","osm_id":"way/277951000","building":"house"},"geometry":{"type":"Polygon","coordinates":[[[4.948955,52.373703],[4.948958,52.37366],[4.94868,52.373629],[4.948661,52.373692],[4.948955,52.373703]]]}},{"type":"Feature","properties":{"class":"building","osm_id":"way/277951002","building":"house"},"geometry":{"type":"Polygon","coordinates":[[[4.951388,52.372453],[4.95143,52.372311],[4.951356,52.372303],[4.951314,52.372445],[4.951388,52.372453]]]}},{"type":"Feature","properties":{"class":"building","osm_id":"way/277951004","building":"house"},"geometry":{"type":"Polygon","coordinates":[[[4.94191,52.371635],[4.941924,52.371587],[4.941864,52.371581],[4.94185,52.371629],[4.94191,52.371635]]]}},{"type":"Feature","properties":{"class":"building","osm_id":"way/277951006","building":"house"},"geometry":{"type":"Polygon","coordinates":[[[4.950877,52.372396],[4.950919,52.372254],[4.950845,52.372246],[4.950803,52.372388],[4.950877,52.372396]]]}},{"type":"Feature","properties":{"class":"building","osm_id":"way/277951007","building":"house"},"geometry":{"type":"Polygon","coordinates":[[[4.942669,52.373746],[4.942707,52.373618],[4.942641,52.37361],[4.942603,52.373739],[4.942669,52.373746]]]}},{"type":"Feature","properties":{"class":"building","osm_id":"way/277951008","building":"house"},"geometry":{"type":"Polygon","coordinates":[[[4.940735,52.373117],[4.940758,52.373036],[4.940703,52.37303],[4.940678,52.373111],[4.940735,52.373117]]]}},{"type":"Feature","properties":{"class":"building","osm_id":"way/277951009","building":"house"},"geometry":{"type":"Polygon","coordinates":[[[4.942554,52.37179],[4.942578,52.37171],[4.94252,52.371704],[4.942496,52.371784],[4.942554,52.37179]]]}},{"type":"Feature","properties":{"class":"building","osm_id":"way/277951010","building":"house"},"geometry":{"type":"Polygon","coordinates":[[[4.948576,52.374402],[4.948614,52.374274],[4.948552,52.374267],[4.948514,52.374395],[4.948576,52.374402]]]}},{"type":"Feature","properties":{"class":"building","osm_id":"way/277951011","building":"apartments"},"geometry":{"type":"Polygon","coordinates":[[[4.94049,52.372906],[4.94058,52.372605],[4.940519,52.372599],[4.940429,52.372899],[4.94049,52.372906]]]}},{"type":"Feature","properties":{"class":"building","osm_id":"way/277951012","building":"house"},"geometry":{"type":"Polygon","coordinates":[[[4.947377,52.374401],[4.947415,52.374273],[4.947349,52.374266],[4.947311,52.374394],[4.947377,52.374401]]]}},{"type":"Feature","properties":{"class":"building","osm_id":"way/277951013","building":"house"},"geometry":{"type":"Polygon","coordinates":[[[4.938034,52.372998],[4.938072,52.37287],[4.938007,52.372862],[4.937969,52.372991],[4.938034,52.372998]]]}},{"type":"Feature","properties":{"class":"building","osm_id":"way/277951014","building":"apartments"},"geometry":{"type":"Polygon","coordinates":[[[4.939706,52.372819],[4.939795,52.372518],[4.939734,52.372511],[4.939645,52.372812],[4.939706,52.372819]]]}},{"type":"Feature","properties":{"class":"building","osm_id":"way/277951016","building":"house"},"geometry":{"type":"Polygon","coordinates":[[[4.937318,52.372729],[4.937329,52.372693],[4.937187,52.372677],[4.937176,52.372714],[4.937318,52.372729]]]}},{"type":"Feature","properties":{"class":"building","osm_id":"way/277951017","building":"house"},"geometry":{"type":"Polygon","coordinates":[[[4.945983,52.37473],[4.946027,52.37458],[4.945966,52.374573],[4.945921,52.374724],[4.945983,52.37473]]]}},{"type":"Feature","properties":{"class":"building","osm_id":"way/277951018","building":"house"},"geometry":{"type":"Polygon","coordinates":[[[4.949391,52.371665],[4.949426,52.371547],[4.949359,52.37154],[4.949324,52.371658],[4.949391,52.371665]]]}},{"type":"Feature","properties":{"class":"building","osm_id":"way/277951019","building":"house"},"geometry":{"type":"Polygon","coordinates":[[[4.946516,52.374634],[4.94656,52.374484],[4.946499,52.374477],[4.946455,52.374628],[4.946516,52.374634]]]}},{"type":"Feature","properties":{"class":"building","osm_id":"way/277951020","building":"house"},"geometry":{"type":"Polygon","coordinates":[[[4.943718,52.373862],[4.943741,52.373785],[4.943676,52.373778],[4.943653,52.373855],[4.943718,52.373862]]]}},{"type":"Feature","properties":{"class":"building","osm_id":"way/277951021","building":"house"},"geometry":{"type":"Polygon","coordinates":[[[4.94368,52.373991],[4.943695,52.37394],[4.94363,52.373932],[4.943615,52.373984],[4.94368,52.373991]]]}},{"type":"Feature","properties":{"class":"building","osm_id":"way/277951022","building":"house"},"geometry":{"type":"Polygon","coordinates":[[[4.937876,52.372848],[4.937915,52.37272],[4.937849,52.372712],[4.937811,52.372841],[4.937876,52.372848]]]}},{"type":"Feature","properties":{"class":"building","osm_id":"way/277951023","building":"yes"},"geometry":{"type":"Polygon","coordinates":[[[4.94788,52.374451],[4.947892,52.374408],[4.947851,52.374403],[4.947838,52.374446],[4.94788,52.374451]]]}},{"type":"Feature","properties":{"class":"building","osm_id":"way/277951024","building":"house"},"geometry":{"type":"Polygon","coordinates":[[[4.947218,52.374251],[4.947255,52.374123],[4.94719,52.374116],[4.947152,52.374244],[4.947218,52.374251]]]}},{"type":"Feature","properties":{"class":"building","osm_id":"way/277951025","building":"house"},"geometry":{"type":"Polygon","coordinates":[[[4.937869,52.373345],[4.937907,52.373217],[4.93783,52.373208],[4.937791,52.373336],[4.937869,52.373345]]]}},{"type":"Feature","properties":{"class":"building","osm_id":"way/277951028","building":"house"},"geometry":{"type":"Polygon","coordinates":[[[4.947575,52.374907],[4.947627,52.374731],[4.947556,52.374723],[4.947504,52.3749],[4.947575,52.374907]]]}},{"type":"Feature","properties":{"class":"building","osm_id":"way/277951029","building":"house"},"geometry":{"type":"Polygon","coordinates":[[[4.947729,52.374075],[4.947766,52.373949],[4.947704,52.373942],[4.947667,52.374068],[4.947729,52.374075]]]}},{"type":"Feature","properties":{"class":"building","osm_id":"way/277951030","building":"apartments"},"geometry":{"type":"Polygon","coordinates":[[[4.950374,52.37234],[4.950416,52.372199],[4.950338,52.37219],[4.950297,52.372331],[4.950374,52.37234]]]}},{"type":"Feature","properties":{"class":"building","osm_id":"way/277951031","building":"house"},"geometry":{"type":"Polygon","coordinates":[[[4.940312,52.373069],[4.940336,52.372989],[4.940274,52.372982],[4.94025,52.373063],[4.940312,52.373069]]]}},{"type":"Feature","properties":{"class":"building","osm_id":"way/277951032","building":"house"},"geometry":{"type":"Polygon","coordinates":[[[4.947544,52.374054],[4.947581,52.373929],[4.947519,52.373922],[4.947482,52.374048],[4.947544,52.374054]]]}},{"type":"Feature","properties":{"class":"building","osm_id":"way/277951033","building":"house"},"geometry":{"type":"Polygon","coordinates":[[[4.942315,52.371764],[4.942339,52.371684],[4.942276,52.371676],[4.942252,52.371756],[4.942315,52.371764]]]}},{"type":"Feature","properties":{"class":"building","osm_id":"way/277951035","building":"house"},"geometry":{"type":"Polygon","coordinates":[[[4.947227,52.374869],[4.947279,52.374692],[4.947209,52.374684],[4.947157,52.374861],[4.947227,52.374869]]]}},{"type":"Feature","properties":{"class":"building","osm_id":"way/277951036","building":"house"},"geometry":{"type":"Polygon","coordinates":[[[4.940494,52.37309],[4.940518,52.37301],[4.940457,52.373003],[4.940434,52.373083],[4.940494,52.37309]]]}},{"type":"Feature","properties":{"class":"building","osm_id":"way/277951037","building":"house"},"geometry":{"type":"Polygon","coordinates":[[[4.949789,52.372275],[4.949831,52.372133],[4.949763,52.372126],[4.949721,52.372267],[4.949789,52.372275]]]}},{"type":"Feature","properties":{"class":"building","osm_id":"way/277951038","building":"house"},"geometry":{"type":"Polygon","coordinates":[[[4.948102,52.373985],[4.94814,52.373855],[4.948079,52.373849],[4.948041,52.373979],[4.948102,52.373985]]]}},{"type":"Feature","properties":{"class":"building","osm_id":"way/277951039","building":"house"},"geometry":{"type":"Polygon","coordinates":[[[4.939764,52.373008],[4.939788,52.372928],[4.939727,52.372921],[4.939703,52.373001],[4.939764,52.373008]]]}},{"type":"Feature","properties":{"class":"building","osm_id":"way/277951040","building":"house"},"geometry":{"type":"Polygon","coordinates":[[[4.947418,52.374707],[4.947454,52.374583],[4.947385,52.374576],[4.947348,52.3747],[4.947418,52.374707]]]}},{"type":"Feature","properties":{"class":"building","osm_id":"way/277951041","building":"house"},"geometry":{"type":"Polygon","coordinates":[[[4.947766,52.373949],[4.947805,52.373818],[4.947743,52.373811],[4.947704,52.373942],[4.947766,52.373949]]]}},{"type":"Feature","properties":{"class":"building","osm_id":"way/277951042","building":"house"},"geometry":{"type":"Polygon","coordinates":[[[4.937773,52.372969],[4.937811,52.372841],[4.937747,52.372833],[4.937709,52.372962],[4.937773,52.372969]]]}},{"type":"Feature","properties":{"class":"building","osm_id":"way/277951044","building":"house"},"geometry":{"type":"Polygon","coordinates":[[[4.939833,52.373198],[4.939857,52.373115],[4.939796,52.373108],[4.939772,52.373191],[4.939833,52.373198]]]}},{"type":"Feature","properties":{"class":"building","osm_id":"way/277951045","building":"house"},"geometry":{"type":"Polygon","coordinates":[[[4.948942,52.374868],[4.948962,52.3748],[4.948822,52.374785],[4.948802,52.374853],[4.948942,52.374868]]]}},{"type":"Feature","properties":{"class":"building","osm_id":"way/277951046","building":"yes"},"geometry":{"type":"Polygon","coordinates":[[[4.9456,52.373835],[4.945611,52.373796],[4.945567,52.373792],[4.945555,52.37383],[4.9456,52.373835]]]}},{"type":"Feature","properties":{"class":"building","osm_id":"way/277951047","building":"house"},"geometry":{"type":"Polygon","coordinates":[[[4.939947,52.373028],[4.93997,52.372948],[4.939909,52.372942],[4.939885,52.373022],[4.939947,52.373028]]]}},{"type":"Feature","properties":{"class":"building","osm_id":"way/277951048","building":"apartments"},"geometry":{"type":"Polygon","coordinates":[[[4.944866,52.372047],[4.944917,52.371875],[4.944816,52.371864],[4.944764,52.372036],[4.944866,52.372047]]]}},{"type":"Feature","properties":{"class":"building","osm_id":"way/277951050","building":"house"},"geometry":{"type":"Polygon","coordinates":[[[4.942379,52.371771],[4.942403,52.371691],[4.942339,52.371684],[4.942315,52.371764],[4.942379,52.371771]]]}},{"type":"Feature","properties":{"class":"building","osm_id":"way/277951051","building":"house"},"geometry":{"type":"Polygon","coordinates":[[[4.948106,52.374482],[4.948125,52.374418],[4.948089,52.374414],[4.94807,52.374478],[4.948106,52.374482]]]}},{"type":"Feature","properties":{"class":"building","osm_id":"way/277951052","building":"house"},"geometry":{"type":"Polygon","coordinates":[[[4.946166,52.374751],[4.946211,52.374601],[4.94615,52.374594],[4.946105,52.374744],[4.946166,52.374751]]]}},{"type":"Feature","properties":{"class":"building","osm_id":"way/277951053","building":"house"},"geometry":{"type":"Polygon","coordinates":[[[4.94842,52.372122],[4.948462,52.371981],[4.94838,52.371972],[4.948338,52.372113],[4.94842,52.372122]]]}},{"type":"Feature","properties":{"class":"building","osm_id":"way/277951054","building":"house"},"geometry":{"type":"Polygon","coordinates":[[[4.946455,52.374628],[4.946499,52.374477],[4.946438,52.374471],[4.946394,52.374621],[4.946455,52.374628]]]}},{"type":"Feature","properties":{"class":"building","osm_id":"way/277951055","building":"house"},"geometry":{"type":"Polygon","coordinates":[[[4.937011,52.37325],[4.937049,52.373122],[4.936971,52.373113],[4.936933,52.373241],[4.937011,52.37325]]]}},{"type":"Feature","properties":{"class":"building","osm_id":"way/277951056","building":"apartments"},"geometry":{"type":"Polygon","coordinates":[[[4.947774,52.37205],[4.947816,52.371909],[4.947682,52.371894],[4.94764,52.372035],[4.947774,52.37205]]]}},{"type":"Feature","properties":{"class":"building","osm_id":"way/277951059","building":"house"},"geometry":{"type":"Polygon","coordinates":[[[4.937557,52.372794],[4.937568,52.372757],[4.937425,52.372741],[4.937414,52.372778],[4.937557,52.372794]]]}},{"type":"Feature","properties":{"class":"building","osm_id":"way/277951061","building":"house"},"geometry":{"type":"Polygon","coordinates":[[[4.936699,52.373215],[4.936737,52.373087],[4.936655,52.373078],[4.936617,52.373206],[4.936699,52.373215]]]}},{"type":"Feature","properties":{"class":"building","osm_id":"way/277951062","building":"house"},"geometry":{"type":"Polygon","coordinates":[[[4.942438,52.371777],[4.942461,52.371697],[4.942403,52.371691],[4.942379,52.371771],[4.942438,52.371777]]]}},{"type":"Feature","properties":{"class":"building","osm_id":"way/277951064","building":"house"},"geometry":{"type":"Polygon","coordinates":[[[4.937323,52.373284],[4.937361,52.373156],[4.937283,52.373148],[4.937245,52.373276],[4.937323,52.373284]]]}},{"type":"Feature","properties":{"class":"building","osm_id":"way/277951065","building":"house"},"geometry":{"type":"Polygon","coordinates":[[[4.942066,52.371736],[4.942089,52.371656],[4.942031,52.371649],[4.942007,52.371729],[4.942066,52.371736]]]}},{"type":"Feature","properties":{"class":"building","osm_id":"way/277951066","building":"house"},"geometry":{"type":"Polygon","coordinates":[[[4.946637,52.374648],[4.946682,52.374498],[4.946621,52.374491],[4.946576,52.374641],[4.946637,52.374648]]]}},{"type":"Feature","properties":{"class":"building","osm_id":"way/277951067","building":"industrial"},"geometry":{"type":"Polygon","coordinates":[[[4.946983,52.374358],[4.946996,52.374313],[4.94693,52.374306],[4.946917,52.37435],[4.946983,52.374358]]]}},{"type":"Feature","properties":{"class":"building","osm_id":"way/277951068","building":"house"},"geometry":{"type":"Polygon","coordinates":[[[4.948944,52.373844],[4.948948,52.373793],[4.948728,52.373769],[4.948714,52.373819],[4.948944,52.373844]]]}},{"type":"Feature","properties":{"class":"building","osm_id":"way/277951070","building":"house"},"geometry":{"type":"Polygon","coordinates":[[[4.948453,52.374388],[4.948491,52.37426],[4.948429,52.374253],[4.948391,52.374381],[4.948453,52.374388]]]}},{"type":"Feature","properties":{"class":"building","osm_id":"way/277951071","building":"house"},"geometry":{"type":"Polygon","coordinates":[[[4.948415,52.374516],[4.948453,52.374388],[4.948391,52.374381],[4.948353,52.37451],[4.948415,52.374516]]]}},{"type":"Feature","properties":{"class":"building","osm_id":"way/277951072","building":"house"},"geometry":{"type":"Polygon","coordinates":[[[4.940674,52.372927],[4.940763,52.372626],[4.940701,52.372619],[4.940612,52.37292],[4.940674,52.372927]]]}},{"type":"Feature","properties":{"class":"building","osm_id":"way/277951073","building":"house"},"geometry":{"type":"Polygon","coordinates":[[[4.948878,52.374421],[4.948882,52.374372],[4.948656,52.374347],[4.948642,52.374395],[4.948878,52.374421]]]}},{"type":"Feature","properties":{"class":"building","osm_id":"way/277951074","building":"apartments"},"geometry":{"type":"Polygon","coordinates":[[[4.939523,52.372798],[4.939612,52.372498],[4.939552,52.372491],[4.939462,52.372791],[4.939523,52.372798]]]}},{"type":"Feature","properties":{"class":"building","osm_id":"way/277951077","building":"house"},"geometry":{"type":"Polygon","coordinates":[[[4.94553,52.371882],[4.945563,52.371769],[4.945493,52.371761],[4.94546,52.371874],[4.94553,52.371882]]]}},{"type":"Feature","properties":{"class":"building","osm_id":"way/277951078","building":"house"},"geometry":{"type":"Polygon","coordinates":[[[4.937479,52.373302],[4.937517,52.373174],[4.937439,52.373165],[4.937401,52.373293],[4.937479,52.373302]]]}},{"type":"Feature","properties":{"class":"building","osm_id":"way/277951079","building":"apartments"},"geometry":{"type":"Polygon","coordinates":[[[4.949937,52.372292],[4.949979,52.37215],[4.949896,52.372141],[4.949854,52.372282],[4.949937,52.372292]]]}},{"type":"Feature","properties":{"class":"building","osm_id":"way/277951082","building":"house"},"geometry":{"type":"Polygon","coordinates":[[[4.951159,52.372427],[4.951201,52.372286],[4.95114,52.372279],[4.951098,52.37242],[4.951159,52.372427]]]}},{"type":"Feature","properties":{"class":"building","osm_id":"way/277951083","building":"house"},"geometry":{"type":"Polygon","coordinates":[[[4.942276,52.373702],[4.942288,52.373659],[4.942163,52.373645],[4.94212,52.373685],[4.942276,52.373702]]]}},{"type":"Feature","properties":{"class":"building","osm_id":"way/277951084","building":"house"},"geometry":{"type":"Polygon","coordinates":[[[4.943307,52.371639],[4.943341,52.371521],[4.943271,52.371513],[4.943236,52.371631],[4.943307,52.371639]]]}},{"type":"Feature","properties":{"class":"building","osm_id":"way/277951085","building":"house"},"geometry":{"type":"Polygon","coordinates":[[[4.937904,52.372983],[4.937941,52.372855],[4.937876,52.372848],[4.937838,52.372976],[4.937904,52.372983]]]}},{"type":"Feature","properties":{"class":"building","osm_id":"way/277951087","building":"apartments"},"geometry":{"type":"Polygon","coordinates":[[[4.944764,52.372036],[4.944816,52.371864],[4.944714,52.371852],[4.944663,52.372025],[4.944764,52.372036]]]}},{"type":"Feature","properties":{"class":"building","osm_id":"way/277951088","building":"apartments"},"geometry":{"type":"Polygon","coordinates":[[[4.939827,52.372832],[4.939917,52.372531],[4.939856,52.372525],[4.939766,52.372825],[4.939827,52.372832]]]}},{"type":"Feature","properties":{"class":"building","osm_id":"way/277951089","building":"house"},"geometry":{"type":"Polygon","coordinates":[[[4.937557,52.37331],[4.937595,52.373182],[4.937517,52.373174],[4.937479,52.373302],[4.937557,52.37331]]]}},{"type":"Feature","properties":{"class":"building","osm_id":"way/277951091","building":"house"},"geometry":{"type":"Polygon","coordinates":[[[4.947432,52.372012],[4.947474,52.371871],[4.947392,52.371861],[4.947349,52.372003],[4.947432,52.372012]]]}},{"type":"Feature","properties":{"class":"building","osm_id":"way/277951093","building":"house"},"geometry":{"type":"Polygon","coordinates":[[[4.945249,52.37185],[4.945283,52.371738],[4.945213,52.37173],[4.945179,52.371842],[4.945249,52.37185]]]}},{"type":"Feature","properties":{"class":"building","osm_id":"way/277951095","building":"house"},"geometry":{"type":"Polygon","coordinates":[[[4.944022,52.373298],[4.944066,52.373148],[4.944003,52.373141],[4.943959,52.373291],[4.944022,52.373298]]]}},{"type":"Feature","properties":{"class":"building","osm_id":"way/277951097","building":"house"},"geometry":{"type":"Polygon","coordinates":[[[4.946644,52.374188],[4.946683,52.37406],[4.946617,52.374053],[4.946579,52.37418],[4.946644,52.374188]]]}},{"type":"Feature","properties":{"class":"building","osm_id":"way/277951098","building":"house"},"geometry":{"type":"Polygon","coordinates":[[[4.947808,52.371612],[4.947843,52.371493],[4.947778,52.371486],[4.947743,52.371604],[4.947808,52.371612]]]}},{"type":"Feature","properties":{"class":"building","osm_id":"way/277951100","building":"house"},"geometry":{"type":"Polygon","coordinates":[[[4.939703,52.373001],[4.939727,52.372921],[4.939662,52.372914],[4.939639,52.372994],[4.939703,52.373001]]]}},{"type":"Feature","properties":{"class":"building","osm_id":"way/277951102","building":"house"},"geometry":{"type":"Polygon","coordinates":[[[4.951242,52.372436],[4.951283,52.372295],[4.951201,52.372286],[4.951159,52.372427],[4.951242,52.372436]]]}},{"type":"Feature","properties":{"class":"building","osm_id":"way/277951103","building":"house"},"geometry":{"type":"Polygon","coordinates":[[[4.948346,52.374012],[4.948385,52.373883],[4.948323,52.373876],[4.948285,52.374005],[4.948346,52.374012]]]}},{"type":"Feature","properties":{"class":"building","osm_id":"way/277951104","building":"house"},"geometry":{"type":"Polygon","coordinates":[[[4.948391,52.374381],[4.948429,52.374253],[4.948367,52.374246],[4.948329,52.374375],[4.948391,52.374381]]]}},{"type":"Feature","properties":{"class":"building","osm_id":"way/277951105","building":"house"},"geometry":{"type":"Polygon","coordinates":[[[4.948481,52.372129],[4.948523,52.371988],[4.948462,52.371981],[4.94842,52.372122],[4.948481,52.372129]]]}},{"type":"Feature","properties":{"class":"building","osm_id":"way/277951106","building":"apartments"},"geometry":{"type":"Polygon","coordinates":[[[4.940429,52.372899],[4.940519,52.372599],[4.940459,52.372592],[4.940369,52.372893],[4.940429,52.372899]]]}},{"type":"Feature","properties":{"class":"building","osm_id":"way/277951107","building":"apartments"},"geometry":{"type":"Polygon","coordinates":[[[4.944561,52.372013],[4.944612,52.371841],[4.94451,52.37183],[4.944459,52.372002],[4.944561,52.372013]]]}},{"type":"Feature","properties":{"class":"building","osm_id":"way/277951108","building":"house"},"geometry":{"type":"Polygon","coordinates":[[[4.95073,52.37238],[4.950772,52.372238],[4.950698,52.37223],[4.950656,52.372371],[4.95073,52.37238]]]}},{"type":"Feature","properties":{"class":"building","osm_id":"way/277951109","building":"house"},"geometry":{"type":"Polygon","coordinates":[[[4.941767,52.371703],[4.94179,52.371622],[4.941732,52.371615],[4.941708,52.371696],[4.941767,52.371703]]]}},{"type":"Feature","properties":{"class":"building","osm_id":"way/277951111","building":"house"},"geometry":{"type":"Polygon","coordinates":[[[4.936933,52.373241],[4.936971,52.373113],[4.936893,52.373104],[4.936855,52.373232],[4.936933,52.373241]]]}},{"type":"Feature","properties":{"class":"building","osm_id":"way/277951112","building":"house"},"geometry":{"type":"Polygon","coordinates":[[[4.94702,52.37423],[4.947045,52.374145],[4.94698,52.374138],[4.946955,52.374222],[4.94702,52.37423]]]}},{"type":"Feature","properties":{"class":"building","osm_id":"way/277951113","building":"house"},"geometry":{"type":"Polygon","coordinates":[[[4.95095,52.372404],[4.950992,52.372263],[4.950919,52.372254],[4.950877,52.372396],[4.95095,52.372404]]]}},{"type":"Feature","properties":{"class":"building","osm_id":"way/277951115","building":"house"},"geometry":{"type":"Polygon","coordinates":[[[4.938072,52.37287],[4.93811,52.372741],[4.938045,52.372734],[4.938007,52.372862],[4.938072,52.37287]]]}},{"type":"Feature","properties":{"class":"building","osm_id":"way/277951116","building":"house"},"geometry":{"type":"Polygon","coordinates":[[[4.946251,52.374143],[4.946289,52.374017],[4.946224,52.374009],[4.946185,52.374135],[4.946251,52.374143]]]}},{"type":"Feature","properties":{"class":"building","osm_id":"way/277951117","building":"house"},"geometry":{"type":"Polygon","coordinates":[[[4.949424,52.371791],[4.949459,52.371673],[4.949391,52.371665],[4.949356,52.371783],[4.949424,52.371791]]]}},{"type":"Feature","properties":{"class":"building","osm_id":"way/277951118","building":"house"},"geometry":{"type":"Polygon","coordinates":[[[4.942702,52.371724],[4.942717,52.371676],[4.942651,52.371668],[4.942636,52.371717],[4.942702,52.371724]]]}},{"type":"Feature","properties":{"class":"building","osm_id":"way/277951120","building":"house"},"geometry":{"type":"Polygon","coordinates":[[[4.936815,52.373096],[4.936853,52.372967],[4.936775,52.372959],[4.936737,52.373087],[4.936815,52.373096]]]}},{"type":"Feature","properties":{"class":"building","osm_id":"way/277951121","building":"house"},"geometry":{"type":"Polygon","coordinates":[[[4.948309,52.374139],[4.948346,52.374012],[4.948285,52.374005],[4.948248,52.374132],[4.948309,52.374139]]]}},{"type":"Feature","properties":{"class":"building","osm_id":"way/277951122","building":"house"},"geometry":{"type":"Polygon","coordinates":[[[4.937275,52.372876],[4.937286,52.372839],[4.937143,52.372823],[4.937132,52.37286],[4.937275,52.372876]]]}},{"type":"Feature","properties":{"class":"building","osm_id":"way/277951123","building":"house"},"geometry":{"type":"Polygon","coordinates":[[[4.940188,52.373056],[4.940212,52.372976],[4.940152,52.372969],[4.940128,52.373049],[4.940188,52.373056]]]}},{"type":"Feature","properties":{"class":"building","osm_id":"way/277951124","building":"apartments"},"geometry":{"type":"Polygon","coordinates":[[[4.943798,52.37175],[4.94385,52.371578],[4.943748,52.371567],[4.943697,52.371739],[4.943798,52.37175]]]}},{"type":"Feature","properties":{"class":"building","osm_id":"way/277951125","building":"apartments"},"geometry":{"type":"Polygon","coordinates":[[[4.944205,52.371796],[4.944256,52.371623],[4.944155,52.371612],[4.944104,52.371784],[4.944205,52.371796]]]}},{"type":"Feature","properties":{"class":"building","osm_id":"way/277951126","building":"house"},"geometry":{"type":"Polygon","coordinates":[[[4.943155,52.373933],[4.943194,52.373804],[4.943128,52.373797],[4.94309,52.373925],[4.943155,52.373933]]]}},{"type":"Feature","properties":{"class":"building","osm_id":"way/277951127","building":"house"},"geometry":{"type":"Polygon","coordinates":[[[4.947667,52.374068],[4.947704,52.373942],[4.947642,52.373936],[4.947605,52.374061],[4.947667,52.374068]]]}},{"type":"Feature","properties":{"class":"building","osm_id":"way/277951128","building":"house"},"geometry":{"type":"Polygon","coordinates":[[[4.947873,52.371619],[4.947908,52.371501],[4.947843,52.371493],[4.947808,52.371612],[4.947873,52.371619]]]}},{"type":"Feature","properties":{"class":"building","osm_id":"way/277951130","building":"house"},"geometry":{"type":"Polygon","coordinates":[[[4.9428,52.37376],[4.942838,52.373632],[4.942773,52.373625],[4.942735,52.373753],[4.9428,52.37376]]]}},{"type":"Feature","properties":{"class":"building","osm_id":"way/277951131","building":"apartments"},"geometry":{"type":"Polygon","coordinates":[[[4.944256,52.371979],[4.944307,52.371807],[4.944205,52.371796],[4.944154,52.371968],[4.944256,52.371979]]]}},{"type":"Feature","properties":{"class":"building","osm_id":"way/277951132","building":"house"},"geometry":{"type":"Polygon","coordinates":[[[4.948163,52.373992],[4.948201,52.373862],[4.94814,52.373855],[4.948102,52.373985],[4.948163,52.373992]]]}},{"type":"Feature","properties":{"class":"building","osm_id":"way/277951133","building":"house"},"geometry":{"type":"Polygon","coordinates":[[[4.948771,52.372162],[4.948813,52.37202],[4.948752,52.372013],[4.94871,52.372155],[4.948771,52.372162]]]}},{"type":"Feature","properties":{"class":"building","osm_id":"way/277951134","building":"house"},"geometry":{"type":"Polygon","coordinates":[[[4.950513,52.372355],[4.950555,52.372214],[4.95049,52.372207],[4.950448,52.372348],[4.950513,52.372355]]]}},{"type":"Feature","properties":{"class":"building","osm_id":"way/277951135","building":"house"},"geometry":{"type":"Polygon","coordinates":[[[4.946044,52.374737],[4.946088,52.374587],[4.946027,52.37458],[4.945983,52.37473],[4.946044,52.374737]]]}},{"type":"Feature","properties":{"class":"building","osm_id":"way/277951136","building":"house"},"geometry":{"type":"Polygon","coordinates":[[[4.947481,52.37428],[4.947518,52.374152],[4.947453,52.374145],[4.947415,52.374273],[4.947481,52.37428]]]}},{"type":"Feature","properties":{"class":"building","osm_id":"way/277951137","building":"house"},"geometry":{"type":"Polygon","coordinates":[[[4.937308,52.372766],[4.937318,52.372729],[4.937176,52.372714],[4.937165,52.37275],[4.937308,52.372766]]]}},{"type":"Feature","properties":{"class":"building","osm_id":"way/277951138","building":"house"},"geometry":{"type":"Polygon","coordinates":[[[4.937811,52.372841],[4.937849,52.372712],[4.937785,52.372705],[4.937747,52.372833],[4.937811,52.372841]]]}},{"type":"Feature","properties":{"class":"building","osm_id":"way/277951139","building":"industrial"},"geometry":{"type":"Polygon","coordinates":[[[4.945489,52.374192],[4.945519,52.37409],[4.945427,52.374106],[4.945443,52.374187],[4.945489,52.374192]]]}},{"type":"Feature","properties":{"class":"building","osm_id":"way/277951140","building":"house"},"geometry":{"type":"Polygon","coordinates":[[[4.946775,52.374819],[4.94682,52.374668],[4.946759,52.374662],[4.946715,52.374812],[4.946775,52.374819]]]}},{"type":"Feature","properties":{"class":"building","osm_id":"way/277951141","building":"apartments"},"geometry":{"type":"Polygon","coordinates":[[[4.943747,52.371923],[4.943798,52.37175],[4.943697,52.371739],[4.943646,52.371911],[4.943747,52.371923]]]}},{"type":"Feature","properties":{"class":"building","osm_id":"way/277951142","building":"house"},"geometry":{"type":"Polygon","coordinates":[[[4.940198,52.373239],[4.940223,52.373155],[4.940161,52.373149],[4.940136,52.373232],[4.940198,52.373239]]]}},{"type":"Feature","properties":{"class":"building","osm_id":"way/277951143","building":"house"},"geometry":{"type":"Polygon","coordinates":[[[4.937682,52.372826],[4.93772,52.372698],[4.937654,52.372691],[4.937616,52.372819],[4.937682,52.372826]]]}},{"type":"Feature","properties":{"class":"building","osm_id":"way/277951145","building":"house"},"geometry":{"type":"Polygon","coordinates":[[[4.94654,52.374308],[4.946579,52.37418],[4.946513,52.374173],[4.946474,52.374301],[4.94654,52.374308]]]}},{"type":"Feature","properties":{"class":"building","osm_id":"way/277951146","building":"house"},"geometry":{"type":"Polygon","coordinates":[[[4.947114,52.374372],[4.947152,52.374244],[4.947086,52.374237],[4.947049,52.374365],[4.947114,52.374372]]]}},{"type":"Feature","properties":{"class":"building","osm_id":"way/277951147","building":"yes"},"geometry":{"type":"Polygon","coordinates":[[[4.94779,52.374212],[4.947797,52.374189],[4.947766,52.374186],[4.947759,52.374209],[4.94779,52.374212]]]}},{"type":"Feature","properties":{"class":"building","osm_id":"way/277951149","building":"house"},"geometry":{"type":"Polygon","coordinates":[[[4.936893,52.373104],[4.936931,52.372976],[4.936853,52.372967],[4.936815,52.373096],[4.936893,52.373104]]]}},{"type":"Feature","properties":{"class":"building","osm_id":"way/277951152","building":"apartments"},"geometry":{"type":"Polygon","coordinates":[[[4.944968,52.372059],[4.945019,52.371886],[4.944917,52.371875],[4.944866,52.372047],[4.944968,52.372059]]]}},{"type":"Feature","properties":{"class":"building","osm_id":"way/277951155","building":"house"},"geometry":{"type":"Polygon","coordinates":[[[4.93965,52.373178],[4.939675,52.373095],[4.939611,52.373087],[4.939586,52.373171],[4.93965,52.373178]]]}},{"type":"Feature","properties":{"class":"building","osm_id":"way/277951158","building":"yes"},"geometry":{"type":"Polygon","coordinates":[[[4.947945,52.37423],[4.947952,52.374206],[4.94792,52.374203],[4.947914,52.374226],[4.947945,52.37423]]]}},{"type":"Feature","properties":{"class":"building","osm_id":"way/277951161","building":"house"},"geometry":{"type":"Polygon","coordinates":[[[4.94764,52.372035],[4.947682,52.371894],[4.947608,52.371886],[4.947566,52.372027],[4.94764,52.372035]]]}},{"type":"Feature","properties":{"class":"building","osm_id":"way/277951164","building":"house"},"geometry":{"type":"Polygon","coordinates":[[[4.945843,52.37456],[4.945888,52.374409],[4.945826,52.374403],[4.945782,52.374553],[4.945843,52.37456]]]}},{"type":"Feature","properties":{"class":"building","osm_id":"way/277951166","building":"house"},"geometry":{"type":"Polygon","coordinates":[[[4.943348,52.373223],[4.943392,52.373073],[4.943331,52.373066],[4.943287,52.373217],[4.943348,52.373223]]]}},{"type":"Feature","properties":{"class":"building","osm_id":"way/277951167","building":"house"},"geometry":{"type":"Polygon","coordinates":[[[4.946654,52.374805],[4.946698,52.374655],[4.946637,52.374648],[4.946593,52.374798],[4.946654,52.374805]]]}},{"type":"Feature","properties":{"class":"building","osm_id":"way/277951179","building":"house"},"geometry":{"type":"Polygon","coordinates":[[[4.946593,52.374798],[4.946637,52.374648],[4.946576,52.374641],[4.946532,52.374792],[4.946593,52.374798]]]}},{"type":"Feature","properties":{"class":"building","osm_id":"way/277951181","building":"apartments"},"geometry":{"type":"Polygon","coordinates":[[[4.940247,52.372879],[4.940337,52.372578],[4.940277,52.372572],[4.940186,52.372872],[4.940247,52.372879]]]}},{"type":"Feature","properties":{"class":"building","osm_id":"way/277951187","building":"apartments"},"geometry":{"type":"Polygon","coordinates":[[[4.94451,52.37183],[4.944562,52.371657],[4.94446,52.371646],[4.944409,52.371818],[4.94451,52.37183]]]}},{"type":"Feature","properties":{"class":"building","osm_id":"way/277951189","building":"apartments"},"geometry":{"type":"Polygon","coordinates":[[[4.950297,52.372331],[4.950338,52.37219],[4.950263,52.372182],[4.950221,52.372323],[4.950297,52.372331]]]}},{"type":"Feature","properties":{"class":"building","osm_id":"way/277951190","building":"house"},"geometry":{"type":"Polygon","coordinates":[[[4.937644,52.372954],[4.937682,52.372826],[4.937616,52.372819],[4.937578,52.372947],[4.937644,52.372954]]]}},{"type":"Feature","properties":{"class":"building","osm_id":"way/277951192","building":"house"},"geometry":{"type":"Polygon","coordinates":[[[4.950221,52.372323],[4.950263,52.372182],[4.9502,52.372174],[4.950158,52.372316],[4.950221,52.372323]]]}},{"type":"Feature","properties":{"class":"building","osm_id":"way/277951199","building":"house"},"geometry":{"type":"Polygon","coordinates":[[[4.937513,52.37294],[4.937524,52.372903],[4.937382,52.372888],[4.937371,52.372924],[4.937513,52.37294]]]}},{"type":"Feature","properties":{"class":"building","osm_id":"way/277951201","building":"apartments"},"geometry":{"type":"Polygon","coordinates":[[[4.944714,52.371852],[4.944765,52.37168],[4.944663,52.371669],[4.944612,52.371841],[4.944714,52.371852]]]}},{"type":"Feature","properties":{"class":"building","osm_id":"way/277951212","building":"house"},"geometry":{"type":"Polygon","coordinates":[[[4.949584,52.372252],[4.949626,52.372111],[4.949543,52.372101],[4.949502,52.372243],[4.949584,52.372252]]]}},{"type":"Feature","properties":{"class":"building","osm_id":"way/277951218","building":"apartments"},"geometry":{"type":"Polygon","coordinates":[[[4.944357,52.371991],[4.944409,52.371818],[4.944307,52.371807],[4.944256,52.371979],[4.944357,52.371991]]]}},{"type":"Feature","properties":{"class":"building","osm_id":"way/277951220","building":"house"},"geometry":{"type":"Polygon","coordinates":[[[4.946394,52.374621],[4.946438,52.374471],[4.946378,52.374464],[4.946333,52.374614],[4.946394,52.374621]]]}},{"type":"Feature","properties":{"class":"building","osm_id":"way/277951221","building":"house"},"geometry":{"type":"Polygon","coordinates":[[[4.94853,52.374031],[4.948568,52.373903],[4.948507,52.373896],[4.948468,52.374025],[4.94853,52.374031]]]}},{"type":"Feature","properties":{"class":"building","osm_id":"way/277951222","building":"house"},"geometry":{"type":"Polygon","coordinates":[[[4.941947,52.371723],[4.94197,52.371642],[4.94191,52.371635],[4.941887,52.371716],[4.941947,52.371723]]]}},{"type":"Feature","properties":{"class":"building","osm_id":"way/277951223","building":"house"},"geometry":{"type":"Polygon","coordinates":[[[4.937907,52.373217],[4.937946,52.373089],[4.937868,52.37308],[4.93783,52.373208],[4.937907,52.373217]]]}},{"type":"Feature","properties":{"class":"building","osm_id":"way/277951224","building":"house"},"geometry":{"type":"Polygon","coordinates":[[[4.947613,52.37159],[4.947648,52.371472],[4.947583,52.371465],[4.947548,52.371583],[4.947613,52.37159]]]}},{"type":"Feature","properties":{"class":"building","osm_id":"way/277951226","building":"apartments"},"geometry":{"type":"Polygon","coordinates":[[[4.946816,52.374339],[4.946854,52.374212],[4.946791,52.374204],[4.946753,52.374332],[4.946816,52.374339]]]}},{"type":"Feature","properties":{"class":"building","osm_id":"way/277951227","building":"house"},"geometry":{"type":"Polygon","coordinates":[[[4.946897,52.374832],[4.946941,52.374682],[4.94688,52.374675],[4.946836,52.374825],[4.946897,52.374832]]]}},{"type":"Feature","properties":{"class":"building","osm_id":"way/277951228","building":"house"},"geometry":{"type":"Polygon","coordinates":[[[4.945782,52.374553],[4.945826,52.374403],[4.945766,52.374396],[4.945721,52.374546],[4.945782,52.374553]]]}},{"type":"Feature","properties":{"class":"building","osm_id":"way/277951229","building":"house"},"geometry":{"type":"Polygon","coordinates":[[[4.94718,52.37438],[4.947218,52.374251],[4.947152,52.374244],[4.947114,52.374372],[4.94718,52.37438]]]}},{"type":"Feature","properties":{"class":"building","osm_id":"way/277951230","building":"apartments"},"geometry":{"type":"Polygon","coordinates":[[[4.947276,52.371995],[4.947318,52.371853],[4.947232,52.371844],[4.94719,52.371985],[4.947276,52.371995]]]}},{"type":"Feature","properties":{"class":"building","osm_id":"way/277951231","building":"house"},"geometry":{"type":"Polygon","coordinates":[[[4.940615,52.373104],[4.940639,52.373023],[4.940579,52.373016],[4.940555,52.373097],[4.940615,52.373104]]]}},{"type":"Feature","properties":{"class":"building","osm_id":"way/277951233","building":"apartments"},"geometry":{"type":"Polygon","coordinates":[[[4.943849,52.371934],[4.9439,52.371762],[4.943798,52.37175],[4.943747,52.371923],[4.943849,52.371934]]]}},{"type":"Feature","properties":{"class":"building","osm_id":"way/277951234","building":"house"},"geometry":{"type":"Polygon","coordinates":[[[4.943063,52.37379],[4.943101,52.373661],[4.943035,52.373654],[4.942997,52.373782],[4.943063,52.37379]]]}},{"type":"Feature","properties":{"class":"building","osm_id":"way/277951235","building":"apartments"},"geometry":{"type":"Polygon","coordinates":[[[4.944612,52.371841],[4.944663,52.371669],[4.944562,52.371657],[4.94451,52.37183],[4.944612,52.371841]]]}},{"type":"Feature","properties":{"class":"building","osm_id":"way/277951236","building":"house"},"geometry":{"type":"Polygon","coordinates":[[[4.943587,52.373848],[4.943625,52.37372],[4.94356,52.373712],[4.943522,52.373841],[4.943587,52.373848]]]}},{"type":"Feature","properties":{"class":"building","osm_id":"way/277951237","building":"house"},"geometry":{"type":"Polygon","coordinates":[[[4.940685,52.373293],[4.940709,52.373209],[4.94065,52.373203],[4.940624,52.373286],[4.940685,52.373293]]]}},{"type":"Feature","properties":{"class":"building","osm_id":"way/277951238","building":"house"},"geometry":{"type":"Polygon","coordinates":[[[4.947642,52.373936],[4.947681,52.373805],[4.947619,52.373798],[4.947581,52.373929],[4.947642,52.373936]]]}},{"type":"Feature","properties":{"class":"building","osm_id":"way/277951240","building":"house"},"geometry":{"type":"Polygon","coordinates":[[[4.942931,52.373775],[4.942969,52.373647],[4.942904,52.373639],[4.942866,52.373768],[4.942931,52.373775]]]}},{"type":"Feature","properties":{"class":"building","osm_id":"way/277951241","building":"apartments"},"geometry":{"type":"Polygon","coordinates":[[[4.939097,52.372751],[4.939187,52.37245],[4.939126,52.372443],[4.939037,52.372744],[4.939097,52.372751]]]}},{"type":"Feature","properties":{"class":"building","osm_id":"way/277951242","building":"house"},"geometry":{"type":"Polygon","coordinates":[[[4.940067,52.373042],[4.940091,52.372962],[4.94003,52.372955],[4.940006,52.373035],[4.940067,52.373042]]]}},{"type":"Feature","properties":{"class":"building","osm_id":"way/277951243","building":"house"},"geometry":{"type":"Polygon","coordinates":[[[4.937167,52.373267],[4.937205,52.373139],[4.937127,52.37313],[4.937089,52.373258],[4.937167,52.373267]]]}},{"type":"Feature","properties":{"class":"building","osm_id":"way/277951244","building":"house"},"geometry":{"type":"Polygon","coordinates":[[[4.95001,52.3723],[4.950052,52.372158],[4.949979,52.37215],[4.949937,52.372292],[4.95001,52.3723]]]}},{"type":"Feature","properties":{"class":"building","osm_id":"way/277951245","building":"house"},"geometry":{"type":"Polygon","coordinates":[[[4.937595,52.373182],[4.937633,52.373054],[4.937556,52.373045],[4.937517,52.373174],[4.937595,52.373182]]]}},{"type":"Feature","properties":{"class":"building","osm_id":"way/277951246","building":"house"},"geometry":{"type":"Polygon","coordinates":[[[4.946769,52.373968],[4.946798,52.373866],[4.94672,52.37388],[4.946696,52.37396],[4.946769,52.373968]]]}},{"type":"Feature","properties":{"class":"building","osm_id":"way/277951247","building":"house"},"geometry":{"type":"Polygon","coordinates":[[[4.947982,52.372073],[4.948024,52.371932],[4.947964,52.371925],[4.947922,52.372067],[4.947982,52.372073]]]}},{"type":"Feature","properties":{"class":"building","osm_id":"way/277951248","building":"house"},"geometry":{"type":"Polygon","coordinates":[[[4.950803,52.372388],[4.950845,52.372246],[4.950772,52.372238],[4.95073,52.37238],[4.950803,52.372388]]]}},{"type":"Feature","properties":{"class":"building","osm_id":"way/277951249","building":"apartments"},"geometry":{"type":"Polygon","coordinates":[[[4.944104,52.371784],[4.944155,52.371612],[4.944053,52.371601],[4.944002,52.371773],[4.944104,52.371784]]]}},{"type":"Feature","properties":{"class":"building","osm_id":"way/277951250","building":"house"},"geometry":{"type":"Polygon","coordinates":[[[4.946105,52.374744],[4.94615,52.374594],[4.946088,52.374587],[4.946044,52.374737],[4.946105,52.374744]]]}},{"type":"Feature","properties":{"class":"building","osm_id":"way/277951251","building":"house"},"geometry":{"type":"Polygon","coordinates":[[[4.948476,52.374523],[4.948514,52.374395],[4.948453,52.374388],[4.948415,52.374516],[4.948476,52.374523]]]}},{"type":"Feature","properties":{"class":"building","osm_id":"way/277951252","building":"house"},"geometry":{"type":"Polygon","coordinates":[[[4.948125,52.374119],[4.948163,52.373992],[4.948102,52.373985],[4.948064,52.374112],[4.948125,52.374119]]]}},{"type":"Feature","properties":{"class":"building","osm_id":"way/277951255","building":"house"},"geometry":{"type":"Polygon","coordinates":[[[4.942795,52.371817],[4.942819,52.371737],[4.942761,52.371731],[4.942737,52.371811],[4.942795,52.371817]]]}},{"type":"Feature","properties":{"class":"building","osm_id":"way/277951257","building":"house"},"geometry":{"type":"Polygon","coordinates":[[[4.943714,52.373264],[4.943759,52.373114],[4.943698,52.373107],[4.943653,52.373257],[4.943714,52.373264]]]}},{"type":"Feature","properties":{"class":"building","osm_id":"way/277951259","building":"house"},"geometry":{"type":"Polygon","coordinates":[[[4.948431,52.374152],[4.948468,52.374025],[4.948407,52.374018],[4.94837,52.374146],[4.948431,52.374152]]]}},{"type":"Feature","properties":{"class":"building","osm_id":"way/277951260","building":"house"},"geometry":{"type":"Polygon","coordinates":[[[4.937264,52.372912],[4.937275,52.372876],[4.937132,52.37286],[4.937121,52.372897],[4.937264,52.372912]]]}},{"type":"Feature","properties":{"class":"building","osm_id":"way/277951261","building":"house"},"geometry":{"type":"Polygon","coordinates":[[[4.950448,52.372348],[4.95049,52.372207],[4.950416,52.372199],[4.950374,52.37234],[4.950448,52.372348]]]}},{"type":"Feature","properties":{"class":"building","osm_id":"way/277951264","building":"apartments"},"geometry":{"type":"Polygon","coordinates":[[[4.943697,52.371739],[4.943748,52.371567],[4.943646,52.371555],[4.943595,52.371728],[4.943697,52.371739]]]}},{"type":"Feature","properties":{"class":"building","osm_id":"way/277951265","building":"apartments"},"geometry":{"type":"Polygon","coordinates":[[[4.938854,52.372724],[4.938943,52.372423],[4.938698,52.372396],[4.938691,52.372706],[4.938854,52.372724]]]}},{"type":"Feature","properties":{"class":"building","osm_id":"way/277951282","building":"house"},"geometry":{"type":"Polygon","coordinates":[[[4.947509,52.374416],[4.947546,52.374288],[4.947481,52.37428],[4.947443,52.374409],[4.947509,52.374416]]]}},{"type":"Feature","properties":{"class":"building","osm_id":"way/277951285","building":"apartments"},"geometry":{"type":"Polygon","coordinates":[[[4.939766,52.372825],[4.939856,52.372525],[4.939795,52.372518],[4.939706,52.372819],[4.939766,52.372825]]]}},{"type":"Feature","properties":{"class":"building","osm_id":"way/277951287","building":"house"},"geometry":{"type":"Polygon","coordinates":[[[4.947045,52.374145],[4.947058,52.374101],[4.946993,52.374094],[4.94698,52.374138],[4.947045,52.374145]]]}},{"type":"Feature","properties":{"class":"building","osm_id":"way/277951290","building":"house"},"geometry":{"type":"Polygon","coordinates":[[[4.948538,52.37453],[4.948576,52.374402],[4.948514,52.374395],[4.948476,52.374523],[4.948538,52.37453]]]}},{"type":"Feature","properties":{"class":"building","osm_id":"way/277951293","building":"house"},"geometry":{"type":"Polygon","coordinates":[[[4.945945,52.374147],[4.945986,52.374008],[4.94591,52.374021],[4.945875,52.374139],[4.945945,52.374147]]]}},{"type":"Feature","properties":{"class":"building","osm_id":"way/277951294","building":"apartments"},"geometry":{"type":"Polygon","coordinates":[[[4.940359,52.371545],[4.940385,52.371461],[4.940307,52.371452],[4.940282,52.371536],[4.940359,52.371545]]]}},{"type":"Feature","properties":{"class":"building","osm_id":"way/277951295","building":"house"},"geometry":{"type":"Polygon","coordinates":[[[4.94026,52.373246],[4.940284,52.373162],[4.940223,52.373155],[4.940198,52.373239],[4.94026,52.373246]]]}},{"type":"Feature","properties":{"class":"building","osm_id":"way/277951297","building":"house"},"geometry":{"type":"Polygon","coordinates":[[[4.947365,52.374884],[4.947418,52.374707],[4.947348,52.3747],[4.947296,52.374876],[4.947365,52.374884]]]}},{"type":"Feature","properties":{"class":"building","osm_id":"way/277951298","building":"house"},"geometry":{"type":"Polygon","coordinates":[[[4.948329,52.374375],[4.948367,52.374246],[4.948306,52.374239],[4.948268,52.374368],[4.948329,52.374375]]]}},{"type":"Feature","properties":{"class":"building","osm_id":"way/277951300","building":"house"},"geometry":{"type":"Polygon","coordinates":[[[4.951837,52.372503],[4.951879,52.372361],[4.951792,52.372352],[4.951751,52.372493],[4.951837,52.372503]]]}},{"type":"Feature","properties":{"class":"building","osm_id":"way/277951302","building":"house"},"geometry":{"type":"Polygon","coordinates":[[[4.937089,52.373258],[4.937127,52.37313],[4.937049,52.373122],[4.937011,52.37325],[4.937089,52.373258]]]}},{"type":"Feature","properties":{"class":"building","osm_id":"way/277951304","building":"house"},"geometry":{"type":"Polygon","coordinates":[[[4.947152,52.374244],[4.94719,52.374116],[4.947124,52.374108],[4.947086,52.374237],[4.947152,52.374244]]]}},{"type":"Feature","properties":{"class":"building","osm_id":"way/277951306","building":"house"},"geometry":{"type":"Polygon","coordinates":[[[4.947348,52.3747],[4.947385,52.374576],[4.947315,52.374568],[4.947279,52.374692],[4.947348,52.3747]]]}},{"type":"Feature","properties":{"class":"building","osm_id":"way/277951307","building":"house"},"geometry":{"type":"Polygon","coordinates":[[[4.942737,52.371811],[4.942761,52.371731],[4.942702,52.371724],[4.942679,52.371804],[4.942737,52.371811]]]}},{"type":"Feature","properties":{"class":"building","osm_id":"way/277951308","building":"house"},"geometry":{"type":"Polygon","coordinates":[[[4.94813,52.37209],[4.948172,52.371949],[4.948098,52.37194],[4.948056,52.372082],[4.94813,52.37209]]]}},{"type":"Feature","properties":{"class":"building","osm_id":"way/277951309","building":"house"},"geometry":{"type":"Polygon","coordinates":[[[4.947487,52.374715],[4.947523,52.374591],[4.947454,52.374583],[4.947418,52.374707],[4.947487,52.374715]]]}},{"type":"Feature","properties":{"class":"building","osm_id":"way/277951311","building":"house"},"geometry":{"type":"Polygon","coordinates":[[[4.937329,52.372693],[4.93734,52.372656],[4.937198,52.37264],[4.937187,52.372677],[4.937329,52.372693]]]}},{"type":"Feature","properties":{"class":"building","osm_id":"way/277951312","building":"house"},"geometry":{"type":"Polygon","coordinates":[[[4.946211,52.374601],[4.946255,52.37445],[4.946194,52.374443],[4.94615,52.374594],[4.946211,52.374601]]]}},{"type":"Feature","properties":{"class":"building","osm_id":"way/277951313","building":"house"},"geometry":{"type":"Polygon","coordinates":[[[4.942814,52.371545],[4.942836,52.371469],[4.942776,52.371463],[4.942754,52.371539],[4.942814,52.371545]]]}},{"type":"Feature","properties":{"class":"building","osm_id":"way/277951314","building":"house"},"geometry":{"type":"Polygon","coordinates":[[[4.946088,52.374587],[4.946133,52.374437],[4.946072,52.37443],[4.946027,52.37458],[4.946088,52.374587]]]}},{"type":"Feature","properties":{"class":"building","osm_id":"way/277951315","building":"house"},"geometry":{"type":"Polygon","coordinates":[[[4.942124,52.371742],[4.942148,52.371662],[4.942089,52.371656],[4.942066,52.371736],[4.942124,52.371742]]]}},{"type":"Feature","properties":{"class":"building","osm_id":"way/277951318","building":"house"},"geometry":{"type":"Polygon","coordinates":[[[4.947493,52.372019],[4.947535,52.371877],[4.947474,52.371871],[4.947432,52.372012],[4.947493,52.372019]]]}},{"type":"Feature","properties":{"class":"building","osm_id":"way/277951319","building":"house"},"geometry":{"type":"Polygon","coordinates":[[[4.947704,52.373942],[4.947743,52.373811],[4.947681,52.373805],[4.947642,52.373936],[4.947704,52.373942]]]}},{"type":"Feature","properties":{"class":"building","osm_id":"way/277951320","building":"service"},"geometry":{"type":"Polygon","coordinates":[[[4.938935,52.3723],[4.938938,52.372278],[4.93885,52.372273],[4.938846,52.372295],[4.938935,52.3723]]]}},{"type":"Feature","properties":{"class":"building","osm_id":"way/277951321","building":"house"},"geometry":{"type":"Polygon","coordinates":[[[4.947556,52.374723],[4.947593,52.374599],[4.947523,52.374591],[4.947487,52.374715],[4.947556,52.374723]]]}},{"type":"Feature","properties":{"class":"building","osm_id":"way/277951322","building":"house"},"geometry":{"type":"Polygon","coordinates":[[[4.939885,52.373022],[4.939909,52.372942],[4.939848,52.372935],[4.939824,52.373015],[4.939885,52.373022]]]}},{"type":"Feature","properties":{"class":"building","osm_id":"way/277951323","building":"apartments"},"geometry":{"type":"Polygon","coordinates":[[[4.948338,52.372113],[4.94838,52.371972],[4.948306,52.371963],[4.948264,52.372105],[4.948338,52.372113]]]}},{"type":"Feature","properties":{"class":"building","osm_id":"way/277951325","building":"yes"},"geometry":{"type":"Polygon","coordinates":[[[4.94075,52.371588],[4.940768,52.371528],[4.94069,52.371519],[4.940672,52.37158],[4.94075,52.371588]]]}},{"type":"Feature","properties":{"class":"building","osm_id":"way/277951327","building":"house"},"geometry":{"type":"Polygon","coordinates":[[[4.940381,52.37326],[4.940406,52.373176],[4.940345,52.373169],[4.94032,52.373253],[4.940381,52.37326]]]}},{"type":"Feature","properties":{"class":"building","osm_id":"way/277951328","building":"house"},"geometry":{"type":"Polygon","coordinates":[[[4.949324,52.371658],[4.949359,52.37154],[4.949291,52.371532],[4.949256,52.37165],[4.949324,52.371658]]]}},{"type":"Feature","properties":{"class":"building","osm_id":"way/277951329","building":"house"},"geometry":{"type":"Polygon","coordinates":[[[4.947992,52.374337],[4.94801,52.374274],[4.947934,52.374266],[4.947916,52.374329],[4.947992,52.374337]]]}},{"type":"Feature","properties":{"class":"building","osm_id":"way/277951330","building":"house"},"geometry":{"type":"Polygon","coordinates":[[[4.946579,52.37418],[4.946617,52.374053],[4.946552,52.374046],[4.946513,52.374173],[4.946579,52.37418]]]}},{"type":"Feature","properties":{"class":"building","osm_id":"way/277951333","building":"house"},"geometry":{"type":"Polygon","coordinates":[[[4.949645,52.372259],[4.949687,52.372117],[4.949626,52.372111],[4.949584,52.372252],[4.949645,52.372259]]]}},{"type":"Feature","properties":{"class":"building","osm_id":"way/277951334","building":"apartments"},"geometry":{"type":"Polygon","coordinates":[[[4.940551,52.372913],[4.940641,52.372612],[4.94058,52.372605],[4.94049,52.372906],[4.940551,52.372913]]]}},{"type":"Feature","properties":{"class":"building","osm_id":"way/277951335","building":"apartments"},"geometry":{"type":"Polygon","coordinates":[[[4.947349,52.372003],[4.947392,52.371861],[4.947318,52.371853],[4.947276,52.371995],[4.947349,52.372003]]]}},{"type":"Feature","properties":{"class":"building","osm_id":"way/277951338","building":"yes"},"geometry":{"type":"Polygon","coordinates":[[[4.946854,52.374212],[4.946892,52.374083],[4.946829,52.374076],[4.946791,52.374204],[4.946854,52.374212]]]}},{"type":"Feature","properties":{"class":"building","osm_id":"way/277951340","building":"house"},"geometry":{"type":"Polygon","coordinates":[[[4.947922,52.372067],[4.947964,52.371925],[4.94789,52.371917],[4.947848,52.372059],[4.947922,52.372067]]]}},{"type":"Feature","properties":{"class":"building","osm_id":"way/277951341","building":"house"},"geometry":{"type":"Polygon","coordinates":[[[4.947743,52.371604],[4.947778,52.371486],[4.947713,52.371479],[4.947678,52.371597],[4.947743,52.371604]]]}},{"type":"Feature","properties":{"class":"building","osm_id":"way/277951342","building":"house"},"geometry":{"type":"Polygon","coordinates":[[[4.94586,52.374717],[4.945905,52.374567],[4.945843,52.37456],[4.945799,52.37471],[4.94586,52.374717]]]}},{"type":"Feature","properties":{"class":"building","osm_id":"way/277951343","building":"house"},"geometry":{"type":"Polygon","coordinates":[[[4.946996,52.374313],[4.94702,52.37423],[4.946955,52.374222],[4.94693,52.374306],[4.946996,52.374313]]]}},{"type":"Feature","properties":{"class":"building","osm_id":"way/277951345","building":"apartments"},"geometry":{"type":"Polygon","coordinates":[[[4.940917,52.372954],[4.941007,52.372653],[4.940946,52.372646],[4.940856,52.372947],[4.940917,52.372954]]]}},{"type":"Feature","properties":{"class":"building","osm_id":"way/277951348","building":"house"},"geometry":{"type":"Polygon","coordinates":[[[4.939772,52.373191],[4.939796,52.373108],[4.939736,52.373101],[4.939711,52.373185],[4.939772,52.373191]]]}},{"type":"Feature","properties":{"class":"building","osm_id":"way/277951349","building":"house"},"geometry":{"type":"Polygon","coordinates":[[[4.943221,52.37394],[4.943259,52.373811],[4.943194,52.373804],[4.943155,52.373933],[4.943221,52.37394]]]}},{"type":"Feature","properties":{"class":"building","osm_id":"way/277951350","building":"house"},"geometry":{"type":"Polygon","coordinates":[[[4.947546,52.374288],[4.947584,52.374159],[4.947518,52.374152],[4.947481,52.37428],[4.947546,52.374288]]]}},{"type":"Feature","properties":{"class":"building","osm_id":"way/277951351","building":"house"},"geometry":{"type":"Polygon","coordinates":[[[4.947836,52.37432],[4.947854,52.374257],[4.94778,52.374249],[4.947761,52.374311],[4.947836,52.37432]]]}},{"type":"Feature","properties":{"class":"building","osm_id":"way/277951353","building":"house"},"geometry":{"type":"Polygon","coordinates":[[[4.941826,52.37171],[4.94185,52.371629],[4.94179,52.371622],[4.941767,52.371703],[4.941826,52.37171]]]}},{"type":"Feature","properties":{"class":"building","osm_id":"way/277951355","building":"house"},"geometry":{"type":"Polygon","coordinates":[[[4.948553,52.374166],[4.948591,52.374038],[4.94853,52.374031],[4.948492,52.374159],[4.948553,52.374166]]]}},{"type":"Feature","properties":{"class":"building","osm_id":"way/277951356","building":"apartments"},"geometry":{"type":"Polygon","coordinates":[[[4.944154,52.371968],[4.944205,52.371796],[4.944104,52.371784],[4.944052,52.371957],[4.944154,52.371968]]]}},{"type":"Feature","properties":{"class":"building","osm_id":"way/277951357","building":"house"},"geometry":{"type":"Polygon","coordinates":[[[4.948554,52.372137],[4.948596,52.371996],[4.948523,52.371988],[4.948481,52.372129],[4.948554,52.372137]]]}},{"type":"Feature","properties":{"class":"building","osm_id":"way/277951358","building":"apartments"},"geometry":{"type":"Polygon","coordinates":[[[4.943951,52.371945],[4.944002,52.371773],[4.9439,52.371762],[4.943849,52.371934],[4.943951,52.371945]]]}},{"type":"Feature","properties":{"class":"building","osm_id":"way/277951359","building":"house"},"geometry":{"type":"Polygon","coordinates":[[[4.937747,52.372833],[4.937785,52.372705],[4.93772,52.372698],[4.937682,52.372826],[4.937747,52.372833]]]}},{"type":"Feature","properties":{"class":"building","osm_id":"way/277951360","building":"house"},"geometry":{"type":"Polygon","coordinates":[[[4.947548,52.371583],[4.947583,52.371465],[4.947518,52.371457],[4.947483,52.371575],[4.947548,52.371583]]]}},{"type":"Feature","properties":{"class":"building","osm_id":"way/277951361","building":"house"},"geometry":{"type":"Polygon","coordinates":[[[4.946958,52.374839],[4.947002,52.374689],[4.946941,52.374682],[4.946897,52.374832],[4.946958,52.374839]]]}},{"type":"Feature","properties":{"class":"building","osm_id":"way/277951362","building":"house"},"geometry":{"type":"Polygon","coordinates":[[[4.937752,52.373199],[4.93779,52.373071],[4.937711,52.373063],[4.937673,52.373191],[4.937752,52.373199]]]}},{"type":"Feature","properties":{"class":"building","osm_id":"way/277951363","building":"house"},"geometry":{"type":"Polygon","coordinates":[[[4.946471,52.374785],[4.946516,52.374634],[4.946455,52.374628],[4.946411,52.374778],[4.946471,52.374785]]]}},{"type":"Feature","properties":{"class":"building","osm_id":"way/277951365","building":"house"},"geometry":{"type":"Polygon","coordinates":[[[4.94309,52.373925],[4.943128,52.373797],[4.943063,52.37379],[4.943024,52.373918],[4.94309,52.373925]]]}},{"type":"Feature","properties":{"class":"building","osm_id":"way/277951366","building":"house"},"geometry":{"type":"Polygon","coordinates":[[[4.949356,52.371783],[4.949391,52.371665],[4.949324,52.371658],[4.949289,52.371776],[4.949356,52.371783]]]}},{"type":"Feature","properties":{"class":"building","osm_id":"way/277951369","building":"house"},"geometry":{"type":"Polygon","coordinates":[[[4.942263,52.373745],[4.942276,52.373702],[4.94212,52.373685],[4.942077,52.373724],[4.942263,52.373745]]]}},{"type":"Feature","properties":{"class":"building","osm_id":"way/277951371","building":"house"},"geometry":{"type":"Polygon","coordinates":[[[4.946343,52.374286],[4.946382,52.374158],[4.946317,52.37415],[4.946277,52.374279],[4.946343,52.374286]]]}},{"type":"Feature","properties":{"class":"building","osm_id":"way/277951372","building":"house"},"geometry":{"type":"Polygon","coordinates":[[[4.947279,52.374692],[4.947315,52.374568],[4.947246,52.37456],[4.947209,52.374684],[4.947279,52.374692]]]}},{"type":"Feature","properties":{"class":"building","osm_id":"way/277951373","building":"apartments"},"geometry":{"type":"Polygon","coordinates":[[[4.940856,52.372947],[4.940946,52.372646],[4.940886,52.37264],[4.940796,52.37294],[4.940856,52.372947]]]}},{"type":"Feature","properties":{"class":"building","osm_id":"way/277951374","building":"house"},"geometry":{"type":"Polygon","coordinates":[[[4.946474,52.374301],[4.946513,52.374173],[4.946447,52.374165],[4.946408,52.374294],[4.946474,52.374301]]]}},{"type":"Feature","properties":{"class":"building","osm_id":"way/277951375","building":"house"},"geometry":{"type":"Polygon","coordinates":[[[4.937283,52.373148],[4.937321,52.373019],[4.937243,52.373011],[4.937205,52.373139],[4.937283,52.373148]]]}},{"type":"Feature","properties":{"class":"building","osm_id":"way/277951376","building":"house"},"geometry":{"type":"Polygon","coordinates":[[[4.942925,52.371832],[4.942949,52.371752],[4.942884,52.371744],[4.94286,52.371824],[4.942925,52.371832]]]}},{"type":"Feature","properties":{"class":"building","osm_id":"way/277951378","building":"house"},"geometry":{"type":"Polygon","coordinates":[[[4.946382,52.374158],[4.946421,52.374031],[4.946355,52.374024],[4.946317,52.37415],[4.946382,52.374158]]]}},{"type":"Feature","properties":{"class":"building","osm_id":"way/277951379","building":"house"},"geometry":{"type":"Polygon","coordinates":[[[4.942288,52.373659],[4.942301,52.373617],[4.942206,52.373606],[4.942163,52.373645],[4.942288,52.373659]]]}},{"type":"Feature","properties":{"class":"building","osm_id":"way/277951380","building":"house"},"geometry":{"type":"Polygon","coordinates":[[[4.948285,52.374005],[4.948323,52.373876],[4.948262,52.373869],[4.948224,52.373998],[4.948285,52.374005]]]}},{"type":"Feature","properties":{"class":"building","osm_id":"way/277951381","building":"house"},"geometry":{"type":"Polygon","coordinates":[[[4.938007,52.372862],[4.938045,52.372734],[4.93798,52.372727],[4.937941,52.372855],[4.938007,52.372862]]]}},{"type":"Feature","properties":{"class":"building","osm_id":"way/277951382","building":"house"},"geometry":{"type":"Polygon","coordinates":[[[4.948845,52.37217],[4.948887,52.372028],[4.948813,52.37202],[4.948771,52.372162],[4.948845,52.37217]]]}},{"type":"Feature","properties":{"class":"building","osm_id":"way/277951384","building":"house"},"geometry":{"type":"Polygon","coordinates":[[[4.943024,52.373918],[4.943063,52.37379],[4.942997,52.373782],[4.942959,52.373911],[4.943024,52.373918]]]}},{"type":"Feature","properties":{"class":"building","osm_id":"way/277951385","building":"house"},"geometry":{"type":"Polygon","coordinates":[[[4.939824,52.373015],[4.939848,52.372935],[4.939788,52.372928],[4.939764,52.373008],[4.939824,52.373015]]]}},{"type":"Feature","properties":{"class":"building","osm_id":"way/277951388","building":"house"},"geometry":{"type":"Polygon","coordinates":[[[4.937635,52.373319],[4.937673,52.373191],[4.937595,52.373182],[4.937557,52.37331],[4.937635,52.373319]]]}},{"type":"Feature","properties":{"class":"building","osm_id":"way/277951391","building":"house"},"geometry":{"type":"Polygon","coordinates":[[[4.937791,52.373336],[4.93783,52.373208],[4.937752,52.373199],[4.937713,52.373328],[4.937791,52.373336]]]}},{"type":"Feature","properties":{"class":"building","osm_id":"way/277951392","building":"house"},"geometry":{"type":"Polygon","coordinates":[[[4.940678,52.373111],[4.940703,52.37303],[4.940639,52.373023],[4.940615,52.373104],[4.940678,52.373111]]]}},{"type":"Feature","properties":{"class":"building","osm_id":"way/277951393","building":"house"},"geometry":{"type":"Polygon","coordinates":[[[4.948591,52.374038],[4.948629,52.37391],[4.948568,52.373903],[4.94853,52.374031],[4.948591,52.374038]]]}},{"type":"Feature","properties":{"class":"building","osm_id":"way/277951394","building":"house"},"geometry":{"type":"Polygon","coordinates":[[[4.937838,52.372976],[4.937876,52.372848],[4.937811,52.372841],[4.937773,52.372969],[4.937838,52.372976]]]}},{"type":"Feature","properties":{"class":"building","osm_id":"way/277951395","building":"apartments"},"geometry":{"type":"Polygon","coordinates":[[[4.944002,52.371773],[4.944053,52.371601],[4.943951,52.371589],[4.9439,52.371762],[4.944002,52.371773]]]}},{"type":"Feature","properties":{"class":"building","osm_id":"way/277951396","building":"house"},"geometry":{"type":"Polygon","coordinates":[[[4.940624,52.373286],[4.94065,52.373203],[4.940588,52.373196],[4.940563,52.373279],[4.940624,52.373286]]]}},{"type":"Feature","properties":{"class":"building","osm_id":"way/277951397","building":"house"},"geometry":{"type":"Polygon","coordinates":[[[4.943695,52.37394],[4.943718,52.373862],[4.943653,52.373855],[4.94363,52.373932],[4.943695,52.37394]]]}},{"type":"Feature","properties":{"class":"building","osm_id":"way/277951398","building":"house"},"geometry":{"type":"Polygon","coordinates":[[[4.937245,52.373276],[4.937283,52.373148],[4.937205,52.373139],[4.937167,52.373267],[4.937245,52.373276]]]}},{"type":"Feature","properties":{"class":"building","osm_id":"way/277951399","building":"apartments"},"geometry":{"type":"Polygon","coordinates":[[[4.940309,52.372886],[4.940398,52.372585],[4.940337,52.372578],[4.940247,52.372879],[4.940309,52.372886]]]}},{"type":"Feature","properties":{"class":"building","osm_id":"way/277951400","building":"house"},"geometry":{"type":"Polygon","coordinates":[[[4.948614,52.374173],[4.948652,52.374045],[4.948591,52.374038],[4.948553,52.374166],[4.948614,52.374173]]]}},{"type":"Feature","properties":{"class":"building","osm_id":"way/277951401","building":"apartments"},"geometry":{"type":"Polygon","coordinates":[[[4.941708,52.371696],[4.941732,52.371615],[4.941603,52.371601],[4.941579,52.371682],[4.941708,52.371696]]]}},{"type":"Feature","properties":{"class":"building","osm_id":"way/277951403","building":"house"},"geometry":{"type":"Polygon","coordinates":[[[4.948224,52.373998],[4.948262,52.373869],[4.948201,52.373862],[4.948163,52.373992],[4.948224,52.373998]]]}},{"type":"Feature","properties":{"class":"building","osm_id":"way/277951405","building":"house"},"geometry":{"type":"Polygon","coordinates":[[[4.936971,52.373113],[4.937009,52.372985],[4.936931,52.372976],[4.936893,52.373104],[4.936971,52.373113]]]}},{"type":"Feature","properties":{"class":"building","osm_id":"way/277951407","building":"apartments"},"geometry":{"type":"Polygon","coordinates":[[[4.944409,52.371818],[4.94446,52.371646],[4.944358,52.371635],[4.944307,52.371807],[4.944409,52.371818]]]}},{"type":"Feature","properties":{"class":"building","osm_id":"way/277951408","building":"house"},"geometry":{"type":"Polygon","coordinates":[[[4.942496,52.371784],[4.94252,52.371704],[4.942461,52.371697],[4.942438,52.371777],[4.942496,52.371784]]]}},{"type":"Feature","properties":{"class":"building","osm_id":"way/277951409","building":"house"},"geometry":{"type":"Polygon","coordinates":[[[4.947246,52.374387],[4.947283,52.374259],[4.947218,52.374251],[4.94718,52.37438],[4.947246,52.374387]]]}},{"type":"Feature","properties":{"class":"building","osm_id":"way/277951411","building":"house"},"geometry":{"type":"Polygon","coordinates":[[[4.945739,52.372144],[4.945775,52.372023],[4.945705,52.372015],[4.945669,52.372137],[4.945739,52.372144]]]}},{"type":"Feature","properties":{"class":"building","osm_id":"way/277951413","building":"apartments"},"geometry":{"type":"Polygon","coordinates":[[[4.940672,52.37158],[4.94069,52.371519],[4.940612,52.371511],[4.940594,52.371571],[4.940672,52.37158]]]}},{"type":"Feature","properties":{"class":"building","osm_id":"way/277951414","building":"apartments"},"geometry":{"type":"Polygon","coordinates":[[[4.944052,52.371957],[4.944104,52.371784],[4.944002,52.371773],[4.943951,52.371945],[4.944052,52.371957]]]}},{"type":"Feature","properties":{"class":"building","osm_id":"way/277951416","building":"house"},"geometry":{"type":"Polygon","coordinates":[[[4.947224,52.373923],[4.947265,52.373784],[4.947189,52.373797],[4.947154,52.373916],[4.947224,52.373923]]]}},{"type":"Feature","properties":{"class":"building","osm_id":"way/277951418","building":"apartments"},"geometry":{"type":"Polygon","coordinates":[[[4.941039,52.372967],[4.941128,52.372667],[4.941068,52.37266],[4.940978,52.37296],[4.941039,52.372967]]]}},{"type":"Feature","properties":{"class":"building","osm_id":"way/277951420","building":"house"},"geometry":{"type":"Polygon","coordinates":[[[4.94819,52.372097],[4.948232,52.371955],[4.948172,52.371949],[4.94813,52.37209],[4.94819,52.372097]]]}},{"type":"Feature","properties":{"class":"building","osm_id":"way/277951422","building":"house"},"geometry":{"type":"Polygon","coordinates":[[[4.947482,52.374048],[4.947519,52.373922],[4.947457,52.373916],[4.94742,52.374041],[4.947482,52.374048]]]}},{"type":"Feature","properties":{"class":"building","osm_id":"way/277951425","building":"house"},"geometry":{"type":"Polygon","coordinates":[[[4.94837,52.374146],[4.948407,52.374018],[4.948346,52.374012],[4.948309,52.374139],[4.94837,52.374146]]]}},{"type":"Feature","properties":{"class":"building","osm_id":"way/277951432","building":"house"},"geometry":{"type":"Polygon","coordinates":[[[4.948918,52.372178],[4.948961,52.372037],[4.948887,52.372028],[4.948845,52.37217],[4.948918,52.372178]]]}},{"type":"Feature","properties":{"class":"building","osm_id":"way/277951434","building":"house"},"geometry":{"type":"Polygon","coordinates":[[[4.937439,52.373165],[4.937477,52.373037],[4.937399,52.373028],[4.937361,52.373156],[4.937439,52.373165]]]}},{"type":"Feature","properties":{"class":"building","osm_id":"way/277951436","building":"house"},"geometry":{"type":"Polygon","coordinates":[[[4.942407,52.373717],[4.942445,52.373588],[4.942379,52.373581],[4.942341,52.373709],[4.942407,52.373717]]]}},{"type":"Feature","properties":{"class":"building","osm_id":"way/277951438","building":"house"},"geometry":{"type":"Polygon","coordinates":[[[4.940434,52.373083],[4.940457,52.373003],[4.940397,52.372996],[4.940373,52.373076],[4.940434,52.373083]]]}},{"type":"Feature","properties":{"class":"building","osm_id":"way/277951439","building":"house"},"geometry":{"type":"Polygon","coordinates":[[[4.942679,52.371804],[4.942702,52.371724],[4.942636,52.371717],[4.942612,52.371797],[4.942679,52.371804]]]}},{"type":"Feature","properties":{"class":"building","osm_id":"way/277951441","building":"house"},"geometry":{"type":"Polygon","coordinates":[[[4.943236,52.371631],[4.943271,52.371513],[4.9432,52.371505],[4.943165,52.371623],[4.943236,52.371631]]]}},{"type":"Feature","properties":{"class":"building","osm_id":"way/277951442","building":"house"},"geometry":{"type":"Polygon","coordinates":[[[4.94286,52.371824],[4.942884,52.371744],[4.942819,52.371737],[4.942795,52.371817],[4.94286,52.371824]]]}},{"type":"Feature","properties":{"class":"building","osm_id":"way/277951443","building":"yes"},"geometry":{"type":"Polygon","coordinates":[[[4.947725,52.374433],[4.947738,52.37439],[4.947696,52.374385],[4.947683,52.374429],[4.947725,52.374433]]]}},{"type":"Feature","properties":{"class":"building","osm_id":"way/277951444","building":"house"},"geometry":{"type":"Polygon","coordinates":[[[4.948064,52.374112],[4.948102,52.373985],[4.948041,52.373979],[4.948003,52.374105],[4.948064,52.374112]]]}},{"type":"Feature","properties":{"class":"building","osm_id":"way/277951445","building":"house"},"geometry":{"type":"Polygon","coordinates":[[[4.951525,52.372468],[4.951567,52.372327],[4.951493,52.372318],[4.951452,52.37246],[4.951525,52.372468]]]}},{"type":"Feature","properties":{"class":"building","osm_id":"way/277951447","building":"house"},"geometry":{"type":"Polygon","coordinates":[[[4.942866,52.373768],[4.942904,52.373639],[4.942838,52.373632],[4.9428,52.37376],[4.942866,52.373768]]]}},{"type":"Feature","properties":{"class":"building","osm_id":"way/277951448","building":"house"},"geometry":{"type":"Polygon","coordinates":[[[4.946333,52.374614],[4.946378,52.374464],[4.946317,52.374457],[4.946272,52.374607],[4.946333,52.374614]]]}},{"type":"Feature","properties":{"class":"building","osm_id":"way/277951452","building":"house"},"geometry":{"type":"Polygon","coordinates":[[[4.937568,52.372757],[4.937579,52.37272],[4.937436,52.372705],[4.937425,52.372741],[4.937568,52.372757]]]}},{"type":"Feature","properties":{"class":"building","osm_id":"way/277951453","building":"house"},"geometry":{"type":"Polygon","coordinates":[[[4.94688,52.374675],[4.946925,52.374525],[4.946864,52.374518],[4.94682,52.374668],[4.94688,52.374675]]]}},{"type":"Feature","properties":{"class":"building","osm_id":"way/277951454","building":"house"},"geometry":{"type":"Polygon","coordinates":[[[4.946408,52.374294],[4.946447,52.374165],[4.946382,52.374158],[4.946343,52.374286],[4.946408,52.374294]]]}},{"type":"Feature","properties":{"class":"building","osm_id":"way/277951457","building":"apartments"},"geometry":{"type":"Polygon","coordinates":[[[4.938976,52.372737],[4.939065,52.372437],[4.939004,52.37243],[4.938915,52.372731],[4.938976,52.372737]]]}},{"type":"Feature","properties":{"class":"building","osm_id":"way/277951458","building":"house"},"geometry":{"type":"Polygon","coordinates":[[[4.946228,52.374758],[4.946272,52.374607],[4.946211,52.374601],[4.946166,52.374751],[4.946228,52.374758]]]}},{"type":"Feature","properties":{"class":"building","osm_id":"way/277951459","building":"house"},"geometry":{"type":"Polygon","coordinates":[[[4.945721,52.374167],[4.945755,52.374049],[4.945677,52.374062],[4.945648,52.374159],[4.945721,52.374167]]]}},{"type":"Feature","properties":{"class":"building","osm_id":"way/277951460","building":"house"},"geometry":{"type":"Polygon","coordinates":[[[4.94025,52.373063],[4.940274,52.372982],[4.940212,52.372976],[4.940188,52.373056],[4.94025,52.373063]]]}},{"type":"Feature","properties":{"class":"building","osm_id":"way/277951462","building":"house"},"geometry":{"type":"Polygon","coordinates":[[[4.942472,52.373724],[4.94251,52.373596],[4.942445,52.373588],[4.942407,52.373717],[4.942472,52.373724]]]}},{"type":"Feature","properties":{"class":"building","osm_id":"way/277951463","building":"apartments"},"geometry":{"type":"Polygon","coordinates":[[[4.939888,52.372839],[4.939977,52.372538],[4.939917,52.372531],[4.939827,52.372832],[4.939888,52.372839]]]}},{"type":"Feature","properties":{"class":"building","osm_id":"way/277951465","building":"apartments"},"geometry":{"type":"Polygon","coordinates":[[[4.939584,52.372805],[4.939673,52.372504],[4.939612,52.372498],[4.939523,52.372798],[4.939584,52.372805]]]}},{"type":"Feature","properties":{"class":"building","osm_id":"way/277951466","building":"apartments"},"geometry":{"type":"Polygon","coordinates":[[[4.95141,52.372776],[4.951473,52.372564],[4.950356,52.372439],[4.950292,52.372651],[4.95141,52.372776]]]}},{"type":"Feature","properties":{"class":"building","osm_id":"way/277951467","building":"house"},"geometry":{"type":"Polygon","coordinates":[[[4.947443,52.374409],[4.947481,52.37428],[4.947415,52.374273],[4.947377,52.374401],[4.947443,52.374409]]]}},{"type":"Feature","properties":{"class":"building","osm_id":"way/277951468","building":"house"},"geometry":{"type":"Polygon","coordinates":[[[4.946941,52.374682],[4.946986,52.374531],[4.946925,52.374525],[4.94688,52.374675],[4.946941,52.374682]]]}},{"type":"Feature","properties":{"class":"building","osm_id":"way/277951470","building":"house"},"geometry":{"type":"Polygon","coordinates":[[[4.949854,52.372282],[4.949896,52.372141],[4.949834,52.372134],[4.949792,52.372275],[4.949854,52.372282]]]}},{"type":"Feature","properties":{"class":"building","osm_id":"way/277951471","building":"house"},"geometry":{"type":"Polygon","coordinates":[[[4.947349,52.374266],[4.947387,52.374138],[4.947321,52.37413],[4.947283,52.374259],[4.947349,52.374266]]]}},{"type":"Feature","properties":{"class":"building","osm_id":"way/277951472","building":"house"},"geometry":{"type":"Polygon","coordinates":[[[4.94871,52.372155],[4.948752,52.372013],[4.948679,52.372005],[4.948636,52.372147],[4.94871,52.372155]]]}},{"type":"Feature","properties":{"class":"building","osm_id":"way/277951473","building":"house"},"geometry":{"type":"Polygon","coordinates":[[[4.947209,52.374684],[4.947246,52.37456],[4.947177,52.374553],[4.94714,52.374676],[4.947209,52.374684]]]}},{"type":"Feature","properties":{"class":"building","osm_id":"way/277951474","building":"house"},"geometry":{"type":"Polygon","coordinates":[[[4.937127,52.37313],[4.937165,52.373002],[4.937087,52.372993],[4.937049,52.373122],[4.937127,52.37313]]]}},{"type":"Feature","properties":{"class":"building","osm_id":"way/277951475","building":"house"},"geometry":{"type":"Polygon","coordinates":[[[4.951314,52.372445],[4.951356,52.372303],[4.951283,52.372295],[4.951242,52.372436],[4.951314,52.372445]]]}},{"type":"Feature","properties":{"class":"building","osm_id":"way/277951476","building":"house"},"geometry":{"type":"Polygon","coordinates":[[[4.945875,52.374139],[4.94591,52.374021],[4.945834,52.374035],[4.945805,52.374132],[4.945875,52.374139]]]}},{"type":"Feature","properties":{"class":"building","osm_id":"way/277951478","building":"house"},"geometry":{"type":"Polygon","coordinates":[[[4.94044,52.373266],[4.940466,52.373182],[4.940406,52.373176],[4.940381,52.37326],[4.94044,52.373266]]]}},{"type":"Feature","properties":{"class":"building","osm_id":"way/277951479","building":"house"},"geometry":{"type":"Polygon","coordinates":[[[4.94714,52.374676],[4.947177,52.374553],[4.947107,52.374545],[4.947071,52.374669],[4.94714,52.374676]]]}},{"type":"Feature","properties":{"class":"building","osm_id":"way/277951480","building":"house"},"geometry":{"type":"Polygon","coordinates":[[[4.945905,52.374567],[4.945949,52.374416],[4.945888,52.374409],[4.945843,52.37456],[4.945905,52.374567]]]}},{"type":"Feature","properties":{"class":"building","osm_id":"way/277951481","building":"house"},"geometry":{"type":"Polygon","coordinates":[[[4.946698,52.374655],[4.946742,52.374504],[4.946682,52.374498],[4.946637,52.374648],[4.946698,52.374655]]]}},{"type":"Feature","properties":{"class":"building","osm_id":"way/277951483","building":"house"},"geometry":{"type":"Polygon","coordinates":[[[4.94635,52.374771],[4.946394,52.374621],[4.946333,52.374614],[4.946289,52.374764],[4.94635,52.374771]]]}},{"type":"Feature","properties":{"class":"building","osm_id":"way/277951484","building":"house"},"geometry":{"type":"Polygon","coordinates":[[[4.946999,52.373944],[4.947034,52.373824],[4.946956,52.373838],[4.946927,52.373936],[4.946999,52.373944]]]}},{"type":"Feature","properties":{"class":"building","osm_id":"way/277951486","building":"house"},"geometry":{"type":"Polygon","coordinates":[[[4.947938,52.371626],[4.947973,52.371508],[4.947908,52.371501],[4.947873,52.371619],[4.947938,52.371626]]]}},{"type":"Feature","properties":{"class":"building","osm_id":"way/277951487","building":"house"},"geometry":{"type":"Polygon","coordinates":[[[4.948514,52.374395],[4.948552,52.374267],[4.948491,52.37426],[4.948453,52.374388],[4.948514,52.374395]]]}},{"type":"Feature","properties":{"class":"building","osm_id":"way/277951488","building":"house"},"geometry":{"type":"Polygon","coordinates":[[[4.946576,52.374641],[4.946621,52.374491],[4.94656,52.374484],[4.946516,52.374634],[4.946576,52.374641]]]}},{"type":"Feature","properties":{"class":"building","osm_id":"way/277951489","building":"house"},"geometry":{"type":"Polygon","coordinates":[[[4.94225,52.373787],[4.942263,52.373745],[4.942077,52.373724],[4.942035,52.373764],[4.94225,52.373787]]]}},{"type":"Feature","properties":{"class":"building","osm_id":"way/277951490","building":"house"},"geometry":{"type":"Polygon","coordinates":[[[4.946289,52.374764],[4.946333,52.374614],[4.946272,52.374607],[4.946228,52.374758],[4.946289,52.374764]]]}},{"type":"Feature","properties":{"class":"building","osm_id":"way/277951492","building":"apartments"},"geometry":{"type":"Polygon","coordinates":[[[4.939341,52.372778],[4.93943,52.372477],[4.939369,52.37247],[4.93928,52.372771],[4.939341,52.372778]]]}},{"type":"Feature","properties":{"class":"building","osm_id":"way/277951493","building":"apartments"},"geometry":{"type":"Polygon","coordinates":[[[4.939158,52.372758],[4.939247,52.372457],[4.939187,52.37245],[4.939097,52.372751],[4.939158,52.372758]]]}},{"type":"Feature","properties":{"class":"building","osm_id":"way/277951494","building":"house"},"geometry":{"type":"Polygon","coordinates":[[[4.948636,52.372147],[4.948679,52.372005],[4.948596,52.371996],[4.948554,52.372137],[4.948636,52.372147]]]}},{"type":"Feature","properties":{"class":"building","osm_id":"way/277951495","building":"house"},"geometry":{"type":"Polygon","coordinates":[[[4.947504,52.3749],[4.947556,52.374723],[4.947487,52.374715],[4.947435,52.374892],[4.947504,52.3749]]]}},{"type":"Feature","properties":{"class":"building","osm_id":"way/277951497","building":"apartments"},"geometry":{"type":"Polygon","coordinates":[[[4.9439,52.371762],[4.943951,52.371589],[4.94385,52.371578],[4.943798,52.37175],[4.9439,52.371762]]]}},{"type":"Feature","properties":{"class":"building","osm_id":"way/277951498","building":"house"},"geometry":{"type":"Polygon","coordinates":[[[4.936737,52.373087],[4.936775,52.372959],[4.936693,52.372949],[4.936655,52.373078],[4.936737,52.373087]]]}},{"type":"Feature","properties":{"class":"building","osm_id":"way/277951501","building":"house"},"geometry":{"type":"Polygon","coordinates":[[[4.948468,52.374025],[4.948507,52.373896],[4.948446,52.373889],[4.948407,52.374018],[4.948468,52.374025]]]}},{"type":"Feature","properties":{"class":"building","osm_id":"way/277951502","building":"house"},"geometry":{"type":"Polygon","coordinates":[[[4.947844,52.372058],[4.947886,52.371917],[4.947816,52.371909],[4.947774,52.37205],[4.947844,52.372058]]]}},{"type":"Feature","properties":{"class":"building","osm_id":"way/277951503","building":"house"},"geometry":{"type":"Polygon","coordinates":[[[4.946513,52.374173],[4.946552,52.374046],[4.946486,52.374038],[4.946447,52.374165],[4.946513,52.374173]]]}},{"type":"Feature","properties":{"class":"building","osm_id":"way/277951504","building":"house"},"geometry":{"type":"Polygon","coordinates":[[[4.948268,52.374368],[4.948306,52.374239],[4.948244,52.374233],[4.948206,52.374361],[4.948268,52.374368]]]}},{"type":"Feature","properties":{"class":"building","osm_id":"way/277951505","building":"house"},"geometry":{"type":"Polygon","coordinates":[[[4.946317,52.37415],[4.946355,52.374024],[4.946289,52.374017],[4.946251,52.374143],[4.946317,52.37415]]]}},{"type":"Feature","properties":{"class":"building","osm_id":"way/277951506","building":"house"},"geometry":{"type":"Polygon","coordinates":[[[4.950656,52.372371],[4.950698,52.37223],[4.950624,52.372222],[4.950582,52.372363],[4.950656,52.372371]]]}},{"type":"Feature","properties":{"class":"building","osm_id":"way/277951507","building":"house"},"geometry":{"type":"Polygon","coordinates":[[[4.947311,52.374394],[4.947349,52.374266],[4.947283,52.374259],[4.947246,52.374387],[4.947311,52.374394]]]}},{"type":"Feature","properties":{"class":"building","osm_id":"way/277951509","building":"house"},"geometry":{"type":"Polygon","coordinates":[[[4.937517,52.373174],[4.937556,52.373045],[4.937477,52.373037],[4.937439,52.373165],[4.937517,52.373174]]]}},{"type":"Feature","properties":{"class":"building","osm_id":"way/277951510","building":"house"},"geometry":{"type":"Polygon","coordinates":[[[4.942007,52.371729],[4.942031,52.371649],[4.94197,52.371642],[4.941947,52.371723],[4.942007,52.371729]]]}},{"type":"Feature","properties":{"class":"building","osm_id":"way/277951511","building":"house"},"geometry":{"type":"Polygon","coordinates":[[[4.948187,52.374125],[4.948224,52.373998],[4.948163,52.373992],[4.948125,52.374119],[4.948187,52.374125]]]}},{"type":"Feature","properties":{"class":"building","osm_id":"way/277951512","building":"house"},"geometry":{"type":"Polygon","coordinates":[[[4.945109,52.371835],[4.945143,52.371722],[4.94507,52.371714],[4.945037,52.371827],[4.945109,52.371835]]]}},{"type":"Feature","properties":{"class":"building","osm_id":"way/277951513","building":"house"},"geometry":{"type":"Polygon","coordinates":[[[4.942959,52.373911],[4.942997,52.373782],[4.942931,52.373775],[4.942893,52.373903],[4.942959,52.373911]]]}},{"type":"Feature","properties":{"class":"building","osm_id":"way/277951514","building":"house"},"geometry":{"type":"Polygon","coordinates":[[[4.948056,52.372082],[4.948098,52.37194],[4.948024,52.371932],[4.947982,52.372073],[4.948056,52.372082]]]}},{"type":"Feature","properties":{"class":"building","osm_id":"way/277951515","building":"house"},"geometry":{"type":"Polygon","coordinates":[[[4.947627,52.374731],[4.947664,52.374607],[4.947593,52.374599],[4.947556,52.374723],[4.947627,52.374731]]]}},{"type":"Feature","properties":{"class":"building","osm_id":"way/277951516","building":"house"},"geometry":{"type":"Polygon","coordinates":[[[4.943259,52.373811],[4.943297,52.373683],[4.943232,52.373676],[4.943194,52.373804],[4.943259,52.373811]]]}},{"type":"Feature","properties":{"class":"building","osm_id":"way/277951517","building":"apartments"},"geometry":{"type":"Polygon","coordinates":[[[4.940612,52.37292],[4.940701,52.372619],[4.940641,52.372612],[4.940551,52.372913],[4.940612,52.37292]]]}},{"type":"Feature","properties":{"class":"building","osm_id":"way/277951518","building":"house"},"geometry":{"type":"Polygon","coordinates":[[[4.948652,52.374045],[4.94869,52.373916],[4.948629,52.37391],[4.948591,52.374038],[4.948652,52.374045]]]}},{"type":"Feature","properties":{"class":"building","osm_id":"way/277951519","building":"apartments"},"geometry":{"type":"Polygon","coordinates":[[[4.944459,52.372002],[4.94451,52.37183],[4.944409,52.371818],[4.944357,52.371991],[4.944459,52.372002]]]}},{"type":"Feature","properties":{"class":"building","osm_id":"way/277951520","building":"house"},"geometry":{"type":"Polygon","coordinates":[[[4.947828,52.373956],[4.947866,52.373825],[4.947805,52.373818],[4.947766,52.373949],[4.947828,52.373956]]]}},{"type":"Feature","properties":{"class":"building","osm_id":"way/277951521","building":"house"},"geometry":{"type":"Polygon","coordinates":[[[4.946836,52.374825],[4.94688,52.374675],[4.94682,52.374668],[4.946775,52.374819],[4.946836,52.374825]]]}},{"type":"Feature","properties":{"class":"building","osm_id":"way/277951522","building":"house"},"geometry":{"type":"Polygon","coordinates":[[[4.947605,52.374061],[4.947642,52.373936],[4.947581,52.373929],[4.947544,52.374054],[4.947605,52.374061]]]}},{"type":"Feature","properties":{"class":"building","osm_id":"way/277951523","building":"apartments"},"geometry":{"type":"Polygon","coordinates":[[[4.944917,52.371875],[4.944968,52.371702],[4.944867,52.371691],[4.944816,52.371864],[4.944917,52.371875]]]}},{"type":"Feature","properties":{"class":"building","osm_id":"way/277951524","building":"house"},"geometry":{"type":"Polygon","coordinates":[[[4.942252,52.371756],[4.942276,52.371676],[4.942212,52.371669],[4.942188,52.371749],[4.942252,52.371756]]]}},{"type":"Feature","properties":{"class":"building","osm_id":"way/277951527","building":"apartments"},"geometry":{"type":"Polygon","coordinates":[[[4.943493,52.371716],[4.943545,52.371544],[4.943443,52.371533],[4.943392,52.371705],[4.943493,52.371716]]]}},{"type":"Feature","properties":{"class":"building","osm_id":"way/277951529","building":"apartments"},"geometry":{"type":"Polygon","coordinates":[[[4.939645,52.372812],[4.939734,52.372511],[4.939673,52.372504],[4.939584,52.372805],[4.939645,52.372812]]]}},{"type":"Feature","properties":{"class":"building","osm_id":"way/277951531","building":"apartments"},"geometry":{"type":"Polygon","coordinates":[[[4.948959,52.372406],[4.948941,52.372363],[4.948941,52.372351],[4.948981,52.372355],[4.948982,52.372377],[4.948999,52.372377],[4.949,52.372389],[4.948996,52.372398],[4.948968,52.372429],[4.949008,52.372443],[4.949055,52.37239],[4.949065,52.37239],[4.949067,52.372361],[4.949064,52.372361],[4.949071,52.372303],[4.949032,52.372298],[4.949019,52.37232],[4.949006,52.372318],[4.949013,52.37229],[4.948813,52.372268],[4.948809,52.372281],[4.948812,52.372281],[4.948811,52.372286],[4.948808,52.372286],[4.948795,52.372329],[4.948798,52.372329],[4.948796,52.372335],[4.948792,52.372334],[4.948749,52.37248],[4.948956,52.372503],[4.948967,52.37246],[4.948976,52.372459],[4.948954,52.372407],[4.948959,52.372406]]]}},{"type":"Feature","properties":{"class":"building","osm_id":"way/277951532","building":"yes"},"geometry":{"type":"Polygon","coordinates":[[[4.940799,52.373124],[4.939639,52.372994],[4.939626,52.373038],[4.939626,52.373047],[4.939623,52.373047],[4.939611,52.373087],[4.940771,52.373216],[4.940799,52.373124]]]}},{"type":"Feature","properties":{"class":"building","osm_id":"way/277951535","building":"house"},"geometry":{"type":"Polygon","coordinates":[[[4.945318,52.371858],[4.945353,52.371745],[4.945283,52.371738],[4.945249,52.37185],[4.945318,52.371858]]]}},{"type":"Feature","properties":{"class":"building","osm_id":"way/277951538","building":"house"},"geometry":{"type":"Polygon","coordinates":[[[4.947049,52.374365],[4.947086,52.374237],[4.94702,52.37423],[4.946983,52.374358],[4.947049,52.374365]]]}},{"type":"Feature","properties":{"class":"building","osm_id":"way/277951539","building":"apartments"},"geometry":{"type":"Polygon","coordinates":[[[4.943392,52.371705],[4.943443,52.371533],[4.943341,52.371521],[4.94329,52.371694],[4.943392,52.371705]]]}},{"type":"Feature","properties":{"class":"building","osm_id":"way/277951541","building":"house"},"geometry":{"type":"Polygon","coordinates":[[[4.942415,52.37165],[4.942431,52.371598],[4.942303,52.371584],[4.942288,52.371636],[4.942415,52.37165]]]}},{"type":"Feature","properties":{"class":"building","osm_id":"way/277951542","building":"house"},"geometry":{"type":"Polygon","coordinates":[[[4.943225,52.37321],[4.94327,52.373059],[4.943209,52.373053],[4.943164,52.373203],[4.943225,52.37321]]]}},{"type":"Feature","properties":{"class":"building","osm_id":"way/277951543","building":"house"},"geometry":{"type":"Polygon","coordinates":[[[4.940015,52.373218],[4.940039,52.373135],[4.939977,52.373128],[4.939951,52.373211],[4.940015,52.373218]]]}},{"type":"Feature","properties":{"class":"building","osm_id":"way/277951544","building":"house"},"geometry":{"type":"Polygon","coordinates":[[[4.943989,52.37314],[4.944066,52.373148],[4.944111,52.372997],[4.944034,52.372989],[4.943989,52.37314]]]}},{"type":"Feature","properties":{"class":"building","osm_id":"way/277951545","building":"house"},"geometry":{"type":"Polygon","coordinates":[[[4.947086,52.374237],[4.947124,52.374108],[4.947058,52.374101],[4.94702,52.37423],[4.947086,52.374237]]]}},{"type":"Feature","properties":{"class":"building","osm_id":"way/277951548","building":"house"},"geometry":{"type":"Polygon","coordinates":[[[4.948168,52.374489],[4.948206,52.374361],[4.948144,52.374354],[4.948106,52.374482],[4.948168,52.374489]]]}},{"type":"Feature","properties":{"class":"building","osm_id":"way/277951549","building":"yes"},"geometry":{"type":"Polygon","coordinates":[[[4.940282,52.371536],[4.940333,52.371364],[4.940139,52.371342],[4.940088,52.371515],[4.940282,52.371536]]]}},{"type":"Feature","properties":{"class":"building","osm_id":"way/277951550","building":"house"},"geometry":{"type":"Polygon","coordinates":[[[4.943042,52.373189],[4.943087,52.373039],[4.943028,52.373032],[4.942983,52.373183],[4.943042,52.373189]]]}},{"type":"Feature","properties":{"class":"building","osm_id":"way/277951554","building":"apartments"},"geometry":{"type":"Polygon","coordinates":[[[4.947031,52.371525],[4.947083,52.37135],[4.946909,52.371331],[4.946857,52.371506],[4.947031,52.371525]]]}},{"type":"Feature","properties":{"class":"building","osm_id":"way/277951555","building":"house"},"geometry":{"type":"Polygon","coordinates":[[[4.941258,52.372904],[4.941301,52.372864],[4.941195,52.372854],[4.941154,52.372892],[4.941258,52.372904]]]}},{"type":"Feature","properties":{"class":"building","osm_id":"way/277951557","building":"house"},"geometry":{"type":"Polygon","coordinates":[[[4.943164,52.373203],[4.943209,52.373053],[4.943148,52.373046],[4.943103,52.373196],[4.943164,52.373203]]]}},{"type":"Feature","properties":{"class":"building","osm_id":"way/277951560","building":"house"},"geometry":{"type":"Polygon","coordinates":[[[4.942303,52.371584],[4.942319,52.371532],[4.942191,52.371517],[4.942175,52.37157],[4.942303,52.371584]]]}},{"type":"Feature","properties":{"class":"building","osm_id":"way/277951561","building":"house"},"geometry":{"type":"Polygon","coordinates":[[[4.942992,52.371604],[4.943004,52.371566],[4.942874,52.371552],[4.942863,52.371589],[4.942992,52.371604]]]}},{"type":"Feature","properties":{"class":"building","osm_id":"way/277951562","building":"yes"},"geometry":{"type":"Polygon","coordinates":[[[4.948779,52.374932],[4.948796,52.374874],[4.948719,52.374866],[4.948701,52.374923],[4.948779,52.374932]]]}},{"type":"Feature","properties":{"class":"building","osm_id":"way/277951568","building":"house"},"geometry":{"type":"Polygon","coordinates":[[[4.945738,52.374703],[4.945782,52.374553],[4.945721,52.374546],[4.945677,52.374696],[4.945738,52.374703]]]}},{"type":"Feature","properties":{"class":"building","osm_id":"way/277951569","building":"house"},"geometry":{"type":"Polygon","coordinates":[[[4.943915,52.373131],[4.943989,52.37314],[4.944034,52.372989],[4.94396,52.372981],[4.943915,52.373131]]]}},{"type":"Feature","properties":{"class":"building","osm_id":"way/277951570","building":"house"},"geometry":{"type":"Polygon","coordinates":[[[4.942686,52.371581],[4.9427,52.371533],[4.942575,52.371519],[4.942561,52.371567],[4.942686,52.371581]]]}},{"type":"Feature","properties":{"class":"building","osm_id":"way/277951571","building":"house"},"geometry":{"type":"Polygon","coordinates":[[[4.941343,52.372825],[4.941386,52.372786],[4.941277,52.372776],[4.941237,52.372814],[4.941343,52.372825]]]}},{"type":"Feature","properties":{"class":"building","osm_id":"way/277951572","building":"yes"},"geometry":{"type":"Polygon","coordinates":[[[4.949081,52.372196],[4.949123,52.372055],[4.949031,52.372045],[4.948989,52.372186],[4.949081,52.372196]]]}},{"type":"Feature","properties":{"class":"building","osm_id":"way/277951573","building":"apartments"},"geometry":{"type":"Polygon","coordinates":[[[4.949438,52.372236],[4.94948,52.372095],[4.949438,52.37209],[4.949327,52.372224],[4.949438,52.372236]]]}},{"type":"Feature","properties":{"class":"building","osm_id":"way/277951574","building":"house"},"geometry":{"type":"Polygon","coordinates":[[[4.943102,52.373041],[4.943176,52.373049],[4.94322,52.372898],[4.943146,52.37289],[4.943102,52.373041]]]}},{"type":"Feature","properties":{"class":"building","osm_id":"way/277951575","building":"house"},"geometry":{"type":"Polygon","coordinates":[[[4.940745,52.3733],[4.940771,52.373216],[4.940709,52.373209],[4.940685,52.373293],[4.940745,52.3733]]]}},{"type":"Feature","properties":{"class":"building","osm_id":"way/277951577","building":"yes"},"geometry":{"type":"Polygon","coordinates":[[[4.941267,52.373573],[4.941385,52.373465],[4.941311,52.373435],[4.941194,52.373544],[4.941267,52.373573]]]}},{"type":"Feature","properties":{"class":"building","osm_id":"way/277951578","building":"house"},"geometry":{"type":"Polygon","coordinates":[[[4.942981,52.371641],[4.942992,52.371604],[4.942863,52.371589],[4.942852,52.371626],[4.942981,52.371641]]]}},{"type":"Feature","properties":{"class":"building","osm_id":"way/277951579","building":"industrial"},"geometry":{"type":"Polygon","coordinates":[[[4.941173,52.372982],[4.941216,52.372942],[4.941113,52.372931],[4.9411,52.372974],[4.941173,52.372982]]]}},{"type":"Feature","properties":{"class":"building","osm_id":"way/277951580","building":"house"},"geometry":{"type":"Polygon","coordinates":[[[4.941386,52.372786],[4.941428,52.372747],[4.941318,52.372737],[4.941277,52.372776],[4.941386,52.372786]]]}},{"type":"Feature","properties":{"class":"building","osm_id":"way/277951581","building":"house"},"geometry":{"type":"Polygon","coordinates":[[[4.947973,52.3744],[4.947992,52.374337],[4.947916,52.374329],[4.947897,52.374392],[4.947973,52.3744]]]}},{"type":"Feature","properties":{"class":"building","osm_id":"way/277951582","building":"house"},"geometry":{"type":"Polygon","coordinates":[[[4.943398,52.373073],[4.943472,52.373082],[4.943516,52.372931],[4.943442,52.372923],[4.943398,52.373073]]]}},{"type":"Feature","properties":{"class":"building","osm_id":"way/277951583","building":"apartments"},"geometry":{"type":"Polygon","coordinates":[[[4.947118,52.371535],[4.947168,52.371372],[4.947079,52.371362],[4.947031,52.371525],[4.947118,52.371535]]]}},{"type":"Feature","properties":{"class":"building","osm_id":"way/277951584","building":"house"},"geometry":{"type":"Polygon","coordinates":[[[4.937546,52.37283],[4.937557,52.372794],[4.937414,52.372778],[4.937403,52.372814],[4.937546,52.37283]]]}},{"type":"Feature","properties":{"class":"building","osm_id":"way/277951586","building":"house"},"geometry":{"type":"Polygon","coordinates":[[[4.948899,52.375012],[4.948921,52.374937],[4.948782,52.374922],[4.948759,52.374997],[4.948899,52.375012]]]}},{"type":"Feature","properties":{"class":"building","osm_id":"way/277951588","building":"service"},"geometry":{"type":"Polygon","coordinates":[[[4.93907,52.372197],[4.939052,52.371991],[4.938795,52.372005],[4.938764,52.372202],[4.93907,52.372197]]]}},{"type":"Feature","properties":{"class":"building","osm_id":"way/277951590","building":"house"},"geometry":{"type":"Polygon","coordinates":[[[4.942288,52.371636],[4.942303,52.371584],[4.942175,52.37157],[4.94216,52.371622],[4.942288,52.371636]]]}},{"type":"Feature","properties":{"class":"building","osm_id":"way/277951591","building":"house"},"geometry":{"type":"Polygon","coordinates":[[[4.947483,52.371575],[4.947518,52.371457],[4.947453,52.37145],[4.947418,52.371568],[4.947483,52.371575]]]}},{"type":"Feature","properties":{"class":"building","osm_id":"way/277951593","building":"house"},"geometry":{"type":"Polygon","coordinates":[[[4.943324,52.373065],[4.943368,52.372915],[4.943294,52.372907],[4.94325,52.373057],[4.943324,52.373065]]]}},{"type":"Feature","properties":{"class":"building","osm_id":"way/277951594","building":"house"},"geometry":{"type":"Polygon","coordinates":[[[4.943767,52.373115],[4.943841,52.373123],[4.943886,52.372972],[4.943812,52.372964],[4.943767,52.373115]]]}},{"type":"Feature","properties":{"class":"building","osm_id":"way/277951597","building":"house"},"geometry":{"type":"Polygon","coordinates":[[[4.943287,52.373217],[4.943331,52.373066],[4.94327,52.373059],[4.943225,52.37321],[4.943287,52.373217]]]}},{"type":"Feature","properties":{"class":"building","osm_id":"way/277951599","building":"house"},"geometry":{"type":"Polygon","coordinates":[[[4.942867,52.373123],[4.942881,52.373078],[4.942789,52.373068],[4.942744,52.37311],[4.942867,52.373123]]]}},{"type":"Feature","properties":{"class":"building","osm_id":"way/277951602","building":"house"},"geometry":{"type":"Polygon","coordinates":[[[4.943409,52.37323],[4.943454,52.37308],[4.943392,52.373073],[4.943348,52.373223],[4.943409,52.37323]]]}},{"type":"Feature","properties":{"class":"building","osm_id":"way/277951605","building":"house"},"geometry":{"type":"Polygon","coordinates":[[[4.941744,52.371576],[4.94176,52.371523],[4.94163,52.371509],[4.941615,52.371561],[4.941744,52.371576]]]}},{"type":"Feature","properties":{"class":"building","osm_id":"way/277951607","building":"house"},"geometry":{"type":"Polygon","coordinates":[[[4.947063,52.374695],[4.947107,52.374545],[4.947046,52.374538],[4.947002,52.374689],[4.947063,52.374695]]]}},{"type":"Feature","properties":{"class":"building","osm_id":"way/277951608","building":"house"},"geometry":{"type":"Polygon","coordinates":[[[4.943176,52.373049],[4.94325,52.373057],[4.943294,52.372907],[4.94322,52.372898],[4.943176,52.373049]]]}},{"type":"Feature","properties":{"class":"building","osm_id":"way/277951609","building":"house"},"geometry":{"type":"Polygon","coordinates":[[[4.942949,52.371752],[4.94296,52.371714],[4.94283,52.3717],[4.942819,52.371737],[4.942949,52.371752]]]}},{"type":"Feature","properties":{"class":"building","osm_id":"way/277951610","building":"house"},"geometry":{"type":"Polygon","coordinates":[[[4.939956,52.373195],[4.939977,52.373128],[4.93992,52.373122],[4.9399,52.37319],[4.939956,52.373195]]]}},{"type":"Feature","properties":{"class":"building","osm_id":"way/277951611","building":"house"},"geometry":{"type":"Polygon","coordinates":[[[4.945634,52.374208],[4.945677,52.374062],[4.945598,52.374076],[4.945562,52.3742],[4.945634,52.374208]]]}},{"type":"Feature","properties":{"class":"building","osm_id":"way/277951612","building":"house"},"geometry":{"type":"Polygon","coordinates":[[[4.94191,52.371635],[4.942031,52.371649],[4.942046,52.371601],[4.941924,52.371587],[4.94191,52.371635]]]}},{"type":"Feature","properties":{"class":"building","osm_id":"way/277951614","building":"house"},"geometry":{"type":"Polygon","coordinates":[[[4.943531,52.373244],[4.943576,52.373093],[4.943515,52.373087],[4.94347,52.373237],[4.943531,52.373244]]]}},{"type":"Feature","properties":{"class":"building","osm_id":"way/277951615","building":"house"},"geometry":{"type":"Polygon","coordinates":[[[4.940799,52.373124],[4.940824,52.373044],[4.940758,52.373036],[4.940735,52.373117],[4.940799,52.373124]]]}},{"type":"Feature","properties":{"class":"building","osm_id":"way/277951616","building":"house"},"geometry":{"type":"Polygon","coordinates":[[[4.942071,52.371512],[4.942086,52.371464],[4.941961,52.37145],[4.941946,52.371498],[4.942071,52.371512]]]}},{"type":"Feature","properties":{"class":"building","osm_id":"way/277951618","building":"house"},"geometry":{"type":"Polygon","coordinates":[[[4.94546,52.371874],[4.945493,52.371761],[4.945423,52.371753],[4.94539,52.371866],[4.94546,52.371874]]]}},{"type":"Feature","properties":{"class":"building","osm_id":"way/277951619","building":"house"},"geometry":{"type":"Polygon","coordinates":[[[4.942971,52.371677],[4.942981,52.371641],[4.942852,52.371626],[4.942841,52.371663],[4.942971,52.371677]]]}},{"type":"Feature","properties":{"class":"building","osm_id":"way/277951620","building":"house"},"geometry":{"type":"Polygon","coordinates":[[[4.943898,52.373284],[4.943942,52.373134],[4.943881,52.373127],[4.943837,52.373278],[4.943898,52.373284]]]}},{"type":"Feature","properties":{"class":"building","osm_id":"way/277951621","building":"house"},"geometry":{"type":"Polygon","coordinates":[[[4.937297,52.372803],[4.937308,52.372766],[4.937165,52.37275],[4.937154,52.372787],[4.937297,52.372803]]]}},{"type":"Feature","properties":{"class":"building","osm_id":"way/277951622","building":"house"},"geometry":{"type":"Polygon","coordinates":[[[4.942893,52.373903],[4.942931,52.373775],[4.942866,52.373768],[4.942828,52.373896],[4.942893,52.373903]]]}},{"type":"Feature","properties":{"class":"building","osm_id":"way/277951623","building":"house"},"geometry":{"type":"Polygon","coordinates":[[[4.943653,52.373257],[4.943698,52.373107],[4.943637,52.3731],[4.943592,52.37325],[4.943653,52.373257]]]}},{"type":"Feature","properties":{"class":"building","osm_id":"way/277951624","building":"house"},"geometry":{"type":"Polygon","coordinates":[[[4.942636,52.371717],[4.942651,52.371668],[4.942534,52.371655],[4.94252,52.371704],[4.942636,52.371717]]]}},{"type":"Feature","properties":{"class":"building","osm_id":"way/277951626","building":"house"},"geometry":{"type":"Polygon","coordinates":[[[4.941301,52.372864],[4.941343,52.372825],[4.941237,52.372814],[4.941195,52.372854],[4.941301,52.372864]]]}},{"type":"Feature","properties":{"class":"building","osm_id":"way/277951627","building":"house"},"geometry":{"type":"Polygon","coordinates":[[[4.942957,52.37304],[4.942971,52.372995],[4.94288,52.372985],[4.942835,52.373027],[4.942957,52.37304]]]}},{"type":"Feature","properties":{"class":"building","osm_id":"way/277951628","building":"house"},"geometry":{"type":"Polygon","coordinates":[[[4.94305,52.372957],[4.943072,52.372882],[4.943,52.372874],[4.942925,52.372943],[4.94305,52.372957]]]}},{"type":"Feature","properties":{"class":"building","osm_id":"way/277951631","building":"house"},"geometry":{"type":"Polygon","coordinates":[[[4.940903,52.37323],[4.940946,52.373191],[4.940833,52.37318],[4.940792,52.373218],[4.940903,52.37323]]]}},{"type":"Feature","properties":{"class":"building","osm_id":"way/277951633","building":"house"},"geometry":{"type":"Polygon","coordinates":[[[4.9427,52.371533],[4.942723,52.371457],[4.94266,52.37145],[4.942638,52.371526],[4.9427,52.371533]]]}},{"type":"Feature","properties":{"class":"building","osm_id":"way/277951635","building":"house"},"geometry":{"type":"Polygon","coordinates":[[[4.948206,52.374361],[4.948244,52.374233],[4.948182,52.374226],[4.948144,52.374354],[4.948206,52.374361]]]}},{"type":"Feature","properties":{"class":"building","osm_id":"way/277951637","building":"house"},"geometry":{"type":"Polygon","coordinates":[[[4.943545,52.37309],[4.943619,52.373098],[4.943664,52.372948],[4.94359,52.37294],[4.943545,52.37309]]]}},{"type":"Feature","properties":{"class":"building","osm_id":"way/277951638","building":"house"},"geometry":{"type":"Polygon","coordinates":[[[4.940819,52.373308],[4.940861,52.373269],[4.940758,52.373258],[4.940745,52.3733],[4.940819,52.373308]]]}},{"type":"Feature","properties":{"class":"building","osm_id":"way/277951639","building":"house"},"geometry":{"type":"Polygon","coordinates":[[[4.947088,52.374853],[4.94714,52.374676],[4.947071,52.374669],[4.947019,52.374846],[4.947088,52.374853]]]}},{"type":"Feature","properties":{"class":"building","osm_id":"way/277951642","building":"house"},"geometry":{"type":"Polygon","coordinates":[[[4.94176,52.371523],[4.941775,52.371471],[4.941646,52.371457],[4.94163,52.371509],[4.94176,52.371523]]]}},{"type":"Feature","properties":{"class":"building","osm_id":"way/277951643","building":"house"},"geometry":{"type":"Polygon","coordinates":[[[4.943837,52.373278],[4.943881,52.373127],[4.94382,52.373121],[4.943776,52.373271],[4.943837,52.373278]]]}},{"type":"Feature","properties":{"class":"building","osm_id":"way/277951644","building":"house"},"geometry":{"type":"Polygon","coordinates":[[[4.949502,52.372243],[4.949543,52.372101],[4.94948,52.372095],[4.949438,52.372236],[4.949502,52.372243]]]}},{"type":"Feature","properties":{"class":"building","osm_id":"way/277951645","building":"house"},"geometry":{"type":"Polygon","coordinates":[[[4.948053,52.37441],[4.948125,52.374418],[4.948144,52.374354],[4.948072,52.374346],[4.948053,52.37441]]]}},{"type":"Feature","properties":{"class":"building","osm_id":"way/277951648","building":"house"},"geometry":{"type":"Polygon","coordinates":[[[4.943592,52.37325],[4.943637,52.3731],[4.943576,52.373093],[4.943531,52.373244],[4.943592,52.37325]]]}},{"type":"Feature","properties":{"class":"building","osm_id":"way/277951649","building":"house"},"geometry":{"type":"Polygon","coordinates":[[[4.941031,52.373113],[4.941076,52.373071],[4.940964,52.373057],[4.940919,52.3731],[4.941031,52.373113]]]}},{"type":"Feature","properties":{"class":"building","osm_id":"way/277951650","building":"house"},"geometry":{"type":"Polygon","coordinates":[[[4.946913,52.373984],[4.946956,52.373838],[4.946877,52.373852],[4.946841,52.373976],[4.946913,52.373984]]]}},{"type":"Feature","properties":{"class":"building","osm_id":"way/277951652","building":"house"},"geometry":{"type":"Polygon","coordinates":[[[4.943103,52.373196],[4.943148,52.373046],[4.943087,52.373039],[4.943042,52.373189],[4.943103,52.373196]]]}},{"type":"Feature","properties":{"class":"building","osm_id":"way/277951653","building":"apartments"},"geometry":{"type":"Polygon","coordinates":[[[4.947928,52.374097],[4.948004,52.373841],[4.947941,52.373834],[4.947865,52.37409],[4.947928,52.374097]]]}},{"type":"Feature","properties":{"class":"building","osm_id":"way/277951654","building":"house"},"geometry":{"type":"Polygon","coordinates":[[[4.943418,52.373962],[4.943456,52.373833],[4.943391,52.373826],[4.943352,52.373955],[4.943418,52.373962]]]}},{"type":"Feature","properties":{"class":"building","osm_id":"way/277951655","building":"house"},"geometry":{"type":"Polygon","coordinates":[[[4.943472,52.373082],[4.943545,52.37309],[4.94359,52.37294],[4.943516,52.372931],[4.943472,52.373082]]]}},{"type":"Feature","properties":{"class":"building","osm_id":"way/277951659","building":"house"},"geometry":{"type":"Polygon","coordinates":[[[4.942431,52.371598],[4.942446,52.371546],[4.942319,52.371532],[4.942303,52.371584],[4.942431,52.371598]]]}},{"type":"Feature","properties":{"class":"building","osm_id":"way/277951660","building":"house"},"geometry":{"type":"Polygon","coordinates":[[[4.943959,52.373291],[4.944003,52.373141],[4.943942,52.373134],[4.943898,52.373284],[4.943959,52.373291]]]}},{"type":"Feature","properties":{"class":"building","osm_id":"way/277951661","building":"house"},"geometry":{"type":"Polygon","coordinates":[[[4.943915,52.373131],[4.94396,52.372981],[4.943886,52.372972],[4.943841,52.373123],[4.943915,52.373131]]]}},{"type":"Feature","properties":{"class":"building","osm_id":"way/277951662","building":"house"},"geometry":{"type":"Polygon","coordinates":[[[4.94288,52.372985],[4.943003,52.372999],[4.943016,52.372954],[4.942925,52.372943],[4.94288,52.372985]]]}},{"type":"Feature","properties":{"class":"building","osm_id":"way/277951663","building":"house"},"geometry":{"type":"Polygon","coordinates":[[[4.941428,52.372747],[4.941474,52.372705],[4.941361,52.372694],[4.941318,52.372737],[4.941428,52.372747]]]}},{"type":"Feature","properties":{"class":"building","osm_id":"way/277951664","building":"house"},"geometry":{"type":"Polygon","coordinates":[[[4.949459,52.371673],[4.949494,52.371555],[4.949426,52.371547],[4.949391,52.371665],[4.949459,52.371673]]]}},{"type":"Feature","properties":{"class":"building","osm_id":"way/277951665","building":"house"},"geometry":{"type":"Polygon","coordinates":[[[4.94296,52.371714],[4.942971,52.371677],[4.942841,52.371663],[4.94283,52.3717],[4.94296,52.371714]]]}},{"type":"Feature","properties":{"class":"building","osm_id":"way/277951666","building":"house"},"geometry":{"type":"Polygon","coordinates":[[[4.940946,52.373191],[4.940988,52.373152],[4.940874,52.373141],[4.940833,52.37318],[4.940946,52.373191]]]}},{"type":"Feature","properties":{"class":"building","osm_id":"way/277951667","building":"house"},"geometry":{"type":"Polygon","coordinates":[[[4.943653,52.373855],[4.943691,52.373727],[4.943625,52.37372],[4.943587,52.373848],[4.943653,52.373855]]]}},{"type":"Feature","properties":{"class":"building","osm_id":"way/277951668","building":"house"},"geometry":{"type":"Polygon","coordinates":[[[4.947817,52.374382],[4.947836,52.37432],[4.947761,52.374311],[4.947742,52.374374],[4.947817,52.374382]]]}},{"type":"Feature","properties":{"class":"building","osm_id":"way/277951670","building":"house"},"geometry":{"type":"Polygon","coordinates":[[[4.943619,52.373098],[4.943694,52.373106],[4.943738,52.372956],[4.943664,52.372948],[4.943619,52.373098]]]}},{"type":"Feature","properties":{"class":"building","osm_id":"way/277951671","building":"house"},"geometry":{"type":"Polygon","coordinates":[[[4.942789,52.373068],[4.942912,52.373082],[4.942926,52.373037],[4.942835,52.373027],[4.942789,52.373068]]]}},{"type":"Feature","properties":{"class":"building","osm_id":"way/277951672","building":"house"},"geometry":{"type":"Polygon","coordinates":[[[4.948871,52.374518],[4.948874,52.374469],[4.94886,52.374468],[4.948628,52.374442],[4.948614,52.374489],[4.948871,52.374518]]]}},{"type":"Feature","properties":{"class":"building","osm_id":"way/277951673","building":"house"},"geometry":{"type":"Polygon","coordinates":[[[4.945179,52.371842],[4.945213,52.37173],[4.945143,52.371722],[4.945109,52.371835],[4.945179,52.371842]]]}},{"type":"Feature","properties":{"class":"building","osm_id":"way/277951675","building":"apartments"},"geometry":{"type":"Polygon","coordinates":[[[4.945019,52.371886],[4.94507,52.371714],[4.944968,52.371702],[4.944917,52.371875],[4.945019,52.371886]]]}},{"type":"Feature","properties":{"class":"building","osm_id":"way/277951676","building":"house"},"geometry":{"type":"Polygon","coordinates":[[[4.939896,52.373205],[4.93992,52.373122],[4.939857,52.373115],[4.939833,52.373198],[4.939896,52.373205]]]}},{"type":"Feature","properties":{"class":"building","osm_id":"way/277951677","building":"house"},"geometry":{"type":"Polygon","coordinates":[[[4.943776,52.373271],[4.94382,52.373121],[4.943759,52.373114],[4.943714,52.373264],[4.943776,52.373271]]]}},{"type":"Feature","properties":{"class":"building","osm_id":"way/277951678","building":"house"},"geometry":{"type":"Polygon","coordinates":[[[4.94347,52.373237],[4.943515,52.373087],[4.943454,52.37308],[4.943409,52.37323],[4.94347,52.373237]]]}},{"type":"Feature","properties":{"class":"building","osm_id":"way/277951679","building":"house"},"geometry":{"type":"Polygon","coordinates":[[[4.948921,52.374937],[4.948942,52.374868],[4.948802,52.374853],[4.948782,52.374922],[4.948921,52.374937]]]}},{"type":"Feature","properties":{"class":"building","osm_id":"way/277951687","building":"house"},"geometry":{"type":"Polygon","coordinates":[[[4.942517,52.371512],[4.942539,52.371436],[4.942537,52.371436],[4.942538,52.371432],[4.942482,52.371426],[4.942458,52.371506],[4.942517,52.371512]]]}},{"type":"Feature","properties":{"class":"building","osm_id":"way/277951688","building":"house"},"geometry":{"type":"Polygon","coordinates":[[[4.948628,52.374442],[4.948874,52.374469],[4.948878,52.374421],[4.948642,52.374395],[4.948628,52.374442]]]}},{"type":"Feature","properties":{"class":"building","osm_id":"way/277951689","building":"house"},"geometry":{"type":"Polygon","coordinates":[[[4.948003,52.374105],[4.948041,52.373979],[4.94798,52.373972],[4.947941,52.374098],[4.948003,52.374105]]]}},{"type":"Feature","properties":{"class":"building","osm_id":"way/277951690","building":"house"},"geometry":{"type":"Polygon","coordinates":[[[4.942031,52.371649],[4.942148,52.371662],[4.942162,52.371614],[4.942046,52.371601],[4.942031,52.371649]]]}},{"type":"Feature","properties":{"class":"building","osm_id":"way/277951692","building":"house"},"geometry":{"type":"Polygon","coordinates":[[[4.948912,52.373994],[4.948916,52.373942],[4.948747,52.373924],[4.948751,52.373925],[4.948736,52.373974],[4.948912,52.373994]]]}},{"type":"Feature","properties":{"class":"building","osm_id":"way/277951693","building":"house"},"geometry":{"type":"Polygon","coordinates":[[[4.945793,52.374175],[4.945805,52.374132],[4.945834,52.374035],[4.945755,52.374049],[4.945721,52.374167],[4.945793,52.374175]]]}},{"type":"Feature","properties":{"class":"building","osm_id":"way/277951699","building":"house"},"geometry":{"type":"Polygon","coordinates":[[[4.942561,52.371567],[4.942575,52.371519],[4.942458,52.371506],[4.942444,52.371554],[4.942561,52.371567]]]}},{"type":"Feature","properties":{"class":"building","osm_id":"way/277951700","building":"house"},"geometry":{"type":"Polygon","coordinates":[[[4.943549,52.373976],[4.943587,52.373848],[4.943522,52.373841],[4.943484,52.373969],[4.943549,52.373976]]]}},{"type":"Feature","properties":{"class":"building","osm_id":"way/277951701","building":"house"},"geometry":{"type":"Polygon","coordinates":[[[4.94252,52.371704],[4.942534,52.371655],[4.942418,52.371642],[4.942403,52.371691],[4.94252,52.371704]]]}},{"type":"Feature","properties":{"class":"building","osm_id":"way/277951702","building":"house"},"geometry":{"type":"Polygon","coordinates":[[[4.945947,52.372168],[4.945842,52.372037],[4.945808,52.372152],[4.945947,52.372168]]]}},{"type":"Feature","properties":{"class":"building","osm_id":"way/277951705","building":"house"},"geometry":{"type":"Polygon","coordinates":[[[4.948044,52.373744],[4.948074,52.373643],[4.947996,52.373656],[4.947972,52.373736],[4.948044,52.373744]]]}},{"type":"Feature","properties":{"class":"building","osm_id":"way/277951706","building":"house"},"geometry":{"type":"Polygon","coordinates":[[[4.943484,52.373969],[4.943522,52.373841],[4.943456,52.373833],[4.943418,52.373962],[4.943484,52.373969]]]}},{"type":"Feature","properties":{"class":"building","osm_id":"way/277951707","building":"house"},"geometry":{"type":"Polygon","coordinates":[[[4.943325,52.373819],[4.943363,52.373691],[4.943297,52.373683],[4.943259,52.373811],[4.943325,52.373819]]]}},{"type":"Feature","properties":{"class":"building","osm_id":"way/277951708","building":"house"},"geometry":{"type":"Polygon","coordinates":[[[4.948333,52.373776],[4.948347,52.373728],[4.948203,52.373712],[4.948189,52.373761],[4.948333,52.373776]]]}},{"type":"Feature","properties":{"class":"building","osm_id":"way/277951709","building":"house"},"geometry":{"type":"Polygon","coordinates":[[[4.942702,52.371724],[4.942819,52.371737],[4.942833,52.371689],[4.942717,52.371676],[4.942702,52.371724]]]}},{"type":"Feature","properties":{"class":"building","osm_id":"way/277951710","building":"house"},"geometry":{"type":"Polygon","coordinates":[[[4.942188,52.371525],[4.942203,52.371477],[4.942086,52.371464],[4.942071,52.371512],[4.942188,52.371525]]]}},{"type":"Feature","properties":{"class":"building","osm_id":"way/277951711","building":"apartments"},"geometry":{"type":"Polygon","coordinates":[[[4.943239,52.371866],[4.943307,52.371639],[4.943165,52.371623],[4.943098,52.37185],[4.943239,52.371866]]]}},{"type":"Feature","properties":{"class":"building","osm_id":"way/277951712","building":"house"},"geometry":{"type":"Polygon","coordinates":[[[4.942939,52.371559],[4.942962,52.371483],[4.942901,52.371477],[4.942902,52.371472],[4.942898,52.371472],[4.942874,52.371552],[4.942939,52.371559]]]}},{"type":"Feature","properties":{"class":"building","osm_id":"way/277951713","building":"house"},"geometry":{"type":"Polygon","coordinates":[[[4.948904,52.374099],[4.948908,52.374046],[4.948721,52.374026],[4.948706,52.374077],[4.948904,52.374099]]]}},{"type":"Feature","properties":{"class":"building","osm_id":"way/277951714","building":"house"},"geometry":{"type":"Polygon","coordinates":[[[4.942538,52.373731],[4.942576,52.373603],[4.94251,52.373596],[4.942472,52.373724],[4.942538,52.373731]]]}},{"type":"Feature","properties":{"class":"building","osm_id":"way/277951716","building":"house"},"geometry":{"type":"Polygon","coordinates":[[[4.943128,52.373797],[4.943166,52.373668],[4.943101,52.373661],[4.943063,52.37379],[4.943128,52.373797]]]}},{"type":"Feature","properties":{"class":"building","osm_id":"way/277951717","building":"apartments"},"geometry":{"type":"Polygon","coordinates":[[[4.945109,52.372074],[4.945177,52.371842],[4.945037,52.371827],[4.944968,52.372059],[4.945109,52.372074]]]}},{"type":"Feature","properties":{"class":"building","osm_id":"way/277951718","building":"apartments"},"geometry":{"type":"Polygon","coordinates":[[[4.945389,52.372106],[4.945458,52.371873],[4.945318,52.371858],[4.945249,52.37209],[4.945389,52.372106]]]}},{"type":"Feature","properties":{"class":"building","osm_id":"way/277951719","building":"house"},"geometry":{"type":"Polygon","coordinates":[[[4.943004,52.371566],[4.943027,52.371486],[4.942963,52.371479],[4.942939,52.371559],[4.943004,52.371566]]]}},{"type":"Feature","properties":{"class":"building","osm_id":"way/277951720","building":"house"},"geometry":{"type":"Polygon","coordinates":[[[4.943391,52.373826],[4.943429,52.373697],[4.943363,52.373691],[4.943325,52.373819],[4.943391,52.373826]]]}},{"type":"Feature","properties":{"class":"building","osm_id":"way/277951722","building":"house"},"geometry":{"type":"Polygon","coordinates":[[[4.942603,52.373739],[4.942641,52.37361],[4.942576,52.373603],[4.942538,52.373731],[4.942603,52.373739]]]}},{"type":"Feature","properties":{"class":"building","osm_id":"way/277951724","building":"house"},"geometry":{"type":"Polygon","coordinates":[[[4.942874,52.371552],[4.942898,52.371472],[4.942842,52.371466],[4.942841,52.37147],[4.942836,52.371469],[4.942814,52.371545],[4.942874,52.371552]]]}},{"type":"Feature","properties":{"class":"building","osm_id":"way/277951725","building":"house"},"geometry":{"type":"Polygon","coordinates":[[[4.940861,52.373269],[4.940903,52.37323],[4.940771,52.373215],[4.940758,52.373258],[4.940861,52.373269]]]}},{"type":"Feature","properties":{"class":"building","osm_id":"way/277951727","building":"house"},"geometry":{"type":"Polygon","coordinates":[[[4.948896,52.374204],[4.9489,52.374151],[4.948691,52.374128],[4.948676,52.374178],[4.948672,52.374179],[4.948896,52.374204]]]}},{"type":"Feature","properties":{"class":"building","osm_id":"way/277951730","building":"house"},"geometry":{"type":"Polygon","coordinates":[[[4.943398,52.373073],[4.943442,52.372923],[4.943368,52.372915],[4.943324,52.373065],[4.943398,52.373073]]]}},{"type":"Feature","properties":{"class":"building","osm_id":"way/277951731","building":"house"},"geometry":{"type":"Polygon","coordinates":[[[4.94185,52.371629],[4.941864,52.371581],[4.941746,52.371567],[4.941732,52.371615],[4.94185,52.371629]]]}},{"type":"Feature","properties":{"class":"building","osm_id":"way/277951732","building":"house"},"geometry":{"type":"Polygon","coordinates":[[[4.942371,52.373844],[4.942407,52.373717],[4.942341,52.373709],[4.942306,52.373838],[4.942371,52.373844]]]}},{"type":"Feature","properties":{"class":"building","osm_id":"way/277951733","building":"house"},"geometry":{"type":"Polygon","coordinates":[[[4.947888,52.373962],[4.947928,52.373832],[4.947866,52.373825],[4.947828,52.373956],[4.947888,52.373962]]]}},{"type":"Feature","properties":{"class":"building","osm_id":"way/277951737","building":"house"},"geometry":{"type":"Polygon","coordinates":[[[4.942501,52.373859],[4.942538,52.373731],[4.942472,52.373724],[4.942436,52.373852],[4.942501,52.373859]]]}},{"type":"Feature","properties":{"class":"building","osm_id":"way/277951738","building":"house"},"geometry":{"type":"Polygon","coordinates":[[[4.943102,52.373041],[4.943146,52.37289],[4.943072,52.372882],[4.943028,52.373032],[4.943102,52.373041]]]}},{"type":"Feature","properties":{"class":"building","osm_id":"way/277951739","building":"house"},"geometry":{"type":"Polygon","coordinates":[[[4.943194,52.373804],[4.943232,52.373676],[4.943166,52.373668],[4.943128,52.373797],[4.943194,52.373804]]]}},{"type":"Feature","properties":{"class":"building","osm_id":"way/277951740","building":"house"},"geometry":{"type":"Polygon","coordinates":[[[4.942762,52.373888],[4.9428,52.37376],[4.942735,52.373753],[4.942696,52.373882],[4.942762,52.373888]]]}},{"type":"Feature","properties":{"class":"building","osm_id":"way/277951741","building":"apartments"},"geometry":{"type":"Polygon","coordinates":[[[4.9411,52.372974],[4.941125,52.372889],[4.941189,52.372673],[4.941128,52.372667],[4.941039,52.372967],[4.9411,52.372974]]]}},{"type":"Feature","properties":{"class":"building","osm_id":"way/277951743","building":"house"},"geometry":{"type":"Polygon","coordinates":[[[4.942436,52.373852],[4.942472,52.373724],[4.942407,52.373717],[4.942371,52.373845],[4.942436,52.373852]]]}},{"type":"Feature","properties":{"class":"building","osm_id":"way/277951744","building":"house"},"geometry":{"type":"Polygon","coordinates":[[[4.94286,52.371601],[4.942874,52.371552],[4.942754,52.371539],[4.942739,52.371587],[4.94286,52.371601]]]}},{"type":"Feature","properties":{"class":"building","osm_id":"way/277951753","building":"house"},"geometry":{"type":"Polygon","coordinates":[[[4.943281,52.37345],[4.943316,52.373328],[4.943281,52.373324],[4.943283,52.373316],[4.943259,52.373314],[4.94322,52.373444],[4.943281,52.37345]]]}},{"type":"Feature","properties":{"class":"building","osm_id":"way/277951754","building":"house"},"geometry":{"type":"Polygon","coordinates":[[[4.948041,52.373979],[4.948079,52.373849],[4.948017,52.373842],[4.94798,52.373972],[4.948041,52.373979]]]}},{"type":"Feature","properties":{"class":"building","osm_id":"way/277951755","building":"house"},"geometry":{"type":"Polygon","coordinates":[[[4.943615,52.373984],[4.943653,52.373855],[4.943587,52.373848],[4.943549,52.373976],[4.943615,52.373984]]]}},{"type":"Feature","properties":{"class":"building","osm_id":"way/277951756","building":"house"},"geometry":{"type":"Polygon","coordinates":[[[4.940988,52.373152],[4.941031,52.373113],[4.940919,52.3731],[4.940874,52.373141],[4.940988,52.373152]]]}},{"type":"Feature","properties":{"class":"building","osm_id":"way/277951757","building":"yes"},"geometry":{"type":"Polygon","coordinates":[[[4.943334,52.373588],[4.943356,52.373513],[4.943305,52.373508],[4.943315,52.373473],[4.94323,52.373463],[4.943198,52.373573],[4.943334,52.373588]]]}},{"type":"Feature","properties":{"class":"building","osm_id":"way/277951758","building":"house"},"geometry":{"type":"Polygon","coordinates":[[[4.943767,52.373115],[4.943812,52.372964],[4.943738,52.372956],[4.943694,52.373106],[4.943767,52.373115]]]}},{"type":"Feature","properties":{"class":"building","osm_id":"way/277951759","building":"apartments"},"geometry":{"type":"Polygon","coordinates":[[[4.945249,52.37209],[4.945318,52.371858],[4.945177,52.371842],[4.945109,52.372074],[4.945249,52.37209]]]}},{"type":"Feature","properties":{"class":"building","osm_id":"way/277951760","building":"apartments"},"geometry":{"type":"Polygon","coordinates":[[[4.944012,52.374027],[4.944936,52.373866],[4.944936,52.373866],[4.943857,52.373745],[4.943781,52.374002],[4.944012,52.374027]]]}},{"type":"Feature","properties":{"class":"building","osm_id":"way/277951761","building":"house"},"geometry":{"type":"Polygon","coordinates":[[[4.947418,52.371568],[4.94744,52.371491],[4.947339,52.37148],[4.947322,52.371539],[4.947342,52.371541],[4.947337,52.371559],[4.947418,52.371568]]]}},{"type":"Feature","properties":{"class":"building","osm_id":"way/277951762","building":"house"},"geometry":{"type":"Polygon","coordinates":[[[4.942696,52.373881],[4.942735,52.373753],[4.942669,52.373746],[4.942631,52.373874],[4.942696,52.373881]]]}},{"type":"Feature","properties":{"class":"building","osm_id":"way/277951763","building":"house"},"geometry":{"type":"Polygon","coordinates":[[[4.941216,52.372942],[4.941258,52.372904],[4.941125,52.372889],[4.941113,52.372931],[4.941216,52.372942]]]}},{"type":"Feature","properties":{"class":"building","osm_id":"way/277951764","building":"apartments"},"geometry":{"type":"Polygon","coordinates":[[[4.938203,52.373382],[4.938209,52.373118],[4.937946,52.373089],[4.937869,52.373345],[4.938203,52.373382]]]}},{"type":"Feature","properties":{"class":"building","osm_id":"way/277951765","building":"house"},"geometry":{"type":"Polygon","coordinates":[[[4.948867,52.374567],[4.948871,52.374518],[4.948614,52.374489],[4.948598,52.374537],[4.948867,52.374567]]]}},{"type":"Feature","properties":{"class":"building","osm_id":"way/277951767","building":"yes"},"geometry":{"type":"Polygon","coordinates":[[[4.938211,52.373018],[4.938216,52.372753],[4.93811,52.372741],[4.938034,52.372998],[4.938211,52.373018]]]}},{"type":"Feature","properties":{"class":"building","osm_id":"way/277951770","building":"house"},"geometry":{"type":"Polygon","coordinates":[[[4.942997,52.373782],[4.943035,52.373654],[4.942969,52.373647],[4.942931,52.373775],[4.942997,52.373782]]]}},{"type":"Feature","properties":{"class":"building","osm_id":"way/277951773","building":"house"},"geometry":{"type":"Polygon","coordinates":[[[4.94843,52.373692],[4.948465,52.373573],[4.948389,52.373587],[4.94836,52.373684],[4.94843,52.373692]]]}},{"type":"Feature","properties":{"class":"building","osm_id":"way/277951774","building":"apartments"},"geometry":{"type":"Polygon","coordinates":[[[4.945529,52.372121],[4.945598,52.371889],[4.945458,52.371873],[4.945389,52.372106],[4.945529,52.372121]]]}},{"type":"Feature","properties":{"class":"building","osm_id":"way/277951775","building":"house"},"geometry":{"type":"Polygon","coordinates":[[[4.942828,52.373895],[4.942866,52.373768],[4.9428,52.37376],[4.942762,52.373889],[4.942828,52.373895]]]}},{"type":"Feature","properties":{"class":"building","osm_id":"way/277951779","building":"house"},"geometry":{"type":"Polygon","coordinates":[[[4.942631,52.373873],[4.942669,52.373746],[4.942603,52.373739],[4.942566,52.373867],[4.942631,52.373873]]]}},{"type":"Feature","properties":{"class":"building","osm_id":"way/277951781","building":"house"},"geometry":{"type":"Polygon","coordinates":[[[4.942566,52.373866],[4.942603,52.373739],[4.942538,52.373731],[4.942501,52.37386],[4.942566,52.373866]]]}},{"type":"Feature","properties":{"class":"building","osm_id":"way/277951782","building":"house"},"geometry":{"type":"Polygon","coordinates":[[[4.943456,52.373833],[4.943494,52.373705],[4.943429,52.373697],[4.943391,52.373826],[4.943456,52.373833]]]}},{"type":"Feature","properties":{"class":"building","osm_id":"way/277951783","building":"house"},"geometry":{"type":"Polygon","coordinates":[[[4.938949,52.373278],[4.938969,52.37321],[4.938954,52.373209],[4.938956,52.373201],[4.938913,52.373196],[4.93889,52.373271],[4.938949,52.373278]]]}},{"type":"Feature","properties":{"class":"building","osm_id":"way/277951785","building":"house"},"geometry":{"type":"Polygon","coordinates":[[[4.94707,52.373951],[4.947113,52.37381],[4.947034,52.373824],[4.946999,52.373944],[4.94707,52.373951]]]}},{"type":"Feature","properties":{"class":"building","osm_id":"way/277951788","building":"house"},"geometry":{"type":"Polygon","coordinates":[[[4.94578,52.374224],[4.945795,52.374176],[4.945648,52.374159],[4.945634,52.374208],[4.94578,52.374224]]]}},{"type":"Feature","properties":{"class":"building","osm_id":"way/277951789","building":"house"},"geometry":{"type":"Polygon","coordinates":[[[4.947799,52.374444],[4.947817,52.374382],[4.94778,52.374378],[4.94776,52.374444],[4.947801,52.374448],[4.947802,52.374446],[4.947799,52.374444]]]}},{"type":"Feature","properties":{"class":"building","osm_id":"way/277951791","building":"house"},"geometry":{"type":"Polygon","coordinates":[[[4.93901,52.373285],[4.939029,52.373218],[4.939015,52.373216],[4.939017,52.373208],[4.938971,52.373202],[4.938949,52.373278],[4.93901,52.373285]]]}},{"type":"Feature","properties":{"class":"building","osm_id":"way/277951793","building":"house"},"geometry":{"type":"Polygon","coordinates":[[[4.939496,52.373339],[4.939519,52.373264],[4.939459,52.373257],[4.939435,52.373332],[4.939496,52.373339]]]}},{"type":"Feature","properties":{"class":"building","osm_id":"way/277951795","building":"house"},"geometry":{"type":"Polygon","coordinates":[[[4.939314,52.373319],[4.939335,52.373251],[4.939321,52.37325],[4.939323,52.373242],[4.939277,52.373237],[4.939253,52.373312],[4.939314,52.373319]]]}},{"type":"Feature","properties":{"class":"building","osm_id":"way/277951796","building":"house"},"geometry":{"type":"Polygon","coordinates":[[[4.939618,52.373352],[4.939641,52.373278],[4.93958,52.37327],[4.939557,52.373345],[4.939618,52.373352]]]}},{"type":"Feature","properties":{"class":"building","osm_id":"way/277951797","building":"house"},"geometry":{"type":"Polygon","coordinates":[[[4.937578,52.372947],[4.937616,52.372819],[4.937551,52.372812],[4.937513,52.37294],[4.937578,52.372947]]]}},{"type":"Feature","properties":{"class":"building","osm_id":"way/277951798","building":"house"},"geometry":{"type":"Polygon","coordinates":[[[4.947058,52.374],[4.947072,52.373952],[4.946927,52.373936],[4.946913,52.373984],[4.947058,52.374]]]}},{"type":"Feature","properties":{"class":"building","osm_id":"way/277951800","building":"apartments"},"geometry":{"type":"Polygon","coordinates":[[[4.945287,52.373804],[4.94621,52.373642],[4.946211,52.373642],[4.945132,52.373522],[4.945056,52.373778],[4.945287,52.373804]]]}},{"type":"Feature","properties":{"class":"building","osm_id":"way/277951801","building":"house"},"geometry":{"type":"Polygon","coordinates":[[[4.937616,52.372819],[4.937654,52.372691],[4.937589,52.372684],[4.937551,52.372812],[4.937616,52.372819]]]}},{"type":"Feature","properties":{"class":"building","osm_id":"way/277951802","building":"house"},"geometry":{"type":"Polygon","coordinates":[[[4.947955,52.374461],[4.947973,52.3744],[4.947935,52.374396],[4.947916,52.374461],[4.947958,52.374466],[4.947959,52.374463],[4.947955,52.374461]]]}},{"type":"Feature","properties":{"class":"building","osm_id":"way/277951803","building":"apartments"},"geometry":{"type":"Polygon","coordinates":[[[4.941106,52.371628],[4.941139,52.371513],[4.940947,52.371491],[4.940912,52.371606],[4.941106,52.371628]]]}},{"type":"Feature","properties":{"class":"building","osm_id":"way/277951806","building":"house"},"geometry":{"type":"Polygon","coordinates":[[[4.939374,52.373325],[4.939398,52.373251],[4.939337,52.373243],[4.939314,52.373319],[4.939374,52.373325]]]}},{"type":"Feature","properties":{"class":"building","osm_id":"way/277951807","building":"yes"},"geometry":{"type":"Polygon","coordinates":[[[4.940438,52.371553],[4.940467,52.371456],[4.940443,52.371453],[4.940441,52.37146],[4.940386,52.371454],[4.940359,52.371545],[4.940438,52.371553]]]}},{"type":"Feature","properties":{"class":"building","osm_id":"way/277951808","building":"house"},"geometry":{"type":"Polygon","coordinates":[[[4.943341,52.373457],[4.943377,52.373335],[4.943342,52.373331],[4.943344,52.373323],[4.943319,52.37332],[4.943281,52.37345],[4.943341,52.373457]]]}},{"type":"Feature","properties":{"class":"building","osm_id":"way/277951809","building":"house"},"geometry":{"type":"Polygon","coordinates":[[[4.939253,52.373312],[4.939274,52.373244],[4.93926,52.373243],[4.939262,52.373235],[4.939216,52.37323],[4.939192,52.373305],[4.939253,52.373312]]]}},{"type":"Feature","properties":{"class":"building","osm_id":"way/277951810","building":"house"},"geometry":{"type":"Polygon","coordinates":[[[4.939435,52.373332],[4.939458,52.373258],[4.939398,52.37325],[4.939374,52.373325],[4.939435,52.373332]]]}},{"type":"Feature","properties":{"class":"building","osm_id":"way/277951812","building":"house"},"geometry":{"type":"Polygon","coordinates":[[[4.939557,52.373345],[4.939579,52.373271],[4.939519,52.373264],[4.939496,52.373339],[4.939557,52.373345]]]}},{"type":"Feature","properties":{"class":"building","osm_id":"way/277951813","building":"house"},"geometry":{"type":"Polygon","coordinates":[[[4.945808,52.372152],[4.945842,52.372037],[4.945839,52.372034],[4.945792,52.372029],[4.945793,52.372025],[4.945775,52.372023],[4.945739,52.372144],[4.945808,52.372152]]]}},{"type":"Feature","properties":{"class":"building","osm_id":"way/277951817","building":"house"},"geometry":{"type":"Polygon","coordinates":[[[4.939679,52.373359],[4.939701,52.373285],[4.939641,52.373277],[4.939618,52.373352],[4.939679,52.373359]]]}},{"type":"Feature","properties":{"class":"building","osm_id":"way/277951818","building":"house"},"geometry":{"type":"Polygon","coordinates":[[[4.948189,52.373761],[4.948231,52.373615],[4.948153,52.373629],[4.948116,52.373752],[4.948189,52.373761]]]}},{"type":"Feature","properties":{"class":"building","osm_id":"way/277951819","building":"house"},"geometry":{"type":"Polygon","coordinates":[[[4.947852,52.374088],[4.947888,52.373962],[4.947828,52.373956],[4.94779,52.374082],[4.947852,52.374088]]]}},{"type":"Feature","properties":{"class":"building","osm_id":"way/277951820","building":"house"},"geometry":{"type":"Polygon","coordinates":[[[4.942638,52.371526],[4.94266,52.37145],[4.942658,52.37145],[4.942659,52.371445],[4.942599,52.371439],[4.942575,52.371519],[4.942638,52.371526]]]}},{"type":"Feature","properties":{"class":"building","osm_id":"way/277951821","building":"house"},"geometry":{"type":"Polygon","coordinates":[[[4.939131,52.373298],[4.939151,52.373231],[4.939136,52.373229],[4.939138,52.373221],[4.939092,52.373216],[4.93907,52.373291],[4.939131,52.373298]]]}},{"type":"Feature","properties":{"class":"building","osm_id":"way/277951824","building":"house"},"geometry":{"type":"Polygon","coordinates":[[[4.9456,52.371889],[4.945632,52.37178],[4.94563,52.371776],[4.945563,52.371769],[4.94553,52.371882],[4.9456,52.371889]]]}},{"type":"Feature","properties":{"class":"building","osm_id":"way/277951825","building":"house"},"geometry":{"type":"Polygon","coordinates":[[[4.938895,52.373458],[4.938917,52.373384],[4.938859,52.373377],[4.938836,52.373453],[4.938895,52.373458]]]}},{"type":"Feature","properties":{"class":"building","osm_id":"way/277951827","building":"apartments"},"geometry":{"type":"Polygon","coordinates":[[[4.938836,52.373453],[4.938913,52.373196],[4.93868,52.37317],[4.938674,52.373435],[4.938836,52.373453]]]}},{"type":"Feature","properties":{"class":"building","osm_id":"way/277951828","building":"house"},"geometry":{"type":"Polygon","coordinates":[[[4.93907,52.373291],[4.93909,52.373224],[4.939075,52.373222],[4.939077,52.373215],[4.939031,52.373209],[4.93901,52.373285],[4.93907,52.373291]]]}},{"type":"Feature","properties":{"class":"building","osm_id":"way/277951829","building":"house"},"geometry":{"type":"Polygon","coordinates":[[[4.939192,52.373305],[4.939214,52.373238],[4.939199,52.373236],[4.939201,52.373228],[4.939153,52.373223],[4.939131,52.373298],[4.939192,52.373305]]]}},{"type":"Feature","properties":{"class":"building","osm_id":"way/277951831","building":"apartments"},"geometry":{"type":"Polygon","coordinates":[[[4.942341,52.373709],[4.942379,52.373581],[4.942249,52.373567],[4.942206,52.373606],[4.942301,52.373617],[4.942276,52.373702],[4.942341,52.373709]]]}},{"type":"Feature","properties":{"class":"building","osm_id":"way/277951832","building":"house"},"geometry":{"type":"Polygon","coordinates":[[[4.945734,52.371905],[4.945656,52.371808],[4.945625,52.371805],[4.9456,52.371889],[4.945734,52.371905]]]}},{"type":"Feature","properties":{"class":"building","osm_id":"way/277951833","building":"house"},"geometry":{"type":"Polygon","coordinates":[[[4.942306,52.373837],[4.942341,52.373709],[4.942276,52.373702],[4.942237,52.37383],[4.942306,52.373837]]]}},{"type":"Feature","properties":{"class":"building","osm_id":"way/277951834","building":"apartments"},"geometry":{"type":"Polygon","coordinates":[[[4.941462,52.371668],[4.941495,52.371553],[4.941302,52.371531],[4.941268,52.371646],[4.941462,52.371668]]]}},{"type":"Feature","properties":{"class":"building","osm_id":"way/277951836","building":"house"},"geometry":{"type":"Polygon","coordinates":[[[4.943403,52.373464],[4.943438,52.373341],[4.943403,52.373337],[4.943405,52.37333],[4.943379,52.373327],[4.943341,52.373457],[4.943403,52.373464]]]}},{"type":"Feature","properties":{"class":"building","osm_id":"way/277951837","building":"house"},"geometry":{"type":"Polygon","coordinates":[[[4.947916,52.374461],[4.947935,52.374396],[4.947897,52.374392],[4.947879,52.374454],[4.947875,52.374454],[4.947874,52.374457],[4.947916,52.374461]]]}},{"type":"Feature","properties":{"class":"building","osm_id":"way/277951838","building":"apartments"},"geometry":{"type":"Polygon","coordinates":[[[4.949129,52.371636],[4.949164,52.371518],[4.949085,52.371509],[4.949088,52.371507],[4.949041,52.371501],[4.94904,52.371504],[4.949034,52.371504],[4.948999,52.371622],[4.949129,52.371636]]]}},{"type":"Feature","properties":{"class":"building","osm_id":"way/277951839","building":"house"},"geometry":{"type":"Polygon","coordinates":[[[4.948882,52.374372],[4.948887,52.374304],[4.94867,52.37428],[4.948675,52.374283],[4.948656,52.374347],[4.948882,52.374372]]]}},{"type":"Feature","properties":{"class":"building","osm_id":"way/277951841","building":"house"},"geometry":{"type":"Polygon","coordinates":[[[4.94776,52.374444],[4.94778,52.374378],[4.947742,52.374374],[4.947724,52.374437],[4.947719,52.374436],[4.947718,52.374439],[4.94776,52.374444]]]}},{"type":"Feature","properties":{"class":"building","osm_id":"way/277951842","building":"house"},"geometry":{"type":"Polygon","coordinates":[[[4.948163,52.37429],[4.948182,52.374226],[4.948105,52.374217],[4.948105,52.37422],[4.948109,52.374221],[4.948091,52.374282],[4.948163,52.37429]]]}},{"type":"Feature","properties":{"class":"building","osm_id":"way/277951845","building":"apartments"},"geometry":{"type":"Polygon","coordinates":[[[4.949094,52.371754],[4.949129,52.371636],[4.948999,52.371622],[4.948964,52.37174],[4.94897,52.37174],[4.948969,52.371743],[4.949094,52.371754]]]}},{"type":"Feature","properties":{"class":"building","osm_id":"way/277951847","building":"apartments"},"geometry":{"type":"Polygon","coordinates":[[[4.948999,52.371622],[4.949034,52.371504],[4.948956,52.371495],[4.948957,52.371492],[4.948911,52.371487],[4.94891,52.37149],[4.948904,52.371489],[4.948869,52.371607],[4.948999,52.371622]]]}},{"type":"Feature","properties":{"class":"building","osm_id":"way/277951848","building":"house"},"geometry":{"type":"Polygon","coordinates":[[[4.94807,52.374478],[4.948089,52.374414],[4.948053,52.37441],[4.948035,52.374471],[4.948031,52.374471],[4.94803,52.374474],[4.94807,52.374478]]]}},{"type":"Feature","properties":{"class":"building","osm_id":"way/277951851","building":"house"},"geometry":{"type":"Polygon","coordinates":[[[4.948573,52.373708],[4.94862,52.373546],[4.948541,52.37356],[4.9485,52.3737],[4.948573,52.373708]]]}},{"type":"Feature","properties":{"class":"building","osm_id":"way/277951852","building":"house"},"geometry":{"type":"Polygon","coordinates":[[[4.948948,52.373793],[4.948951,52.373747],[4.948647,52.37374],[4.948625,52.373809],[4.948714,52.373819],[4.948728,52.373769],[4.948948,52.373793]]]}},{"type":"Feature","properties":{"class":"building","osm_id":"way/277951856","building":"apartments"},"geometry":{"type":"Polygon","coordinates":[[[4.948834,52.371725],[4.948869,52.371607],[4.948739,52.371593],[4.948704,52.371711],[4.94871,52.371712],[4.948709,52.371714],[4.948755,52.371719],[4.948756,52.371717],[4.948834,52.371725]]]}},{"type":"Feature","properties":{"class":"building","osm_id":"way/277951857","building":"house"},"geometry":{"type":"Polygon","coordinates":[[[4.948598,52.374537],[4.948638,52.374409],[4.948576,52.374402],[4.948538,52.37453],[4.948598,52.374537]]]}},{"type":"Feature","properties":{"class":"building","osm_id":"way/277951860","building":"apartments"},"geometry":{"type":"Polygon","coordinates":[[[4.936831,52.371889],[4.936869,52.371728],[4.936535,52.371698],[4.936537,52.371694],[4.936228,52.371666],[4.93619,52.371826],[4.936831,52.371889]]]}},{"type":"Feature","properties":{"class":"building","osm_id":"way/277951861","building":"house"},"geometry":{"type":"Polygon","coordinates":[[[4.948714,52.374051],[4.948751,52.373925],[4.94869,52.373916],[4.948652,52.374045],[4.948714,52.374051]]]}},{"type":"Feature","properties":{"class":"building","osm_id":"way/277951863","building":"apartments"},"geometry":{"type":"Polygon","coordinates":[[[4.948964,52.37174],[4.948999,52.371622],[4.948869,52.371607],[4.948834,52.371725],[4.94884,52.371726],[4.948839,52.371729],[4.948964,52.37174]]]}},{"type":"Feature","properties":{"class":"building","osm_id":"way/277951864","building":"house"},"geometry":{"type":"Polygon","coordinates":[[[4.948676,52.374178],[4.948714,52.374051],[4.948652,52.374045],[4.948614,52.374173],[4.948676,52.374178]]]}},{"type":"Feature","properties":{"class":"building","osm_id":"way/277951867","building":"apartments"},"geometry":{"type":"Polygon","coordinates":[[[4.949221,52.371768],[4.949256,52.37165],[4.949129,52.371636],[4.949094,52.371754],[4.9491,52.371755],[4.949099,52.371758],[4.949145,52.371763],[4.949146,52.37176],[4.949221,52.371768]]]}},{"type":"Feature","properties":{"class":"building","osm_id":"way/277951868","building":"house"},"geometry":{"type":"Polygon","coordinates":[[[4.948275,52.37372],[4.94831,52.373601],[4.948231,52.373615],[4.948203,52.373712],[4.948275,52.37372]]]}},{"type":"Feature","properties":{"class":"building","osm_id":"way/277951869","building":"yes"},"geometry":{"type":"Polygon","coordinates":[[[4.942983,52.373183],[4.943023,52.373048],[4.942973,52.373042],[4.94296,52.373087],[4.942928,52.373084],[4.942915,52.373129],[4.942883,52.373125],[4.94287,52.37317],[4.942983,52.373183]]]}},{"type":"Feature","properties":{"class":"building","osm_id":"way/277951870","building":"house"},"geometry":{"type":"Polygon","coordinates":[[[4.9485,52.3737],[4.948541,52.37356],[4.948465,52.373573],[4.94843,52.373692],[4.9485,52.3737]]]}},{"type":"Feature","properties":{"class":"building","osm_id":"way/277951871","building":"apartments"},"geometry":{"type":"Polygon","coordinates":[[[4.948869,52.371607],[4.948904,52.371489],[4.948826,52.371481],[4.948827,52.371478],[4.948781,52.371472],[4.94878,52.371476],[4.948774,52.371475],[4.948739,52.371593],[4.948869,52.371607]]]}},{"type":"Feature","properties":{"class":"building","osm_id":"way/277951872","building":"apartments"},"geometry":{"type":"Polygon","coordinates":[[[4.949256,52.37165],[4.949291,52.371532],[4.949216,52.371524],[4.949217,52.371521],[4.949172,52.371516],[4.949171,52.371519],[4.949164,52.371518],[4.949129,52.371636],[4.949256,52.37165]]]}},{"type":"Feature","properties":{"class":"building","osm_id":"way/277951873","building":"house"},"geometry":{"type":"Polygon","coordinates":[[[4.945839,52.372034],[4.945737,52.371908],[4.945705,52.372015],[4.945793,52.372025],[4.945792,52.372029],[4.945839,52.372034]]]}},{"type":"Feature","properties":{"class":"building","osm_id":"way/277951877","building":"house"},"geometry":{"type":"Polygon","coordinates":[[[4.948116,52.373752],[4.948153,52.373629],[4.948074,52.373643],[4.948044,52.373744],[4.948116,52.373752]]]}},{"type":"Feature","properties":{"class":"building","osm_id":"way/277951878","building":"commercial"},"geometry":{"type":"Polygon","coordinates":[[[4.945677,52.374696],[4.945702,52.374614],[4.945455,52.374587],[4.945431,52.374669],[4.945614,52.37469],[4.945617,52.374682],[4.945676,52.374688],[4.945674,52.374696],[4.945677,52.374696]]]}},{"type":"Feature","properties":{"class":"building","osm_id":"way/277951879","building":"house"},"geometry":{"type":"Polygon","coordinates":[[[4.951677,52.372485],[4.951719,52.372343],[4.951657,52.372337],[4.951615,52.372478],[4.951668,52.372486],[4.951668,52.372484],[4.951677,52.372485]]]}},{"type":"Feature","properties":{"class":"building","osm_id":"way/277951880","building":"apartments"},"geometry":{"type":"Polygon","coordinates":[[[4.948811,52.372286],[4.948812,52.372281],[4.948809,52.372281],[4.948813,52.372268],[4.947159,52.372084],[4.947096,52.372296],[4.948749,52.37248],[4.948792,52.372334],[4.948796,52.372335],[4.948798,52.372329],[4.948795,52.372329],[4.948808,52.372286],[4.948811,52.372286]]]}},{"type":"Feature","properties":{"class":"building","osm_id":"way/277951881","building":"house"},"geometry":{"type":"Polygon","coordinates":[[[4.938956,52.373465],[4.938978,52.373391],[4.938917,52.373384],[4.938895,52.373459],[4.938956,52.373465]]]}},{"type":"Feature","properties":{"class":"building","osm_id":"way/277951884","building":"apartments"},"geometry":{"type":"Polygon","coordinates":[[[4.938849,52.373084],[4.938922,52.372835],[4.938929,52.372836],[4.93893,52.372833],[4.938688,52.372806],[4.938682,52.373071],[4.938854,52.373089],[4.938855,52.373087],[4.938849,52.373084]]]}},{"type":"Feature","properties":{"class":"building","osm_id":"way/277951885","building":"house"},"geometry":{"type":"Polygon","coordinates":[[[4.939503,52.373525],[4.939525,52.373452],[4.939464,52.373445],[4.939442,52.37352],[4.939503,52.373525]]]}},{"type":"Feature","properties":{"class":"building","osm_id":"way/277951887","building":"house"},"geometry":{"type":"Polygon","coordinates":[[[4.939017,52.373472],[4.939039,52.373397],[4.938978,52.373391],[4.938956,52.373466],[4.939017,52.373472]]]}},{"type":"Feature","properties":{"class":"building","osm_id":"way/277951888","building":"yes"},"geometry":{"type":"Polygon","coordinates":[[[4.945702,52.374614],[4.945766,52.374396],[4.945763,52.374396],[4.945761,52.374403],[4.945701,52.374397],[4.945703,52.374389],[4.94552,52.374369],[4.945455,52.374587],[4.945702,52.374614]]]}},{"type":"Feature","properties":{"class":"building","osm_id":"way/277951889","building":"apartments"},"geometry":{"type":"Polygon","coordinates":[[[4.939966,52.372847],[4.940055,52.372547],[4.939977,52.372538],[4.939888,52.372839],[4.939966,52.372847]]]}},{"type":"Feature","properties":{"class":"building","osm_id":"way/277951890","building":"house"},"geometry":{"type":"Polygon","coordinates":[[[4.939078,52.373478],[4.9391,52.373404],[4.939039,52.373397],[4.939016,52.373473],[4.939078,52.373478]]]}},{"type":"Feature","properties":{"class":"building","osm_id":"way/277951891","building":"school"},"geometry":{"type":"Polygon","coordinates":[[[4.94287,52.373439],[4.942919,52.373276],[4.942602,52.373241],[4.942345,52.373477],[4.943183,52.37357],[4.943259,52.373314],[4.943143,52.373301],[4.943095,52.373464],[4.94287,52.373439]]]}},{"type":"Feature","properties":{"class":"building","osm_id":"way/277951892","building":"house"},"geometry":{"type":"Polygon","coordinates":[[[4.939625,52.373539],[4.939647,52.373465],[4.939586,52.373458],[4.939564,52.373533],[4.939625,52.373539]]]}},{"type":"Feature","properties":{"class":"building","osm_id":"way/277951895","building":"house"},"geometry":{"type":"Polygon","coordinates":[[[4.939321,52.373505],[4.939343,52.373431],[4.939282,52.373424],[4.93926,52.3735],[4.939321,52.373505]]]}},{"type":"Feature","properties":{"class":"building","osm_id":"way/277951897","building":"house"},"geometry":{"type":"Polygon","coordinates":[[[4.939138,52.373485],[4.93916,52.373411],[4.9391,52.373404],[4.939077,52.373479],[4.939138,52.373485]]]}},{"type":"Feature","properties":{"class":"building","osm_id":"way/277951898","building":"apartments"},"geometry":{"type":"Polygon","coordinates":[[[4.950292,52.372651],[4.950356,52.372439],[4.949191,52.37231],[4.949171,52.372371],[4.949142,52.372425],[4.949146,52.372426],[4.949112,52.372476],[4.949121,52.372478],[4.949107,52.37252],[4.950292,52.372651]]]}},{"type":"Feature","properties":{"class":"building","osm_id":"way/277951899","building":"house"},"geometry":{"type":"Polygon","coordinates":[[[4.939382,52.373512],[4.939404,52.373438],[4.939343,52.373431],[4.939321,52.373506],[4.939382,52.373512]]]}},{"type":"Feature","properties":{"class":"building","osm_id":"way/277951900","building":"house"},"geometry":{"type":"Polygon","coordinates":[[[4.93926,52.373499],[4.939282,52.373424],[4.939221,52.373418],[4.939199,52.373493],[4.93926,52.373499]]]}},{"type":"Feature","properties":{"class":"building","osm_id":"way/277951901","building":"house"},"geometry":{"type":"Polygon","coordinates":[[[4.939199,52.373492],[4.939221,52.373418],[4.93916,52.373411],[4.939138,52.373486],[4.939199,52.373492]]]}},{"type":"Feature","properties":{"class":"building","osm_id":"way/277951902","building":"house"},"geometry":{"type":"Polygon","coordinates":[[[4.939564,52.373532],[4.939586,52.373458],[4.939525,52.373452],[4.939503,52.373527],[4.939564,52.373532]]]}},{"type":"Feature","properties":{"class":"building","osm_id":"way/277951903","building":"house"},"geometry":{"type":"Polygon","coordinates":[[[4.939443,52.373519],[4.939464,52.373445],[4.939404,52.373438],[4.939381,52.373513],[4.939443,52.373519]]]}},{"type":"Feature","properties":{"class":"building","osm_id":"way/448702736","building":"houseboat"},"geometry":{"type":"Polygon","coordinates":[[[4.940467,52.374223],[4.940428,52.374376],[4.940427,52.374395],[4.94043,52.37441],[4.940437,52.374417],[4.940451,52.37442],[4.940467,52.37442],[4.940476,52.374415],[4.940488,52.374401],[4.940496,52.374383],[4.940532,52.374243],[4.940533,52.374214],[4.940525,52.374198],[4.940512,52.374183],[4.940476,52.374209],[4.940467,52.374223]]]}},{"type":"Feature","properties":{"class":"building","osm_id":"way/448702740","building":"houseboat"},"geometry":{"type":"Polygon","coordinates":[[[4.938217,52.375237],[4.938283,52.375221],[4.93857,52.374981],[4.938574,52.374974],[4.938572,52.374963],[4.938566,52.374957],[4.938551,52.374951],[4.938533,52.374949],[4.938516,52.374954],[4.938218,52.375195],[4.938217,52.375237]]]}},{"type":"Feature","properties":{"class":"building","osm_id":"way/448702744","building":"houseboat"},"geometry":{"type":"Polygon","coordinates":[[[4.942164,52.375975],[4.942138,52.37628],[4.942226,52.376283],[4.942252,52.375978],[4.942164,52.375975]]]}},{"type":"Feature","properties":{"class":"building","osm_id":"way/448702747","building":"houseboat"},"geometry":{"type":"Polygon","coordinates":[[[4.942293,52.375979],[4.942267,52.376284],[4.942355,52.376287],[4.942381,52.375982],[4.942293,52.375979]]]}},{"type":"Feature","properties":{"class":"building","osm_id":"way/57857573","building":"yes"},"geometry":{"type":"Polygon","coordinates":[[[4.940279,52.377382],[4.940295,52.377204],[4.940292,52.377203],[4.940295,52.377162],[4.940298,52.377159],[4.940296,52.377159],[4.940299,52.377119],[4.940301,52.37712],[4.940301,52.377115],[4.940219,52.377112],[4.940219,52.377105],[4.939811,52.377127],[4.939809,52.377117],[4.939747,52.377121],[4.939749,52.37713],[4.939547,52.377141],[4.939546,52.377132],[4.939483,52.377135],[4.939484,52.377144],[4.939284,52.377156],[4.939283,52.377146],[4.93922,52.37715],[4.939222,52.377159],[4.93902,52.37717],[4.939019,52.377161],[4.938957,52.377164],[4.938958,52.377173],[4.938118,52.37722],[4.937611,52.377437],[4.93763,52.37757],[4.937752,52.377603],[4.94027,52.377465],[4.940277,52.377382],[4.940279,52.377382]]]}},{"type":"Feature","properties":{"class":"building","osm_id":"way/57857691","building":"retail"},"geometry":{"type":"Polygon","coordinates":[[[4.936043,52.37459],[4.935918,52.374321],[4.935119,52.374459],[4.935245,52.374729],[4.936043,52.37459]]]}},{"type":"Feature","properties":{"class":"building","osm_id":"way/57858682","building":"apartments"},"geometry":{"type":"Polygon","coordinates":[[[4.936422,52.376908],[4.936502,52.376891],[4.936434,52.376774],[4.936354,52.376792],[4.936332,52.376753],[4.936269,52.376767],[4.936264,52.376758],[4.935869,52.376846],[4.935884,52.37687],[4.935843,52.376879],[4.935922,52.377015],[4.935963,52.377006],[4.935991,52.377055],[4.936387,52.376969],[4.936383,52.376961],[4.936445,52.376947],[4.936422,52.376908]]]}},{"type":"Feature","properties":{"class":"building","osm_id":"way/57863590","building":"apartments"},"geometry":{"type":"Polygon","coordinates":[[[4.937101,52.376498],[4.937121,52.376272],[4.936797,52.376261],[4.93679,52.376339],[4.936164,52.376318],[4.936171,52.37624],[4.935056,52.376204],[4.935035,52.37643],[4.935363,52.376441],[4.935369,52.376363],[4.936413,52.376397],[4.936407,52.376475],[4.937101,52.376498]]]}},{"type":"Feature","properties":{"class":"building","osm_id":"way/57863651","building":"residential"},"geometry":{"type":"Polygon","coordinates":[[[4.939211,52.373839],[4.939309,52.374039],[4.939563,52.373992],[4.939465,52.373792],[4.939211,52.373839]]]}},{"type":"Feature","properties":{"class":"building","osm_id":"way/57864124","building":"apartments"},"geometry":{"type":"Polygon","coordinates":[[[4.941798,52.377416],[4.941808,52.377308],[4.941692,52.377304],[4.94169,52.37732],[4.94167,52.377319],[4.941673,52.377285],[4.941527,52.37728],[4.941519,52.377378],[4.941496,52.377377],[4.9415,52.377332],[4.941311,52.377327],[4.941305,52.3774],[4.941331,52.377401],[4.94133,52.377414],[4.941285,52.377412],[4.941249,52.377446],[4.941551,52.377496],[4.941593,52.377498],[4.941831,52.377475],[4.941814,52.37743],[4.94177,52.377428],[4.941772,52.377415],[4.941798,52.377416]]]}},{"type":"Feature","properties":{"class":"building","osm_id":"way/623069544","building":"houseboat"},"geometry":{"type":"Polygon","coordinates":[[[4.940544,52.374242],[4.940557,52.374231],[4.940577,52.374226],[4.940592,52.37424],[4.940593,52.374249],[4.940559,52.374398],[4.940546,52.374408],[4.940537,52.374412],[4.940524,52.374412],[4.940518,52.37441],[4.940509,52.374396],[4.940544,52.374242]]]}},{"type":"Feature","properties":{"class":"building","osm_id":"way/640148342","building":"service"},"geometry":{"type":"Polygon","coordinates":[[[4.948882,52.372852],[4.948983,52.372861],[4.948995,52.372821],[4.948894,52.372811],[4.948882,52.372852]]]}},{"type":"Feature","properties":{"class":"building","osm_id":"way/653237309","building":"apartments"},"geometry":{"type":"Polygon","coordinates":[[[4.944764,52.37492],[4.945186,52.374892],[4.945128,52.374566],[4.944857,52.374584],[4.944887,52.374756],[4.944737,52.374766],[4.944764,52.37492]]]}},{"type":"Feature","properties":{"class":"building","osm_id":"way/737380667","building":"garage"},"geometry":{"type":"Polygon","coordinates":[[[4.937998,52.376157],[4.938092,52.376229],[4.938116,52.376191],[4.938029,52.376123],[4.937998,52.376157]]]}},{"type":"Feature","properties":{"class":"building","osm_id":"way/737380686","building":"wall"},"geometry":{"type":"Polygon","coordinates":[[[4.936212,52.373324],[4.936214,52.373313],[4.936484,52.373343],[4.936473,52.373352],[4.936212,52.373324]]]}},{"type":"Feature","properties":{"class":"building","osm_id":"way/737380710","building":"wall"},"geometry":{"type":"Polygon","coordinates":[[[4.935926,52.373293],[4.93592,52.373284],[4.935899,52.373287],[4.935911,52.373279],[4.936164,52.373308],[4.936161,52.373318],[4.935926,52.373293]]]}}]}
